match_id,region,game_creation,game_version,queue_id,team_id,side,win,gold_15,damage_dealt,kills,wards_placed,match_duration_min,damage_per_min
EUW1_6996694805,EUW,1720375117320,14.13.598.9749,420,100,blue,1,5002.2,157265.0,51,77,35.666666666666664,4409.299065420561
EUW1_6996694805,EUW,1720375117320,14.13.598.9749,420,200,red,0,5189.4,147668.0,31,70,35.666666666666664,4140.22429906542
EUW1_6996738197,EUW,1720377624101,14.13.598.9749,420,100,blue,0,4784.4,44892.0,10,37,20.266666666666666,2215.065789473684
EUW1_6996738197,EUW,1720377624101,14.13.598.9749,420,200,red,1,6117.4,54175.0,28,30,20.266666666666666,2673.108552631579
EUW1_6997066405,EUW,1720396807823,14.13.598.9749,420,100,blue,1,5792.0,69781.0,24,38,22.9,3047.205240174673
EUW1_6997066405,EUW,1720396807823,14.13.598.9749,420,200,red,0,5040.2,40046.0,9,49,22.9,1748.7336244541486
EUW1_6997069997,EUW,1720396302925,14.13.598.9749,420,100,blue,1,539.8,231.0,0,1,1.9,121.57894736842105
EUW1_6997069997,EUW,1720396302925,14.13.598.9749,420,200,red,0,517.6,360.0,0,0,1.9,189.47368421052633
EUW1_6997389859,EUW,1720448606443,14.13.598.9749,420,100,blue,0,4993.8,147726.0,23,77,35.53333333333333,4157.392120075047
EUW1_6997389859,EUW,1720448606443,14.13.598.9749,420,200,red,1,4704.6,153854.0,39,69,35.53333333333333,4329.84990619137
EUW1_6997568789,EUW,1720459891979,14.13.598.9749,420,100,blue,1,5098.4,121798.0,34,57,32.766666666666666,3717.131230925738
EUW1_6997568789,EUW,1720459891979,14.13.598.9749,420,200,red,0,5455.4,127419.0,26,62,32.766666666666666,3888.677517802645
EUW1_6997627750,EUW,1720462948858,14.13.598.9749,420,100,blue,1,5727.4,140080.0,45,59,33.15,4225.641025641025
EUW1_6997627750,EUW,1720462948858,14.13.598.9749,420,200,red,0,5368.4,141169.0,39,70,33.15,4258.491704374058
EUW1_6997674138,EUW,1720465483052,14.13.598.9749,420,100,blue,0,5061.0,97633.0,17,65,34.11666666666667,2861.7391304347825
EUW1_6997674138,EUW,1720465483052,14.13.598.9749,420,200,red,1,5347.4,136683.0,46,79,34.11666666666667,4006.3409868099657
EUW1_7001120292,EUW,1720802644292,14.13.598.9749,420,100,blue,0,4949.0,56722.0,17,69,26.266666666666662,2159.4670050761424
EUW1_7001120292,EUW,1720802644292,14.13.598.9749,420,200,red,1,5061.6,90886.0,26,55,26.266666666666662,3460.1269035533
EUW1_7058661335,EUW,1722629576266,14.15.604.8769,420,100,blue,0,5038.8,94370.0,29,79,33.266666666666666,2836.7735470941884
EUW1_7058661335,EUW,1722629576266,14.15.604.8769,420,200,red,1,5467.4,118339.0,24,67,33.266666666666666,3557.2845691382768
EUW1_7058763672,EUW,1722631978223,14.15.604.8769,420,100,blue,1,5219.0,176167.0,37,70,39.0,4517.102564102564
EUW1_7058763672,EUW,1722631978223,14.15.604.8769,420,200,red,0,5127.0,147033.0,39,93,39.0,3770.076923076923
EUW1_7059379125,EUW,1722675271450,14.15.604.8769,420,100,blue,1,5686.8,90427.0,27,54,28.96666666666666,3121.7606444188727
EUW1_7059379125,EUW,1722675271450,14.15.604.8769,420,200,red,0,5083.2,73480.0,21,58,28.96666666666666,2536.708860759494
EUW1_7061116842,EUW,1722735130180,14.15.604.8769,420,100,blue,1,6087.0,108867.0,44,35,25.566666666666666,4258.161668839635
EUW1_7061116842,EUW,1722735130180,14.15.604.8769,420,200,red,0,5302.0,77020.0,21,50,25.566666666666666,3012.51629726206
EUW1_7070692719,EUW,1723232842785,14.15.607.22,420,100,blue,1,5790.2,80605.0,28,41,21.533333333333335,3743.2662538699688
EUW1_7070692719,EUW,1723232842785,14.15.607.22,420,200,red,0,4865.2,53125.0,6,58,21.533333333333335,2467.1052631578946
EUW1_7070738378,EUW,1723234520186,14.15.607.22,420,100,blue,1,6201.8,91730.0,33,49,24.1,3806.224066390041
EUW1_7070738378,EUW,1723234520186,14.15.607.22,420,200,red,0,5057.8,74749.0,19,50,24.1,3101.6182572614107
EUW1_7070807796,EUW,1723236468462,14.15.607.22,420,100,blue,0,5322.0,112045.0,31,45,30.05,3728.6189683860234
EUW1_7070807796,EUW,1723236468462,14.15.607.22,420,200,red,1,5556.2,124592.0,34,62,30.05,4146.1564059900165
EUW1_7072838035,EUW,1723369463407,14.15.607.22,420,100,blue,0,5225.2,96902.0,33,57,30.116666666666667,3217.5539568345325
EUW1_7072838035,EUW,1723369463407,14.15.607.22,420,200,red,1,6149.2,133033.0,41,68,30.116666666666667,4417.255118981738
EUW1_7072876455,EUW,1723371876710,14.15.607.22,420,100,blue,1,6063.4,70981.0,26,38,20.083333333333332,3534.3236514522823
EUW1_7072876455,EUW,1723371876710,14.15.607.22,420,200,red,0,4780.6,52907.0,11,35,20.083333333333332,2634.3734439834025
EUW1_7080279019,EUW,1723812520706,14.16.609.8277,420,100,blue,0,5242.4,71551.0,21,26,22.383333333333333,3196.619508562919
EUW1_7080279019,EUW,1723812520706,14.16.609.8277,420,200,red,1,7085.6,100425.0,44,35,22.383333333333333,4486.597170513775
EUW1_7087437290,EUW,1724265474201,14.16.609.8277,420,100,blue,1,5940.4,60853.0,27,31,20.45,2975.6968215158927
EUW1_7087437290,EUW,1724265474201,14.16.609.8277,420,200,red,0,4759.4,48792.0,12,32,20.45,2385.916870415648
EUW1_7087470402,EUW,1724267185556,14.16.609.8277,420,100,blue,1,6108.6,96991.0,37,30,22.416666666666668,4326.736059479554
EUW1_7087470402,EUW,1724267185556,14.16.609.8277,420,200,red,0,4702.6,66408.0,14,42,22.416666666666668,2962.438661710037
EUW1_7087557564,EUW,1724270483089,14.16.609.8277,420,100,blue,0,5336.0,74844.0,18,48,24.9,3005.783132530121
EUW1_7087557564,EUW,1724270483089,14.16.609.8277,420,200,red,1,5099.6,79051.0,26,57,24.9,3174.7389558232935
EUW1_7087614707,EUW,1724273079492,14.16.609.8277,420,100,blue,0,5002.6,95298.0,24,65,31.1,3064.2443729903534
EUW1_7087614707,EUW,1724273079492,14.16.609.8277,420,200,red,1,5531.0,124887.0,33,74,31.1,4015.659163987138
EUW1_7088278064,EUW,1724342873559,14.16.609.8277,420,100,blue,1,5480.2,96062.0,30,55,28.45,3376.5202108963094
EUW1_7088278064,EUW,1724342873559,14.16.609.8277,420,200,red,0,4762.6,86769.0,13,49,28.45,3049.8769771529
EUW1_7088370933,EUW,1724347487418,14.16.609.8277,420,100,blue,0,5933.0,115765.0,31,53,31.383333333333333,3688.7413701540095
EUW1_7088370933,EUW,1724347487418,14.16.609.8277,420,200,red,1,5074.8,129320.0,36,69,31.383333333333333,4120.658523632502
EUW1_7088436496,EUW,1724350632150,14.16.609.8277,420,100,blue,1,2072.2,8851.0,4,7,5.85,1512.9914529914531
EUW1_7088436496,EUW,1724350632150,14.16.609.8277,420,200,red,0,1549.4,6418.0,0,8,5.85,1097.094017094017
EUW1_7088451639,EUW,1724351491663,14.16.609.8277,420,100,blue,1,6153.8,147708.0,49,79,34.15,4325.270863836018
EUW1_7088451639,EUW,1724351491663,14.16.609.8277,420,200,red,0,5203.6,134400.0,34,62,34.15,3935.5783308931186
EUW1_7088509970,EUW,1724353993666,14.16.609.8277,420,100,blue,0,5395.6,67965.0,18,45,26.366666666666667,2577.6864728192163
EUW1_7088509970,EUW,1724353993666,14.16.609.8277,420,200,red,1,5689.2,87956.0,28,56,26.366666666666667,3335.8786346396964
EUW1_7088590073,EUW,1724357204831,14.16.609.8277,420,100,blue,0,4641.2,88702.0,16,66,29.3,3027.372013651877
EUW1_7088590073,EUW,1724357204831,14.16.609.8277,420,200,red,1,5101.0,118098.0,29,70,29.3,4030.6484641638226
EUW1_7088634270,EUW,1724359431973,14.16.609.8277,420,100,blue,1,6637.2,46139.0,20,28,15.216666666666665,3032.135815991238
EUW1_7088634270,EUW,1724359431973,14.16.609.8277,420,200,red,0,5300.6,33176.0,11,22,15.216666666666665,2180.240963855422
EUW1_7088726608,EUW,1724363312117,14.16.609.8277,420,100,blue,0,5224.2,72908.0,17,42,25.55,2853.542074363992
EUW1_7088726608,EUW,1724363312117,14.16.609.8277,420,200,red,1,5798.4,80198.0,33,29,25.55,3138.8649706457923
EUW1_7089324796,EUW,1724430022512,14.16.612.449,420,100,blue,0,5244.2,86285.0,22,56,26.95,3201.6697588126162
EUW1_7089324796,EUW,1724430022512,14.16.612.449,420,200,red,1,6702.4,102965.0,43,55,26.95,3820.5936920222634
EUW1_7090465715,EUW,1724521518982,14.16.612.449,420,100,blue,1,5722.2,53327.0,22,42,20.333333333333332,2622.6393442622953
EUW1_7090465715,EUW,1724521518982,14.16.612.449,420,200,red,0,4631.0,35547.0,7,34,20.333333333333332,1748.2131147540986
EUW1_7090482341,EUW,1724523153468,14.16.612.449,420,100,blue,1,5048.0,86829.0,30,48,25.616666666666667,3389.5510735198436
EUW1_7090482341,EUW,1724523153468,14.16.612.449,420,200,red,0,4784.0,60279.0,14,48,25.616666666666667,2353.1164606376055
EUW1_7090725938,EUW,1724535090381,14.16.612.449,420,100,blue,0,5752.8,132185.0,32,94,34.416666666666664,3840.7263922518164
EUW1_7090725938,EUW,1724535090381,14.16.612.449,420,200,red,1,5565.4,140579.0,34,70,34.416666666666664,4084.61985472155
EUW1_7091474198,EUW,1724603043475,14.16.612.449,420,100,blue,1,6379.8,134830.0,46,44,26.7,5049.812734082398
EUW1_7091474198,EUW,1724603043475,14.16.612.449,420,200,red,0,5253.4,123180.0,27,43,26.7,4613.483146067416
EUW1_7095430845,EUW,1724890043951,14.17.613.973,420,100,blue,1,5737.4,132761.0,31,69,32.583333333333336,4074.5063938618923
EUW1_7095430845,EUW,1724890043951,14.17.613.973,420,200,red,0,5114.2,97821.0,30,77,32.583333333333336,3002.1790281329922
EUW1_7096326190,EUW,1724952588561,14.17.613.5100,420,100,blue,0,5145.0,70959.0,15,28,19.866666666666667,3571.761744966443
EUW1_7096326190,EUW,1724952588561,14.17.613.5100,420,200,red,1,6232.6,73095.0,29,29,19.866666666666667,3679.278523489933
EUW1_7096366416,EUW,1724954203016,14.17.613.5100,420,100,blue,0,500.0,118.0,0,2,1.6833333333333331,70.09900990099011
EUW1_7096366416,EUW,1724954203016,14.17.613.5100,420,200,red,1,500.0,254.0,0,1,1.6833333333333331,150.8910891089109
EUW1_7096394717,EUW,1724954875541,14.17.613.5100,420,100,blue,1,6489.6,92563.0,39,45,23.75,3897.3894736842103
EUW1_7096394717,EUW,1724954875541,14.17.613.5100,420,200,red,0,5427.4,65548.0,18,48,23.75,2759.915789473684
EUW1_7103243458,EUW,1725319050251,14.17.614.2229,420,100,blue,1,6719.2,46140.0,26,20,16.333333333333332,2824.8979591836737
EUW1_7103243458,EUW,1725319050251,14.17.614.2229,420,200,red,0,3774.0,21965.0,2,11,16.333333333333332,1344.795918367347
EUW1_7103262462,EUW,1725320760828,14.17.614.2229,420,100,blue,1,5872.2,56590.0,31,30,18.533333333333335,3053.4172661870502
EUW1_7103262462,EUW,1725320760828,14.17.614.2229,420,200,red,0,5166.8,42014.0,9,30,18.533333333333335,2266.942446043165
EUW1_7105949278,EUW,1725494466859,14.17.615.2328,420,100,blue,0,4991.4,83100.0,19,52,24.05,3455.301455301455
EUW1_7105949278,EUW,1725494466859,14.17.615.2328,420,200,red,1,6265.0,95224.0,40,42,24.05,3959.4178794178792
EUW1_7106357171,EUW,1725542495263,14.17.615.2328,420,100,blue,1,6087.0,107646.0,30,66,26.68333333333333,4034.2036227357908
EUW1_7106357171,EUW,1725542495263,14.17.615.2328,420,200,red,0,5189.0,66392.0,18,66,26.68333333333333,2488.1449094316054
EUW1_7106405789,EUW,1725544678863,14.17.615.2328,420,100,blue,0,5533.4,57891.0,16,50,24.0,2412.125
EUW1_7106405789,EUW,1725544678863,14.17.615.2328,420,200,red,1,6006.4,99234.0,31,51,24.0,4134.75
EUW1_7106437435,EUW,1725546693157,14.17.615.2328,420,100,blue,1,5175.4,139861.0,43,59,36.5,3831.8082191780823
EUW1_7106437435,EUW,1725546693157,14.17.615.2328,420,200,red,0,5777.8,171555.0,37,100,36.5,4700.13698630137
EUW1_7106494160,EUW,1725549276699,14.17.615.2328,420,100,blue,0,5317.2,54634.0,17,37,23.066666666666666,2368.526011560694
EUW1_7106494160,EUW,1725549276699,14.17.615.2328,420,200,red,1,6140.8,82955.0,31,42,23.066666666666666,3596.315028901734
EUW1_7106609191,EUW,1725554386012,14.17.615.2328,420,100,blue,0,5165.8,146337.0,41,87,41.016666666666666,3567.7448191791955
EUW1_7106609191,EUW,1725554386012,14.17.615.2328,420,200,red,1,5224.8,175781.0,46,91,41.016666666666666,4285.599349857782
EUW1_7107828727,EUW,1725637664058,14.17.615.2328,420,100,blue,0,5014.4,85843.0,23,83,32.45,2645.392912172573
EUW1_7107828727,EUW,1725637664058,14.17.615.2328,420,200,red,1,6208.6,106486.0,40,52,32.45,3281.540832049306
EUW1_7107879148,EUW,1725640121608,14.17.615.2328,420,100,blue,0,5375.8,81734.0,23,65,25.116666666666667,3254.1738553417385
EUW1_7107879148,EUW,1725640121608,14.17.615.2328,420,200,red,1,6041.6,87035.0,32,48,25.116666666666667,3465.2289316522892
EUW1_7108195427,EUW,1725653557373,14.17.615.2328,420,100,blue,1,5696.4,134049.0,44,96,36.983333333333334,3624.5786390265885
EUW1_7108195427,EUW,1725653557373,14.17.615.2328,420,200,red,0,5148.8,144378.0,33,78,36.983333333333334,3903.86660657954
EUW1_7109000720,EUW,1725715907086,14.17.615.2328,420,100,blue,0,4894.6,111146.0,20,64,34.56666666666667,3215.4098360655735
EUW1_7109000720,EUW,1725715907086,14.17.615.2328,420,200,red,1,5715.4,144947.0,34,97,34.56666666666667,4193.259402121504
EUW1_7109422923,EUW,1725734954100,14.17.615.2328,420,100,blue,1,6917.6,28680.0,17,28,15.98333333333333,1794.3691345151203
EUW1_7109422923,EUW,1725734954100,14.17.615.2328,420,200,red,0,4262.2,18879.0,3,21,15.98333333333333,1181.167883211679
EUW1_7109455192,EUW,1725736289059,14.17.615.2328,420,100,blue,0,5223.0,81229.0,17,31,25.75,3154.5242718446602
EUW1_7109455192,EUW,1725736289059,14.17.615.2328,420,200,red,1,6596.4,96514.0,43,48,25.75,3748.116504854369
EUW1_7120904388,EUW,1726518374210,14.18.616.8335,420,100,blue,1,5347.0,131218.0,37,61,28.81666666666667,4553.545401966454
EUW1_7120904388,EUW,1726518374210,14.18.616.8335,420,200,red,0,5299.2,111943.0,20,58,28.81666666666667,3884.661654135338
EUW1_7125135498,EUW,1726853497092,14.18.618.2357,420,100,blue,1,5528.6,79575.0,27,59,24.433333333333334,3256.8212824010916
EUW1_7125135498,EUW,1726853497092,14.18.618.2357,420,200,red,0,5741.6,78427.0,26,59,24.433333333333334,3209.8362892223736
EUW1_7125181524,EUW,1726855746017,14.18.618.2357,420,100,blue,1,5455.6,184256.0,50,107,41.81666666666667,4406.281387006775
EUW1_7125181524,EUW,1726855746017,14.18.618.2357,420,200,red,0,5421.6,203241.0,35,109,41.81666666666667,4860.28696691909
EUW1_7126080136,EUW,1726926303548,14.18.618.2357,420,100,blue,0,5677.4,175383.0,47,96,42.6,4116.971830985915
EUW1_7126080136,EUW,1726926303548,14.18.618.2357,420,200,red,1,5254.2,212658.0,49,109,42.6,4991.971830985915
EUW1_7129048811,EUW,1727122470877,14.18.618.2357,420,100,blue,1,5831.0,84900.0,29,45,23.883333333333333,3554.780181437544
EUW1_7129048811,EUW,1727122470877,14.18.618.2357,420,200,red,0,5121.8,74729.0,12,61,23.883333333333333,3128.9183531053736
EUW1_7129091945,EUW,1727124186225,14.18.618.2357,420,100,blue,0,4387.8,34891.0,6,46,20.9,1669.4258373205744
EUW1_7129091945,EUW,1727124186225,14.18.618.2357,420,200,red,1,6608.2,59375.0,25,28,20.9,2840.909090909091
EUW1_7129353928,EUW,1727156914266,14.18.618.2357,420,100,blue,1,5105.4,233369.0,50,63,41.63333333333333,5605.340272217774
EUW1_7129353928,EUW,1727156914266,14.18.618.2357,420,200,red,0,5084.8,171167.0,39,88,41.63333333333333,4111.297037630105
EUW1_7129365826,EUW,1727160120291,14.18.618.2357,420,100,blue,1,5800.8,100008.0,28,51,26.6,3759.6992481203006
EUW1_7129365826,EUW,1727160120291,14.18.618.2357,420,200,red,0,6399.8,106952.0,37,69,26.6,4020.751879699248
EUW1_7129372259,EUW,1727162253366,14.18.618.2357,420,100,blue,0,4949.2,49646.0,13,50,25.383333333333333,1955.8502954694682
EUW1_7129372259,EUW,1727162253366,14.18.618.2357,420,200,red,1,5403.4,82286.0,31,69,25.383333333333333,3241.7334208798425
EUW1_7129380363,EUW,1727164176058,14.18.618.2357,420,100,blue,0,4318.6,38859.0,9,38,21.65,1794.8729792147808
EUW1_7129380363,EUW,1727164176058,14.18.618.2357,420,200,red,1,5587.0,60892.0,29,40,21.65,2812.5635103926097
EUW1_7129393418,EUW,1727166079934,14.18.618.2357,420,100,blue,1,4979.8,136333.0,26,67,31.916666666666668,4271.530026109661
EUW1_7129393418,EUW,1727166079934,14.18.618.2357,420,200,red,0,5107.6,99185.0,25,84,31.916666666666668,3107.6240208877284
EUW1_7134137758,EUW,1727536806478,14.19.621.6353,420,100,blue,1,5935.0,75783.0,30,39,23.033333333333335,3290.144717800289
EUW1_7134137758,EUW,1727536806478,14.19.621.6353,420,200,red,0,5454.4,64792.0,15,50,23.033333333333335,2812.9667149059333
EUW1_7134179491,EUW,1727538632095,14.19.621.6353,420,100,blue,1,5893.4,144364.0,52,57,32.36666666666667,4460.267765190525
EUW1_7134179491,EUW,1727538632095,14.19.621.6353,420,200,red,0,6113.4,116342.0,34,78,32.36666666666667,3594.5005149330586
EUW1_7134229711,EUW,1727541102402,14.19.621.6353,420,100,blue,0,5334.8,64669.0,18,51,23.483333333333334,2753.8254080908446
EUW1_7134229711,EUW,1727541102402,14.19.621.6353,420,200,red,1,5835.0,74770.0,26,49,23.483333333333334,3183.960255500355
EUW1_7134996518,EUW,1727604339587,14.19.621.6353,420,100,blue,1,5801.0,105758.0,31,51,28.95,3653.1260794473233
EUW1_7134996518,EUW,1727604339587,14.19.621.6353,420,200,red,0,5091.0,74932.0,14,68,28.95,2588.3246977547496
EUW1_7136964662,EUW,1727732334729,14.19.621.6353,420,100,blue,0,5012.0,82307.0,21,52,28.3,2908.3745583038867
EUW1_7136964662,EUW,1727732334729,14.19.621.6353,420,200,red,1,6292.6,76472.0,22,58,28.3,2702.190812720848
EUW1_7138558055,EUW,1727884376195,14.19.622.3713,420,100,blue,0,5564.0,60335.0,16,41,23.916666666666668,2522.717770034843
EUW1_7138558055,EUW,1727884376195,14.19.622.3713,420,200,red,1,5503.0,83726.0,30,50,23.916666666666668,3500.738675958188
EUW1_7138604137,EUW,1727886747030,14.19.622.3713,420,100,blue,0,5991.2,91079.0,23,48,24.783333333333335,3675.010087424344
EUW1_7138604137,EUW,1727886747030,14.19.622.3713,420,200,red,1,5994.6,117128.0,37,65,24.783333333333335,4726.079354404842
EUW1_7138660664,EUW,1727889176102,14.19.622.3713,420,100,blue,1,6018.4,84987.0,38,40,23.683333333333334,3588.4729064039407
EUW1_7138660664,EUW,1727889176102,14.19.622.3713,420,200,red,0,5440.6,56354.0,18,34,23.683333333333334,2379.479239971851
EUW1_7139512404,EUW,1727965080335,14.19.622.3713,420,100,blue,0,5400.4,177502.0,41,82,38.833333333333336,4570.866952789699
EUW1_7139512404,EUW,1727965080335,14.19.622.3713,420,200,red,1,5038.0,152437.0,38,71,38.833333333333336,3925.4163090128754
EUW1_7142903173,EUW,1728225529356,14.19.622.3713,420,100,blue,0,5154.4,153911.0,41,108,41.81666666666667,3680.613790354723
EUW1_7142903173,EUW,1728225529356,14.19.622.3713,420,200,red,1,5757.8,184740.0,40,74,41.81666666666667,4417.855719410123
EUW1_7144021010,EUW,1728315478336,14.19.622.3713,420,100,blue,1,5267.0,83542.0,30,46,24.466666666666665,3414.523160762943
EUW1_7144021010,EUW,1728315478336,14.19.622.3713,420,200,red,0,5386.0,53220.0,15,33,24.466666666666665,2175.2043596730246
EUW1_7147659022,EUW,1728602280189,14.20.623.6777,420,100,blue,0,5023.6,123166.0,26,45,31.46666666666666,3914.17372881356
EUW1_7147659022,EUW,1728602280189,14.20.623.6777,420,200,red,1,5476.4,135630.0,33,62,31.46666666666666,4310.2754237288145
EUW1_7148198747,EUW,1728665284012,14.20.623.6777,420,100,blue,0,5394.0,101521.0,28,61,29.65,3423.9797639123103
EUW1_7148198747,EUW,1728665284012,14.20.623.6777,420,200,red,1,5574.8,107894.0,39,50,29.65,3638.920741989882
EUW1_7151459173,EUW,1728913572392,14.20.623.6777,420,100,blue,1,5438.4,199057.0,41,76,36.63333333333333,5433.767060964513
EUW1_7151459173,EUW,1728913572392,14.20.623.6777,420,200,red,0,5197.6,155333.0,35,75,36.63333333333333,4240.209281164695
EUW1_7151628913,EUW,1728923036936,14.20.623.6777,420,100,blue,1,5564.4,121618.0,36,71,33.18333333333333,3665.0326469111005
EUW1_7151628913,EUW,1728923036936,14.20.623.6777,420,200,red,0,5649.4,109326.0,30,78,33.18333333333333,3294.605725765947
EUW1_7159270311,EUW,1729518428978,14.20.623.6777,420,100,blue,0,5280.8,42883.0,11,29,16.933333333333334,2532.4606299212596
EUW1_7159270311,EUW,1729518428978,14.20.623.6777,420,200,red,1,6097.6,42401.0,17,38,16.933333333333334,2503.996062992126
EUW1_7163575683,EUW,1729860219039,14.21.629.951,420,100,blue,1,5716.6,112918.0,39,66,29.483333333333338,3829.892594686263
EUW1_7163575683,EUW,1729860219039,14.21.629.951,420,200,red,0,5004.4,98987.0,23,55,29.483333333333338,3357.388355002826
EUW1_7163612596,EUW,1729862682450,14.21.629.951,420,100,blue,0,6103.2,135061.0,45,64,34.266666666666666,3941.4688715953307
EUW1_7163612596,EUW,1729862682450,14.21.629.951,420,200,red,1,4579.8,148782.0,39,75,34.266666666666666,4341.887159533074
EUW1_7171355647,EUW,1730471874849,14.21.630.3012,420,100,blue,1,5270.2,120899.0,32,56,32.6,3708.558282208589
EUW1_7171355647,EUW,1730471874849,14.21.630.3012,420,200,red,0,4608.0,102101.0,24,61,32.6,3131.932515337423
EUW1_7171765649,EUW,1730491771763,14.21.630.3012,420,100,blue,0,4720.2,129447.0,27,72,37.86666666666667,3418.4947183098593
EUW1_7171765649,EUW,1730491771763,14.21.630.3012,420,200,red,1,4814.0,131372.0,37,100,37.86666666666667,3469.330985915493
EUW1_7172879421,EUW,1730581004079,14.21.630.3012,420,100,blue,1,5193.6,102518.0,28,48,28.883333333333333,3549.382573571841
EUW1_7172879421,EUW,1730581004079,14.21.630.3012,420,200,red,0,4932.8,78584.0,19,36,28.883333333333333,2720.7386035776112
EUW1_7179596172,EUW,1731100800759,14.22.633.1362,420,100,blue,1,5657.6,65349.0,21,51,20.883333333333333,3129.2418196328813
EUW1_7179596172,EUW,1731100800759,14.22.633.1362,420,200,red,0,5023.2,47705.0,12,26,20.883333333333333,2284.3575418994415
EUW1_7183902112,EUW,1731408917181,14.22.633.1362,420,100,blue,1,6404.6,133572.0,57,59,32.95,4053.778452200303
EUW1_7183902112,EUW,1731408917181,14.22.633.1362,420,200,red,0,5867.4,142938.0,34,44,32.95,4338.027314112291
EUW1_7184198134,EUW,1731430209855,14.22.633.1362,420,100,blue,1,5014.0,123908.0,32,59,28.18333333333333,4396.499112950917
EUW1_7184198134,EUW,1731430209855,14.22.633.1362,420,200,red,0,4587.2,81449.0,20,46,28.18333333333333,2889.970431697221
EUW1_7184477691,EUW,1731441519705,14.22.633.1362,420,100,blue,1,4982.0,189389.0,56,64,40.766666666666666,4645.6827473426
EUW1_7184477691,EUW,1731441519705,14.22.633.1362,420,200,red,0,4812.6,172223.0,38,85,40.766666666666666,4224.603434178251
EUW1_7185076168,EUW,1731505151367,14.22.633.1362,420,100,blue,0,4545.2,63285.0,24,30,26.93333333333333,2349.690594059406
EUW1_7185076168,EUW,1731505151367,14.22.633.1362,420,200,red,1,5890.6,67933.0,17,58,26.93333333333333,2522.264851485149
EUW1_7185132956,EUW,1731509026036,14.22.633.1362,420,100,blue,0,4952.6,86084.0,14,62,28.65,3004.6771378708554
EUW1_7185132956,EUW,1731509026036,14.22.633.1362,420,200,red,1,5245.8,113300.0,26,49,28.65,3954.624781849913
EUW1_7185270797,EUW,1731516671059,14.22.633.1362,420,100,blue,0,4881.4,48710.0,9,33,21.5,2265.5813953488373
EUW1_7185270797,EUW,1731516671059,14.22.633.1362,420,200,red,1,6664.0,85359.0,45,35,21.5,3970.186046511628
EUW1_7185306527,EUW,1731518350700,14.22.633.1362,420,100,blue,0,5385.8,88859.0,28,48,28.583333333333332,3108.7696793002915
EUW1_7185306527,EUW,1731518350700,14.22.633.1362,420,200,red,1,6699.0,125415.0,47,91,28.583333333333332,4387.696793002916
EUW1_7192680790,EUW,1732051203513,14.22.635.4945,420,100,blue,0,5619.8,92203.0,30,68,31.483333333333338,2928.6289041821065
EUW1_7192680790,EUW,1732051203513,14.22.635.4945,420,200,red,1,5983.2,117142.0,34,62,31.483333333333338,3720.762308099523
EUW1_7200193038,EUW,1732478849023,14.23.636.9832,420,100,blue,1,5589.6,89130.0,35,62,25.883333333333333,3443.528654217643
EUW1_7200193038,EUW,1732478849023,14.23.636.9832,420,200,red,0,5086.0,63398.0,19,71,25.883333333333333,2449.375402446877
EUW1_7201150521,EUW,1732547982390,14.23.636.9832,420,100,blue,1,5334.6,116482.0,39,52,25.416666666666668,4582.898360655738
EUW1_7201150521,EUW,1732547982390,14.23.636.9832,420,200,red,0,4803.6,69135.0,16,35,25.416666666666668,2720.0655737704915
EUW1_7202976111,EUW,1732647040471,14.23.636.9832,420,100,blue,0,5406.6,49483.0,15,45,18.816666666666666,2629.7431355181575
EUW1_7202976111,EUW,1732647040471,14.23.636.9832,420,200,red,1,5390.4,57060.0,21,36,18.816666666666666,3032.4180690876883
EUW1_7203030507,EUW,1732648654672,14.23.636.9832,420,100,blue,1,5609.8,129881.0,39,63,29.266666666666662,4437.847380410023
EUW1_7203030507,EUW,1732648654672,14.23.636.9832,420,200,red,0,4891.6,72875.0,19,56,29.266666666666662,2490.0341685649205
EUW1_7205185423,EUW,1732777712140,14.23.636.9832,420,100,blue,1,6884.6,113554.0,41,50,26.616666666666667,4266.2742642454605
EUW1_7205185423,EUW,1732777712140,14.23.636.9832,420,200,red,0,4849.8,82047.0,32,72,26.616666666666667,3082.5422667501566
EUW1_7205986631,EUW,1732822324753,14.23.636.9832,420,100,blue,1,5762.2,115900.0,36,60,32.0,3621.875
EUW1_7205986631,EUW,1732822324753,14.23.636.9832,420,200,red,0,5332.6,130492.0,37,64,32.0,4077.875
EUW1_7206064609,EUW,1732824690487,14.23.636.9832,420,100,blue,0,4872.2,124929.0,24,70,35.1,3559.230769230769
EUW1_7206064609,EUW,1732824690487,14.23.636.9832,420,200,red,1,5735.4,176231.0,41,65,35.1,5020.826210826211
EUW1_7207635330,EUW,1732915349333,14.23.636.9832,420,100,blue,1,5448.6,153327.0,51,51,32.916666666666664,4658.035443037975
EUW1_7207635330,EUW,1732915349333,14.23.636.9832,420,200,red,0,4909.6,115152.0,31,52,32.916666666666664,3498.288607594937
EUW1_7207713439,EUW,1732917707975,14.23.636.9832,420,100,blue,1,526.4,267.0,0,2,1.8,148.33333333333334
EUW1_7207713439,EUW,1732917707975,14.23.636.9832,420,200,red,0,620.4,703.0,1,1,1.8,390.55555555555554
EUW1_7207740995,EUW,1732918299954,14.23.636.9832,420,100,blue,1,5449.8,186703.0,42,76,38.31666666666667,4872.631578947368
EUW1_7207740995,EUW,1732918299954,14.23.636.9832,420,200,red,0,4790.2,179642.0,61,71,38.31666666666667,4688.351457155284
EUW1_7212261102,EUW,1733172704588,14.23.636.9832,420,100,blue,1,5483.2,151198.0,32,77,35.5,4259.098591549296
EUW1_7212261102,EUW,1733172704588,14.23.636.9832,420,200,red,0,4837.8,117391.0,31,77,35.5,3306.788732394366
EUW1_7212351014,EUW,1733175229813,14.23.636.9832,420,100,blue,1,5901.2,90812.0,38,42,23.766666666666666,3820.981767180926
EUW1_7212351014,EUW,1733175229813,14.23.636.9832,420,200,red,0,4328.6,63804.0,13,43,23.766666666666666,2684.600280504909
EUW1_7212412144,EUW,1733177198809,14.23.636.9832,420,100,blue,1,4791.6,157187.0,45,53,34.11666666666667,4607.33756717147
EUW1_7212412144,EUW,1733177198809,14.23.636.9832,420,200,red,0,4447.6,131333.0,25,57,34.11666666666667,3849.5261358085004
EUW1_7217636188,EUW,1733521085362,14.23.636.9832,420,100,blue,0,5620.2,157849.0,43,56,35.083333333333336,4499.25890736342
EUW1_7217636188,EUW,1733521085362,14.23.636.9832,420,200,red,1,5679.8,150897.0,50,70,35.083333333333336,4301.1021377672205
EUW1_7220112963,EUW,1733680423426,14.23.636.9832,420,100,blue,0,5185.6,73631.0,14,41,25.4,2898.8582677165355
EUW1_7220112963,EUW,1733680423426,14.23.636.9832,420,200,red,1,5624.8,97290.0,32,44,25.4,3830.3149606299216
EUW1_7220176264,EUW,1733682796083,14.23.636.9832,420,100,blue,0,5134.0,41701.0,12,46,20.766666666666666,2008.0738362760835
EUW1_7220176264,EUW,1733682796083,14.23.636.9832,420,200,red,1,5562.0,59846.0,19,24,20.766666666666666,2881.829855537721
EUW1_7220439995,EUW,1733691372398,14.23.636.9832,420,100,blue,1,5810.6,100880.0,32,50,26.65,3785.3658536585367
EUW1_7220439995,EUW,1733691372398,14.23.636.9832,420,200,red,0,5116.8,86358.0,17,49,26.65,3240.4502814258913
EUW1_7220512477,EUW,1733693583780,14.23.636.9832,420,100,blue,0,5202.6,132377.0,39,70,32.71666666666667,4046.164034640856
EUW1_7220512477,EUW,1733693583780,14.23.636.9832,420,200,red,1,5581.8,140036.0,46,66,32.71666666666667,4280.264900662251
EUW1_7220689873,EUW,1733701902138,14.23.636.9832,420,100,blue,1,5795.2,130441.0,28,56,32.81666666666667,3974.8400203148803
EUW1_7220689873,EUW,1733701902138,14.23.636.9832,420,200,red,0,5457.4,123923.0,24,69,32.81666666666667,3776.2214321990855
EUW1_7220723704,EUW,1733704381824,14.23.636.9832,420,100,blue,1,6185.6,71326.0,21,54,23.95,2978.12108559499
EUW1_7220723704,EUW,1733704381824,14.23.636.9832,420,200,red,0,4286.6,41907.0,5,47,23.95,1749.7703549060543
EUW1_7223615771,EUW,1733933637907,14.24.642.1879,420,100,blue,1,5904.4,186145.0,53,77,35.666666666666664,5219.018691588785
EUW1_7223615771,EUW,1733933637907,14.24.642.1879,420,200,red,0,4780.2,125695.0,36,83,35.666666666666664,3524.1588785046733
EUW1_7223674062,EUW,1733936161057,14.24.642.1879,420,100,blue,1,5527.6,143776.0,35,69,32.516666666666666,4421.609431060994
EUW1_7223674062,EUW,1733936161057,14.24.642.1879,420,200,red,0,5474.8,165504.0,39,48,32.516666666666666,5089.820604818042
EUW1_7225572499,EUW,1734045291969,14.24.642.1879,420,100,blue,1,5117.6,68558.0,24,57,25.283333333333335,2711.588661832564
EUW1_7225572499,EUW,1734045291969,14.24.642.1879,420,200,red,0,5457.4,67987.0,15,56,25.283333333333335,2689.004614370468
EUW1_7226649719,EUW,1734125264763,14.24.643.5128,420,100,blue,1,5494.4,110880.0,51,54,29.366666666666667,3775.709421112372
EUW1_7226649719,EUW,1734125264763,14.24.643.5128,420,200,red,0,4164.2,75713.0,21,46,29.366666666666667,2578.1952326901246
EUW1_7226706292,EUW,1734127357180,14.24.643.5128,420,100,blue,1,4868.8,102108.0,33,38,25.416666666666668,4017.363934426229
EUW1_7226706292,EUW,1734127357180,14.24.643.5128,420,200,red,0,4189.0,60597.0,11,40,25.416666666666668,2384.1442622950817
EUW1_7226820308,EUW,1734131584879,14.24.643.5128,420,100,blue,1,6756.4,86421.0,36,43,23.05,3749.284164859002
EUW1_7226820308,EUW,1734131584879,14.24.643.5128,420,200,red,0,4641.8,62818.0,24,30,23.05,2725.2928416485897
EUW1_7226868118,EUW,1734133668390,14.24.643.5128,420,100,blue,0,515.2,435.0,0,1,1.9,228.94736842105263
EUW1_7226868118,EUW,1734133668390,14.24.643.5128,420,200,red,1,540.8,702.0,0,1,1.9,369.47368421052636
EUW1_7226963490,EUW,1734139070982,14.24.643.5128,420,100,blue,1,1541.2,3683.0,2,4,4.733333333333333,778.0985915492957
EUW1_7226963490,EUW,1734139070982,14.24.643.5128,420,200,red,0,1305.2,3403.0,0,2,4.733333333333333,718.9436619718309
EUW1_7226968527,EUW,1734139804695,14.24.643.5128,420,100,blue,1,6321.8,118091.0,41,53,24.45,4829.897750511248
EUW1_7226968527,EUW,1734139804695,14.24.643.5128,420,200,red,0,5597.8,74526.0,23,43,24.45,3048.0981595092026
EUW1_7228055169,EUW,1734212127903,14.24.643.5128,420,100,blue,0,4838.6,143997.0,37,77,37.61666666666667,3828.010633584404
EUW1_7228055169,EUW,1734212127903,14.24.643.5128,420,200,red,1,5646.6,136031.0,32,72,37.61666666666667,3616.2428001772264
EUW1_7228138516,EUW,1734214806024,14.24.643.5128,420,100,blue,0,4548.8,51162.0,19,57,24.966666666666665,2049.212283044059
EUW1_7228138516,EUW,1734214806024,14.24.643.5128,420,200,red,1,5011.2,86957.0,35,41,24.966666666666665,3482.9238985313755
EUW1_7228183119,EUW,1734216630205,14.24.643.5128,420,100,blue,0,4773.2,120735.0,29,66,35.5,3400.9859154929577
EUW1_7228183119,EUW,1734216630205,14.24.643.5128,420,200,red,1,5404.0,156775.0,44,69,35.5,4416.197183098591
EUW1_7228362460,EUW,1734225362163,14.24.643.5128,420,100,blue,0,5695.6,176684.0,39,88,41.03333333333333,4305.865150284322
EUW1_7228362460,EUW,1734225362163,14.24.643.5128,420,200,red,1,5261.6,163565.0,39,91,41.03333333333333,3986.149471974005
EUW1_7228803292,EUW,1734271364312,14.24.643.5128,420,100,blue,0,4631.0,120691.0,19,72,34.483333333333334,3499.9806669888835
EUW1_7228803292,EUW,1734271364312,14.24.643.5128,420,200,red,1,5220.6,135847.0,30,67,34.483333333333334,3939.4973417109713
EUW1_7228863071,EUW,1734273789128,14.24.643.5128,420,100,blue,1,4807.2,112819.0,29,66,35.38333333333333,3188.4785680640603
EUW1_7228863071,EUW,1734273789128,14.24.643.5128,420,200,red,0,4717.8,121256.0,25,53,35.38333333333333,3426.9241639189827
EUW1_7228942094,EUW,1734276894272,14.24.643.5128,420,100,blue,1,4547.0,188750.0,31,76,34.85,5416.068866571019
EUW1_7228942094,EUW,1734276894272,14.24.643.5128,420,200,red,0,4854.0,116807.0,25,65,34.85,3351.7073170731705
EUW1_7229016767,EUW,1734279612168,14.24.643.5128,420,100,blue,1,5015.2,164500.0,42,69,35.36666666666667,4651.272384542884
EUW1_7229016767,EUW,1734279612168,14.24.643.5128,420,200,red,0,4915.4,148139.0,41,63,35.36666666666667,4188.6616399623
EUW1_7229134169,EUW,1734283691653,14.24.643.5128,420,100,blue,0,5589.8,101544.0,37,78,28.666666666666668,3542.232558139535
EUW1_7229134169,EUW,1734283691653,14.24.643.5128,420,200,red,1,5177.6,101761.0,38,52,28.666666666666668,3549.802325581395
EUW1_7229677389,EUW,1734300108212,14.24.643.5128,420,100,blue,1,5582.0,144329.0,55,55,33.4,4321.22754491018
EUW1_7229677389,EUW,1734300108212,14.24.643.5128,420,200,red,0,5237.6,129856.0,41,59,33.4,3887.9041916167666
EUW1_7229951502,EUW,1734321473690,14.24.643.5128,420,100,blue,1,5745.4,92815.0,42,46,25.55,3632.6810176125246
EUW1_7229951502,EUW,1734321473690,14.24.643.5128,420,200,red,0,5131.8,64439.0,13,46,25.55,2522.074363992172
EUW1_7230829307,EUW,1734380667711,14.24.643.5128,420,100,blue,0,4160.8,118276.0,25,68,34.71666666666667,3406.8939030244837
EUW1_7230829307,EUW,1734380667711,14.24.643.5128,420,200,red,1,4933.6,148083.0,35,53,34.71666666666667,4265.472875660105
EUW1_7230912297,EUW,1734383186034,14.24.643.5128,420,100,blue,1,4869.4,216392.0,55,87,41.45,5220.554885404101
EUW1_7230912297,EUW,1734383186034,14.24.643.5128,420,200,red,0,4985.4,186166.0,43,69,41.45,4491.338962605549
EUW1_7232122277,EUW,1734468452488,14.24.644.2327,420,100,blue,1,5268.2,145715.0,41,39,29.883333333333333,4876.129392080313
EUW1_7232122277,EUW,1734468452488,14.24.644.2327,420,200,red,0,4808.8,98411.0,26,40,29.883333333333333,3293.1734523145565
EUW1_7232213646,EUW,1734471108910,14.24.644.2327,420,100,blue,0,4964.6,51592.0,21,47,24.383333333333333,2115.8714969241287
EUW1_7232213646,EUW,1734471108910,14.24.644.2327,420,200,red,1,5018.8,78350.0,31,53,24.383333333333333,3213.2604237867395
EUW1_7233425241,EUW,1734557779229,14.24.644.2327,420,100,blue,1,4880.4,200965.0,32,113,53.6,3749.347014925373
EUW1_7233425241,EUW,1734557779229,14.24.644.2327,420,200,red,0,4737.8,188747.0,52,115,53.6,3521.3992537313434
EUW1_7240062725,EUW,1734986159950,14.24.644.2327,420,100,blue,0,4459.4,129633.0,26,71,37.766666666666666,3432.4713150926746
EUW1_7240062725,EUW,1734986159950,14.24.644.2327,420,200,red,1,5544.0,201258.0,38,63,37.766666666666666,5328.984995586938
EUW1_7240145485,EUW,1734988884531,14.24.644.2327,420,100,blue,1,4991.0,131670.0,39,71,37.6,3501.8617021276596
EUW1_7240145485,EUW,1734988884531,14.24.644.2327,420,200,red,0,5170.2,119925.0,29,61,37.6,3189.4946808510635
EUW1_7247030745,EUW,1735485326479,14.24.644.2327,420,100,blue,1,4620.8,72161.0,23,41,26.266666666666662,2747.2461928934017
EUW1_7247030745,EUW,1735485326479,14.24.644.2327,420,200,red,0,4318.4,58537.0,11,56,26.266666666666662,2228.565989847716
EUW1_7253793792,EUW,1735939700110,14.24.644.2327,420,100,blue,1,5037.2,138389.0,39,53,33.016666666666666,4191.4891468955075
EUW1_7253793792,EUW,1735939700110,14.24.644.2327,420,200,red,0,5077.6,117118.0,35,63,33.016666666666666,3547.238768298839
EUW1_7254929388,EUW,1736018221960,14.24.644.2327,420,100,blue,1,4829.6,156349.0,41,66,33.733333333333334,4634.851778656126
EUW1_7254929388,EUW,1736018221960,14.24.644.2327,420,200,red,0,4622.2,117720.0,23,49,33.733333333333334,3489.7233201581025
EUW1_7257656923,EUW,1736192244636,14.24.644.2327,420,100,blue,1,5068.0,143879.0,46,76,37.05,3883.3738191632933
EUW1_7257656923,EUW,1736192244636,14.24.644.2327,420,200,red,0,4335.2,118535.0,20,49,37.05,3199.3252361673417
EUW1_7260983186,EUW,1736443621544,15.1.647.8644,420,100,blue,0,4007.2,77342.0,11,60,30.75,2515.1869918699185
EUW1_7260983186,EUW,1736443621544,15.1.647.8644,420,200,red,1,5287.4,88572.0,30,58,30.75,2880.390243902439
EUW1_7261039724,EUW,1736445703399,15.1.647.8644,420,100,blue,0,4870.6,53796.0,16,48,22.483333333333334,2392.705707931801
EUW1_7261039724,EUW,1736445703399,15.1.647.8644,420,200,red,1,4956.8,73685.0,30,42,22.483333333333334,3277.3165307635286
EUW1_7261356227,EUW,1736456274598,15.1.647.8644,420,100,blue,1,4722.8,114982.0,38,52,31.333333333333332,3669.6382978723404
EUW1_7261356227,EUW,1736456274598,15.1.647.8644,420,200,red,0,4550.6,89704.0,16,51,31.333333333333332,2862.893617021277
EUW1_7262599000,EUW,1736541595924,15.1.648.3927,420,100,blue,1,536.2,291.0,0,2,1.85,157.2972972972973
EUW1_7262599000,EUW,1736541595924,15.1.648.3927,420,200,red,0,540.8,552.0,0,2,1.85,298.3783783783784
EUW1_7262611180,EUW,1736542015593,15.1.648.3927,420,100,blue,0,4773.0,106048.0,29,69,34.13333333333333,3106.875
EUW1_7262611180,EUW,1736542015593,15.1.648.3927,420,200,red,1,5504.2,111211.0,28,62,34.13333333333333,3258.134765625
EUW1_7262723921,EUW,1736545526230,15.1.648.3927,420,100,blue,0,4576.0,107528.0,18,63,37.6,2859.787234042553
EUW1_7262723921,EUW,1736545526230,15.1.648.3927,420,200,red,1,5280.4,154000.0,45,78,37.6,4095.7446808510635
EUW1_7264648391,EUW,1736676793273,15.1.648.3927,420,100,blue,1,5279.4,88122.0,31,56,25.9,3402.3938223938226
EUW1_7264648391,EUW,1736676793273,15.1.648.3927,420,200,red,0,4663.0,60075.0,10,32,25.9,2319.4980694980695
EUW1_7264681071,EUW,1736678776181,15.1.648.3927,420,100,blue,0,4257.6,125965.0,27,56,37.45,3363.551401869159
EUW1_7264681071,EUW,1736678776181,15.1.648.3927,420,200,red,1,4293.4,148274.0,32,82,37.45,3959.252336448598
EUW1_7264981110,EUW,1736693131929,15.1.648.3927,420,100,blue,0,5111.2,101200.0,24,56,31.8,3182.3899371069183
EUW1_7264981110,EUW,1736693131929,15.1.648.3927,420,200,red,1,4688.2,115830.0,32,59,31.8,3642.452830188679
EUW1_7265047591,EUW,1736695437843,15.1.648.3927,420,100,blue,1,4832.2,140579.0,40,61,34.05,4128.604992657856
EUW1_7265047591,EUW,1736695437843,15.1.648.3927,420,200,red,0,5227.4,95472.0,37,54,34.05,2803.876651982379
EUW1_7266261537,EUW,1736778942043,15.1.648.3927,420,100,blue,0,5712.2,111435.0,29,61,28.96666666666666,3847.008055235904
EUW1_7266261537,EUW,1736778942043,15.1.648.3927,420,200,red,1,6499.0,110106.0,50,73,28.96666666666666,3801.127733026468
EUW1_7266295720,EUW,1736781009879,15.1.648.3927,420,100,blue,0,5022.0,95321.0,21,64,29.8,3198.691275167785
EUW1_7266295720,EUW,1736781009879,15.1.648.3927,420,200,red,1,5109.0,100805.0,31,54,29.8,3382.718120805369
EUW1_7266337657,EUW,1736783296032,15.1.648.3927,420,100,blue,1,5915.8,126822.0,38,68,31.06666666666667,4082.2532188841196
EUW1_7266337657,EUW,1736783296032,15.1.648.3927,420,200,red,0,5498.2,121709.0,29,53,31.06666666666667,3917.671673819742
EUW1_7266433216,EUW,1736788228106,15.1.648.3927,420,100,blue,1,5323.0,107037.0,32,77,31.9,3355.3918495297808
EUW1_7266433216,EUW,1736788228106,15.1.648.3927,420,200,red,0,5404.6,71243.0,18,73,31.9,2233.3228840125394
EUW1_7267532668,EUW,1736869817112,15.1.649.4112,420,100,blue,0,517.6,344.0,0,1,1.7666666666666664,194.7169811320755
EUW1_7267532668,EUW,1736869817112,15.1.649.4112,420,200,red,1,529.4,142.0,0,2,1.7666666666666664,80.37735849056605
EUW1_7267540027,EUW,1736870374600,15.1.649.4112,420,100,blue,1,5209.0,108756.0,46,68,28.93333333333333,3758.8479262672818
EUW1_7267540027,EUW,1736870374600,15.1.649.4112,420,200,red,0,5399.6,96763.0,31,46,28.93333333333333,3344.3433179723506
EUW1_7276464088,EUW,1737489699787,15.1.649.4112,420,100,blue,1,5528.2,54681.0,24,36,19.333333333333332,2828.3275862068967
EUW1_7276464088,EUW,1737489699787,15.1.649.4112,420,200,red,0,5494.4,47802.0,14,30,19.333333333333332,2472.5172413793107
EUW1_7276503447,EUW,1737491238803,15.1.649.4112,420,100,blue,1,5408.0,172732.0,39,78,39.733333333333334,4347.281879194631
EUW1_7276503447,EUW,1737491238803,15.1.649.4112,420,200,red,0,5292.2,171047.0,34,95,39.733333333333334,4304.874161073825
EUW1_7296719493,EUW,1738858309619,15.3.654.407,420,100,blue,0,4785.8,89918.0,18,67,31.083333333333332,2892.804289544236
EUW1_7296719493,EUW,1738858309619,15.3.654.407,420,200,red,1,5904.6,126409.0,33,66,31.083333333333332,4066.7774798927617
EUW1_7296764987,EUW,1738860950256,15.3.654.407,420,100,blue,0,4896.4,34961.0,10,27,16.066666666666666,2175.9958506224066
EUW1_7296764987,EUW,1738860950256,15.3.654.407,420,200,red,1,5981.6,43366.0,20,25,16.066666666666666,2699.1286307053942
EUW1_7301586847,EUW,1739198039998,15.3.654.407,420,100,blue,1,5925.8,123375.0,33,49,28.133333333333333,4385.3672985782
EUW1_7301586847,EUW,1739198039998,15.3.654.407,420,200,red,0,5186.6,69241.0,18,56,28.133333333333333,2461.1729857819905
EUW1_7302847431,EUW,1739293034248,15.3.654.407,420,100,blue,0,4609.8,28796.0,7,33,18.033333333333335,1596.8207024029573
EUW1_7302847431,EUW,1739293034248,15.3.654.407,420,200,red,1,6212.2,50663.0,22,32,18.033333333333335,2809.408502772643
EUW1_7309482753,EUW,1739789222249,15.3.656.4086,420,100,blue,1,5300.0,89462.0,30,50,24.95,3585.6513026052107
EUW1_7309482753,EUW,1739789222249,15.3.656.4086,420,200,red,0,4535.6,52619.0,8,50,24.95,2108.9779559118238
EUW1_7310645643,EUW,1739878881329,15.3.656.4086,420,100,blue,1,507.2,0.0,0,2,1.7166666666666663,0.0
EUW1_7310645643,EUW,1739878881329,15.3.656.4086,420,200,red,0,510.0,211.0,0,0,1.7166666666666663,122.91262135922332
EUW1_7310649121,EUW,1739879508419,15.3.656.4086,420,100,blue,1,5800.0,62823.0,30,41,18.616666666666667,3374.55684870188
EUW1_7310649121,EUW,1739879508419,15.3.656.4086,420,200,red,0,5147.0,51435.0,19,30,18.616666666666667,2762.84691136974
EUW1_7311132437,EUW,1739906316707,15.3.656.4086,420,100,blue,0,5064.2,87184.0,20,45,25.766666666666662,3383.59637774903
EUW1_7311132437,EUW,1739906316707,15.3.656.4086,420,200,red,1,6223.0,147930.0,45,45,25.766666666666662,5741.138421733507
EUW1_7311162398,EUW,1739907416937,15.3.656.4086,420,100,blue,0,4369.6,102535.0,17,64,31.35,3270.653907496013
EUW1_7311162398,EUW,1739907416937,15.3.656.4086,420,200,red,1,4639.6,83233.0,28,68,31.35,2654.9601275917066
EUW1_7311210088,EUW,1739909130199,15.3.656.4086,420,100,blue,0,5231.0,93236.0,28,43,27.116666666666667,3438.3282114320837
EUW1_7311210088,EUW,1739909130199,15.3.656.4086,420,200,red,1,6352.6,119536.0,48,53,27.116666666666667,4408.211432083589
EUW1_7311233015,EUW,1739909944840,15.3.656.4086,420,100,blue,1,5141.0,91600.0,25,55,28.75,3186.086956521739
EUW1_7311233015,EUW,1739909944840,15.3.656.4086,420,200,red,0,5258.4,88685.0,22,48,28.75,3084.695652173913
EUW1_7311268222,EUW,1739911309750,15.3.656.4086,420,100,blue,1,6003.8,98938.0,35,57,28.03333333333334,3529.298454221165
EUW1_7311268222,EUW,1739911309750,15.3.656.4086,420,200,red,0,4748.2,86985.0,14,55,28.03333333333334,3102.9131985731265
EUW1_7311326951,EUW,1739913415224,15.3.656.4086,420,100,blue,1,5326.8,128636.0,34,52,28.083333333333332,4580.510385756676
EUW1_7311326951,EUW,1739913415224,15.3.656.4086,420,200,red,0,5111.6,74728.0,20,52,28.083333333333332,2660.937685459941
EUW1_7311378321,EUW,1739915507180,15.3.656.4086,420,100,blue,0,5639.8,87945.0,27,40,27.166666666666668,3237.239263803681
EUW1_7311378321,EUW,1739915507180,15.3.656.4086,420,200,red,1,6696.4,126614.0,45,37,27.166666666666668,4660.638036809816
EUW1_7311943501,EUW,1739976354421,15.3.656.4086,420,100,blue,0,5168.0,72125.0,22,40,23.0,3135.8695652173915
EUW1_7311943501,EUW,1739976354421,15.3.656.4086,420,200,red,1,5931.2,93230.0,38,36,23.0,4053.478260869565
EUW1_7314108176,EUW,1740149324152,15.4.657.5386,420,100,blue,1,5729.2,131325.0,45,71,32.65,4022.205206738132
EUW1_7314108176,EUW,1740149324152,15.4.657.5386,420,200,red,0,4475.2,127194.0,21,62,32.65,3895.6814701378257
EUW1_7314148951,EUW,1740151607444,15.4.657.5386,420,100,blue,1,5595.0,103970.0,41,47,29.35,3542.419080068143
EUW1_7314148951,EUW,1740151607444,15.4.657.5386,420,200,red,0,5417.8,87757.0,22,56,29.35,2990.0170357751276
EUW1_7316136390,EUW,1740280919956,15.4.657.5386,420,100,blue,1,6358.2,121852.0,41,45,25.333333333333332,4809.9473684210525
EUW1_7316136390,EUW,1740280919956,15.4.657.5386,420,200,red,0,4803.4,70105.0,25,24,25.333333333333332,2767.3026315789475
EUW1_7316151874,EUW,1740283020669,15.4.657.5386,420,100,blue,0,5667.6,108705.0,21,42,31.46666666666666,3454.6080508474583
EUW1_7316151874,EUW,1740283020669,15.4.657.5386,420,200,red,1,5171.6,158701.0,46,46,31.46666666666666,5043.463983050849
EUW1_7316777900,EUW,1740332628675,15.4.657.5386,420,100,blue,1,5024.0,144409.0,46,66,36.9,3913.5230352303524
EUW1_7316777900,EUW,1740332628675,15.4.657.5386,420,200,red,0,4914.8,119912.0,27,60,36.9,3249.647696476965
EUW1_7316908841,EUW,1740338052341,15.4.657.5386,420,100,blue,1,5218.2,112005.0,28,56,32.56666666666667,3439.2528147389967
EUW1_7316908841,EUW,1740338052341,15.4.657.5386,420,200,red,0,5456.4,126424.0,25,66,32.56666666666667,3882.0061412487203
EUW1_7316968766,EUW,1740340357086,15.4.657.5386,420,100,blue,1,5631.4,87001.0,28,50,22.8,3815.833333333333
EUW1_7316968766,EUW,1740340357086,15.4.657.5386,420,200,red,0,4250.6,49659.0,11,37,22.8,2178.0263157894738
EUW1_7319717093,EUW,1740580635472,15.4.657.5386,420,100,blue,0,4596.6,47746.0,9,38,23.916666666666668,1996.348432055749
EUW1_7319717093,EUW,1740580635472,15.4.657.5386,420,200,red,1,5961.6,81993.0,22,33,23.916666666666668,3428.278745644599
EUW1_7321117472,EUW,1740686400692,15.4.657.5386,420,100,blue,1,5966.0,40692.0,20,25,15.5,2625.2903225806454
EUW1_7321117472,EUW,1740686400692,15.4.657.5386,420,200,red,0,5143.6,27308.0,10,23,15.5,1761.8064516129032
EUW1_7321144254,EUW,1740687808620,15.4.657.5386,420,100,blue,1,5155.4,130343.0,36,63,31.2,4177.660256410257
EUW1_7321144254,EUW,1740687808620,15.4.657.5386,420,200,red,0,5324.2,102779.0,26,60,31.2,3294.1987179487182
EUW1_7321825872,EUW,1740756874788,15.4.657.5386,420,100,blue,0,5659.8,55401.0,24,39,21.8,2541.3302752293575
EUW1_7321825872,EUW,1740756874788,15.4.657.5386,420,200,red,1,5684.2,60694.0,27,50,21.8,2784.1284403669724
EUW1_7324984184,EUW,1740999171235,15.4.657.5386,420,100,blue,1,5162.0,111150.0,38,58,29.85,3723.618090452261
EUW1_7324984184,EUW,1740999171235,15.4.657.5386,420,200,red,0,4556.0,106289.0,14,61,29.85,3560.7705192629815
EUW1_7325603635,EUW,1741036407831,15.4.657.5386,420,100,blue,1,5268.6,92186.0,38,51,28.616666666666667,3221.409435061153
EUW1_7325603635,EUW,1741036407831,15.4.657.5386,420,200,red,0,5226.6,81103.0,19,58,28.616666666666667,2834.1176470588234
EUW1_7332161572,EUW,1741595331494,15.5.662.6652,420,100,blue,1,5083.6,198598.0,52,103,41.6,4773.990384615385
EUW1_7332161572,EUW,1741595331494,15.5.662.6652,420,200,red,0,4657.8,155509.0,36,102,41.6,3738.1971153846152
EUW1_7332169397,EUW,1741598338572,15.5.662.6652,420,100,blue,1,5510.0,165865.0,50,79,34.8,4766.235632183909
EUW1_7332169397,EUW,1741598338572,15.5.662.6652,420,200,red,0,4976.8,136246.0,37,71,34.8,3915.114942528736
EUW1_7332188998,EUW,1741600865465,15.5.662.6652,420,100,blue,0,4445.0,18550.0,2,25,15.4,1204.5454545454545
EUW1_7332188998,EUW,1741600865465,15.5.662.6652,420,200,red,1,5389.2,30189.0,13,30,15.4,1960.3246753246754
EUW1_7332199775,EUW,1741602034297,15.5.662.6652,420,100,blue,1,4953.6,153242.0,31,65,34.516666666666666,4439.652341863834
EUW1_7332199775,EUW,1741602034297,15.5.662.6652,420,200,red,0,4467.6,99215.0,20,69,34.516666666666666,2874.408498309995
EUW1_7332257006,EUW,1741609029213,15.5.662.6652,420,100,blue,1,5222.0,173755.0,39,61,31.21666666666666,5566.0971703150035
EUW1_7332257006,EUW,1741609029213,15.5.662.6652,420,200,red,0,5250.6,120779.0,25,40,31.21666666666666,3869.0549919914583
EUW1_7332279414,EUW,1741611324093,15.5.662.6652,420,100,blue,1,5561.6,139881.0,42,57,34.6,4042.8034682080925
EUW1_7332279414,EUW,1741611324093,15.5.662.6652,420,200,red,0,4429.2,118738.0,32,65,34.6,3431.7341040462425
EUW1_7332316472,EUW,1741613841537,15.5.662.6652,420,100,blue,1,5702.0,79181.0,36,58,25.85,3063.0947775628624
EUW1_7332316472,EUW,1741613841537,15.5.662.6652,420,200,red,0,4950.4,67759.0,18,51,25.85,2621.237911025145
EUW1_7332345723,EUW,1741616448089,15.5.662.6652,420,100,blue,0,5174.2,206734.0,52,94,47.266666666666666,4373.779971791256
EUW1_7332345723,EUW,1741616448089,15.5.662.6652,420,200,red,1,4758.8,220497.0,54,94,47.266666666666666,4664.957686882934
EUW1_7332536853,EUW,1741628485028,15.5.662.6652,420,100,blue,1,5553.4,145012.0,47,61,30.516666666666662,4751.89513926816
EUW1_7332536853,EUW,1741628485028,15.5.662.6652,420,200,red,0,5083.8,107384.0,27,53,30.516666666666662,3518.8640087383947
EUW1_7333215872,EUW,1741692019247,15.5.662.6652,420,100,blue,0,5275.8,225644.0,43,62,46.766666666666666,4824.889522451889
EUW1_7333215872,EUW,1741692019247,15.5.662.6652,420,200,red,1,4937.6,185124.0,46,93,46.766666666666666,3958.4604419101925
EUW1_7334063117,EUW,1741766346531,15.5.662.6652,420,100,blue,1,4952.0,149626.0,41,70,33.61666666666667,4450.946950917204
EUW1_7334063117,EUW,1741766346531,15.5.662.6652,420,200,red,0,4731.6,125000.0,21,65,33.61666666666667,3718.393653941497
EUW1_7334073908,EUW,1741768704819,15.5.662.6652,420,100,blue,0,4571.0,95476.0,29,60,33.21666666666667,2874.3401906673357
EUW1_7334073908,EUW,1741768704819,15.5.662.6652,420,200,red,1,5316.6,128872.0,40,60,33.21666666666667,3879.7390868038133
EUW1_7334099727,EUW,1741772392940,15.5.662.6652,420,100,blue,0,4833.6,203938.0,51,104,45.766666666666666,4456.037873270211
EUW1_7334099727,EUW,1741772392940,15.5.662.6652,420,200,red,1,5960.6,159627.0,43,70,45.766666666666666,3487.8441369264388
EUW1_7334132798,EUW,1741776980619,15.5.662.6652,420,100,blue,1,5420.0,92955.0,37,33,26.21666666666666,3545.6452638270825
EUW1_7334132798,EUW,1741776980619,15.5.662.6652,420,200,red,0,4315.2,68315.0,16,51,26.21666666666666,2605.7851239669426
EUW1_7334147277,EUW,1741778937951,15.5.662.6652,420,100,blue,0,5099.8,76491.0,23,64,29.05,2633.0808950086057
EUW1_7334147277,EUW,1741778937951,15.5.662.6652,420,200,red,1,4846.4,68869.0,22,67,29.05,2370.705679862306
EUW1_7334177318,EUW,1741781933919,15.5.662.6652,420,100,blue,1,5225.4,89848.0,32,56,28.78333333333334,3121.528662420382
EUW1_7334177318,EUW,1741781933919,15.5.662.6652,420,200,red,0,5031.4,87981.0,30,71,28.78333333333334,3056.6647365373474
EUW1_7334201220,EUW,1741784134901,15.5.662.6652,420,100,blue,1,4884.8,161300.0,39,77,34.31666666666667,4700.33997085964
EUW1_7334201220,EUW,1741784134901,15.5.662.6652,420,200,red,0,4895.0,143153.0,36,78,34.31666666666667,4171.529868868382
EUW1_7334383703,EUW,1741796882192,15.5.662.6652,420,100,blue,0,5316.0,121542.0,27,55,32.75,3711.206106870229
EUW1_7334383703,EUW,1741796882192,15.5.662.6652,420,200,red,1,5440.0,149872.0,43,69,32.75,4576.244274809161
EUW1_7334426701,EUW,1741799211843,15.5.662.6652,420,100,blue,1,5372.2,113407.0,32,70,33.733333333333334,3361.867588932806
EUW1_7334426701,EUW,1741799211843,15.5.662.6652,420,200,red,0,5089.0,114322.0,35,58,33.733333333333334,3388.99209486166
EUW1_7335487031,EUW,1741891422662,15.5.662.6652,420,100,blue,1,5254.4,119279.0,39,61,30.083333333333332,3964.9529085872578
EUW1_7335487031,EUW,1741891422662,15.5.662.6652,420,200,red,0,4880.4,109933.0,32,63,30.083333333333332,3654.2825484764544
EUW1_7336119143,EUW,1741954293436,15.5.662.6652,420,100,blue,1,4334.8,137797.0,42,66,35.233333333333334,3910.983916745506
EUW1_7336119143,EUW,1741954293436,15.5.662.6652,420,200,red,0,5339.2,143222.0,29,70,35.233333333333334,4064.957426679281
EUW1_7337854565,EUW,1742076305596,15.5.662.6652,420,100,blue,1,5009.4,157221.0,36,78,33.71666666666667,4663.005437469105
EUW1_7337854565,EUW,1742076305596,15.5.662.6652,420,200,red,0,4377.4,95991.0,22,59,33.71666666666667,2846.9896193771624
EUW1_7338541948,EUW,1742140336797,15.5.662.6652,420,100,blue,0,4249.0,66175.0,12,54,27.833333333333332,2377.5449101796407
EUW1_7338541948,EUW,1742140336797,15.5.662.6652,420,200,red,1,5517.8,127344.0,35,53,27.833333333333332,4575.233532934132
EUW1_7338583200,EUW,1742142433907,15.5.662.6652,420,100,blue,0,5435.2,232044.0,54,90,38.916666666666664,5962.586723768737
EUW1_7338583200,EUW,1742142433907,15.5.662.6652,420,200,red,1,5535.2,186623.0,44,58,38.916666666666664,4795.45182012848
EUW1_7341491140,EUW,1742403225093,15.6.664.9480,420,100,blue,0,5154.4,41358.0,11,26,17.15,2411.5451895043734
EUW1_7341491140,EUW,1742403225093,15.6.664.9480,420,200,red,1,5828.0,48507.0,23,27,17.15,2828.396501457726
EUW1_7345977304,EUW,1742765016239,15.6.667.3303,420,100,blue,1,5066.4,126068.0,38,67,34.35,3670.101892285298
EUW1_7345977304,EUW,1742765016239,15.6.667.3303,420,200,red,0,4492.0,116631.0,29,78,34.35,3395.3711790393013
EUW1_7346418026,EUW,1742823958785,15.6.667.3303,420,100,blue,0,4692.2,72845.0,12,63,30.05,2424.126455906822
EUW1_7346418026,EUW,1742823958785,15.6.667.3303,420,200,red,1,5144.2,105702.0,29,54,30.05,3517.537437603993
EUW1_7346893551,EUW,1742850072668,15.6.667.3303,420,100,blue,1,6172.8,237590.0,63,53,40.86666666666667,5813.784665579119
EUW1_7346893551,EUW,1742850072668,15.6.667.3303,420,200,red,0,5065.8,206410.0,56,75,40.86666666666667,5050.815660685155
EUW1_7361177599,EUW,1744054639757,15.7.670.3172,420,100,blue,0,4750.0,69325.0,19,56,27.733333333333338,2499.6995192307686
EUW1_7361177599,EUW,1744054639757,15.7.670.3172,420,200,red,1,5608.4,105269.0,41,44,27.733333333333338,3795.757211538461
EUW1_7361557561,EUW,1744096058692,15.7.670.3172,420,100,blue,0,4811.6,109031.0,28,66,31.833333333333332,3425.057591623037
EUW1_7361557561,EUW,1744096058692,15.7.670.3172,420,200,red,1,5030.4,126011.0,45,61,31.833333333333332,3958.4607329842934
EUW1_7367896407,EUW,1744574797481,15.7.672.4034,420,100,blue,0,5036.8,220449.0,39,77,44.61666666666667,4940.956294359357
EUW1_7367896407,EUW,1744574797481,15.7.672.4034,420,200,red,1,4724.8,221718.0,49,99,44.61666666666667,4969.3985805005605
EUW1_7368439603,EUW,1744633900307,15.7.672.4034,420,100,blue,0,4698.6,83342.0,17,62,29.866666666666667,2790.46875
EUW1_7368439603,EUW,1744633900307,15.7.672.4034,420,200,red,1,5040.0,92906.0,34,52,29.866666666666667,3110.691964285714
EUW1_7373170940,EUW,1744998713788,15.8.675.10,420,100,blue,0,4984.2,87234.0,28,59,28.883333333333333,3020.219272937103
EUW1_7373170940,EUW,1744998713788,15.8.675.10,420,200,red,1,5203.0,105062.0,32,34,28.883333333333333,3637.461050201962
EUW1_7373211132,EUW,1745000765169,15.8.675.10,420,100,blue,0,5291.6,207500.0,65,86,48.266666666666666,4299.03314917127
EUW1_7373211132,EUW,1745000765169,15.8.675.10,420,200,red,1,4634.4,227400.0,60,98,48.266666666666666,4711.325966850829
EUW1_7373330612,EUW,1745005856182,15.8.675.10,420,100,blue,1,5935.0,112459.0,35,70,29.133333333333333,3860.1487414187645
EUW1_7373330612,EUW,1745005856182,15.8.675.10,420,200,red,0,4432.8,60255.0,15,48,29.133333333333333,2068.2494279176203
EUW1_7373386326,EUW,1745008478495,15.8.675.10,420,100,blue,0,4758.4,73087.0,18,61,29.983333333333338,2437.587548638132
EUW1_7373386326,EUW,1745008478495,15.8.675.10,420,200,red,1,5145.2,97815.0,37,56,29.983333333333338,3262.31239577543
EUW1_7374542774,EUW,1745096231155,15.8.675.10,420,100,blue,1,6037.2,34691.0,16,29,15.616666666666669,2221.4087513340446
EUW1_7374542774,EUW,1745096231155,15.8.675.10,420,200,red,0,5007.4,32040.0,11,27,15.616666666666669,2051.6542155816433
EUW1_7375708179,EUW,1745182869934,15.8.675.10,420,100,blue,0,4397.0,94088.0,15,58,31.583333333333332,2979.039577836412
EUW1_7375708179,EUW,1745182869934,15.8.675.10,420,200,red,1,4844.2,103328.0,31,57,31.583333333333332,3271.598944591029
EUW1_7385798755,EUW,1746030775234,15.9.677.4704,420,100,blue,1,5358.4,101488.0,30,56,25.916666666666668,3915.935691318328
EUW1_7385798755,EUW,1746030775234,15.9.677.4704,420,200,red,0,4455.0,75862.0,12,43,25.916666666666668,2927.151125401929
EUW1_7387249918,EUW,1746132271804,15.9.678.1456,420,100,blue,0,4102.8,143660.0,26,56,37.35,3846.318607764391
EUW1_7387249918,EUW,1746132271804,15.9.678.1456,420,200,red,1,5333.6,167659.0,46,72,37.35,4488.8621151271755
EUW1_7399657289,EUW,1747170732281,15.9.678.1456,420,100,blue,1,4815.8,104192.0,32,49,28.71666666666666,3628.2762623331405
EUW1_7399657289,EUW,1747170732281,15.9.678.1456,420,200,red,0,4792.4,83647.0,20,62,28.71666666666666,2912.838073128265
EUW1_7401890169,EUW,1747349740813,15.10.680.4378,420,100,blue,1,4739.8,208283.0,43,92,40.2,5181.169154228855
EUW1_7401890169,EUW,1747349740813,15.10.680.4378,420,200,red,0,5209.2,140441.0,42,73,40.2,3493.557213930348
EUW1_7401960947,EUW,1747357686162,15.10.680.4378,420,100,blue,0,5011.2,72919.0,21,36,26.35,2767.324478178368
EUW1_7401960947,EUW,1747357686162,15.10.680.4378,420,200,red,1,5945.8,98083.0,38,48,26.35,3722.3149905123337
EUW1_7411250726,EUW,1748122612447,15.10.680.4378,420,100,blue,1,5000.4,146235.0,37,58,30.733333333333338,4758.188720173535
EUW1_7411250726,EUW,1748122612447,15.10.680.4378,420,200,red,0,4604.4,90946.0,27,49,30.733333333333338,2959.197396963123
EUW1_7411494323,EUW,1748159379337,15.10.680.4378,420,100,blue,0,4889.2,63961.0,20,35,23.85,2681.802935010482
EUW1_7411494323,EUW,1748159379337,15.10.680.4378,420,200,red,1,5732.0,102780.0,42,37,23.85,4309.433962264151
EUW1_7412437100,EUW,1748210049800,15.10.680.4378,420,100,blue,1,5601.8,127869.0,44,44,27.46666666666666,4655.424757281554
EUW1_7412437100,EUW,1748210049800,15.10.680.4378,420,200,red,0,4882.0,119582.0,21,30,27.46666666666666,4353.713592233011
EUW1_7413123959,EUW,1748283548672,15.10.680.4378,420,100,blue,1,5483.6,119231.0,30,55,26.666666666666668,4471.162499999999
EUW1_7413123959,EUW,1748283548672,15.10.680.4378,420,200,red,0,4605.4,52893.0,15,35,26.666666666666668,1983.4875
EUW1_7414328759,EUW,1748379282918,15.10.680.4378,420,100,blue,1,5369.2,161761.0,49,75,35.05,4615.1497860199715
EUW1_7414328759,EUW,1748379282918,15.10.680.4378,420,200,red,0,4955.0,129889.0,32,61,35.05,3705.8202567760345
EUW1_7417295109,EUW,1748634269516,15.11.684.1658,420,100,blue,0,4610.0,147470.0,35,54,37.1,3974.932614555256
EUW1_7417295109,EUW,1748634269516,15.11.684.1658,420,200,red,1,5269.8,173087.0,49,66,37.1,4665.417789757412
EUW1_7417367143,EUW,1748637552760,15.11.684.1658,420,100,blue,1,5076.8,127137.0,36,61,32.166666666666664,3952.4455958549224
EUW1_7417367143,EUW,1748637552760,15.11.684.1658,420,200,red,0,4503.8,106234.0,18,51,32.166666666666664,3302.6113989637306
EUW1_7419159426,EUW,1748794594282,15.11.685.5259,420,100,blue,1,5759.2,128113.0,41,41,26.65,4807.242026266416
EUW1_7419159426,EUW,1748794594282,15.11.685.5259,420,200,red,0,5480.2,81196.0,23,49,26.65,3046.754221388368
EUW1_7419201108,EUW,1748796540076,15.11.685.5259,420,100,blue,1,5638.4,184996.0,50,99,40.65,4550.947109471095
EUW1_7419201108,EUW,1748796540076,15.11.685.5259,420,200,red,0,5758.8,163264.0,39,88,40.65,4016.334563345634
EUW1_7419566798,EUW,1748812706052,15.11.685.5259,420,100,blue,0,4967.4,224159.0,41,93,50.233333333333334,4462.355673523557
EUW1_7419566798,EUW,1748812706052,15.11.685.5259,420,200,red,1,4853.0,259299.0,65,96,50.233333333333334,5161.891174518912
EUW1_7419838517,EUW,1748857301435,15.11.685.5259,420,100,blue,0,4847.6,113576.0,16,76,33.733333333333334,3366.877470355731
EUW1_7419838517,EUW,1748857301435,15.11.685.5259,420,200,red,1,5740.4,181476.0,47,49,33.733333333333334,5379.723320158103
EUW1_7421642462,EUW,1748994889548,15.11.685.5259,420,100,blue,0,5573.2,96781.0,24,44,27.5,3519.309090909091
EUW1_7421642462,EUW,1748994889548,15.11.685.5259,420,200,red,1,4972.0,115338.0,40,59,27.5,4194.109090909091
EUW1_7422293951,EUW,1749064539932,15.11.685.5259,420,100,blue,0,5054.6,191693.0,37,70,39.71666666666667,4826.512798992866
EUW1_7422293951,EUW,1749064539932,15.11.685.5259,420,200,red,1,5285.0,188070.0,51,70,39.71666666666667,4735.291649181703
EUW1_7422412916,EUW,1749069634137,15.11.685.5259,420,100,blue,0,5292.8,243934.0,42,101,44.75,5451.039106145251
EUW1_7422412916,EUW,1749069634137,15.11.685.5259,420,200,red,1,4939.2,187689.0,34,114,44.75,4194.167597765363
EUW1_7422478653,EUW,1749072630941,15.11.685.5259,420,100,blue,1,5242.0,102281.0,33,53,29.233333333333338,3498.7799315849484
EUW1_7422478653,EUW,1749072630941,15.11.685.5259,420,200,red,0,5195.0,92475.0,21,47,29.233333333333338,3163.340935005701
EUW1_7423300194,EUW,1749153673731,15.11.685.5259,420,100,blue,0,4954.8,35144.0,7,33,17.316666666666666,2029.4898941289703
EUW1_7423300194,EUW,1749153673731,15.11.685.5259,420,200,red,1,6035.4,49341.0,19,37,17.316666666666666,2849.3358999037537
EUW1_7423338504,EUW,1749155112636,15.11.685.5259,420,100,blue,1,5317.2,106130.0,37,52,27.65,3838.336347197107
EUW1_7423338504,EUW,1749155112636,15.11.685.5259,420,200,red,0,5883.2,110733.0,32,47,27.65,4004.810126582279
EUW1_7423382524,EUW,1749157220276,15.11.685.5259,420,100,blue,0,5580.8,99144.0,23,53,30.883333333333333,3210.2752293577983
EUW1_7423382524,EUW,1749157220276,15.11.685.5259,420,200,red,1,6028.4,165204.0,50,87,30.883333333333333,5349.293038316244
EUW1_7423427616,EUW,1749159468825,15.11.685.5259,420,100,blue,0,5643.6,149092.0,42,72,35.65,4182.103786816269
EUW1_7423427616,EUW,1749159468825,15.11.685.5259,420,200,red,1,5217.0,137142.0,31,82,35.65,3846.9004207573635
EUW1_7423427807,EUW,1749159534807,15.11.685.5259,420,100,blue,0,4803.8,118938.0,23,72,34.4,3457.5
EUW1_7423427807,EUW,1749159534807,15.11.685.5259,420,200,red,1,5111.0,141864.0,44,57,34.4,4123.9534883720935
EUW1_7423465245,EUW,1749161963382,15.11.685.5259,420,100,blue,1,5589.4,172078.0,56,64,34.63333333333333,4968.565928777671
EUW1_7423465245,EUW,1749161963382,15.11.685.5259,420,200,red,0,5430.8,175362.0,39,53,34.63333333333333,5063.387872954764
EUW1_7424898580,EUW,1749305459779,15.11.685.5259,420,100,blue,1,5710.0,98533.0,37,43,24.55,4013.5641547861505
EUW1_7424898580,EUW,1749305459779,15.11.685.5259,420,200,red,0,4985.2,67865.0,17,35,24.55,2764.358452138493
EUW1_7425429733,EUW,1749334679506,15.11.685.5259,420,100,blue,1,5205.0,64574.0,23,41,26.21666666666666,2463.0896376350925
EUW1_7425429733,EUW,1749334679506,15.11.685.5259,420,200,red,0,5073.0,79727.0,22,43,26.21666666666666,3041.0807374443743
EUW1_7425621832,EUW,1749367130661,15.11.685.5259,420,100,blue,0,5147.6,158249.0,39,109,38.45,4115.708712613784
EUW1_7425621832,EUW,1749367130661,15.11.685.5259,420,200,red,1,5275.2,182929.0,49,68,38.45,4757.581274382314
EUW1_7426193440,EUW,1749405967352,15.11.685.5259,420,100,blue,1,5930.0,128443.0,54,61,28.733333333333338,4470.174013921113
EUW1_7426193440,EUW,1749405967352,15.11.685.5259,420,200,red,0,4861.8,100817.0,27,57,28.733333333333338,3508.7122969837583
EUW1_7426378425,EUW,1749414817564,15.11.685.5259,420,100,blue,1,5710.6,130884.0,41,55,29.55,4429.238578680203
EUW1_7426378425,EUW,1749414817564,15.11.685.5259,420,200,red,0,5013.0,66174.0,19,59,29.55,2239.3908629441626
EUW1_7427111080,EUW,1749484820419,15.11.685.5259,420,100,blue,0,4548.2,54276.0,17,41,24.066666666666666,2255.235457063712
EUW1_7427111080,EUW,1749484820419,15.11.685.5259,420,200,red,1,6231.6,109097.0,40,55,24.066666666666666,4533.116343490305
EUW1_7427148877,EUW,1749486619525,15.11.685.5259,420,100,blue,1,5764.0,140209.0,49,76,32.21666666666667,4352.064148991205
EUW1_7427148877,EUW,1749486619525,15.11.685.5259,420,200,red,0,5266.4,117557.0,31,75,32.21666666666667,3648.949818934299
EUW1_7428404881,EUW,1749586157165,15.11.685.5259,420,100,blue,0,5355.4,104175.0,30,57,29.81666666666667,3493.8513135830067
EUW1_7428404881,EUW,1749586157165,15.11.685.5259,420,200,red,1,6280.4,155229.0,48,58,29.81666666666667,5206.115148127445
EUW1_7428421741,EUW,1749586666248,15.11.685.5259,420,100,blue,0,4090.4,23819.0,6,23,18.133333333333333,1313.547794117647
EUW1_7428421741,EUW,1749586666248,15.11.685.5259,420,200,red,1,6064.8,52225.0,25,29,18.133333333333333,2880.0551470588234
EUW1_7428467154,EUW,1749588851947,15.11.685.5259,420,100,blue,0,4983.6,78169.0,21,52,28.333333333333332,2758.9058823529413
EUW1_7428467154,EUW,1749588851947,15.11.685.5259,420,200,red,1,5162.0,106226.0,32,66,28.333333333333332,3749.152941176471
EUW1_7428920963,EUW,1749650827953,15.12.688.6522,420,100,blue,1,6295.4,129708.0,42,44,26.916666666666668,4818.873065015479
EUW1_7428920963,EUW,1749650827953,15.12.688.6522,420,200,red,0,5000.0,90699.0,20,41,26.916666666666668,3369.6222910216716
EUW1_7428954964,EUW,1749653608129,15.12.688.6522,420,100,blue,1,5730.4,218837.0,52,81,37.46666666666667,5840.845195729537
EUW1_7428954964,EUW,1749653608129,15.12.688.6522,420,200,red,0,5084.6,218060.0,34,92,37.46666666666667,5820.106761565836
EUW1_7430328539,EUW,1749759218684,15.12.688.6522,420,100,blue,0,5645.4,216236.0,59,100,43.28333333333333,4995.825953022719
EUW1_7430328539,EUW,1749759218684,15.12.688.6522,420,200,red,1,5281.4,192431.0,55,81,43.28333333333333,4445.845206006931
EUW1_7430885815,EUW,1749821763043,15.12.688.6522,420,100,blue,0,520.6,270.0,0,1,1.7833333333333337,151.40186915887847
EUW1_7430885815,EUW,1749821763043,15.12.688.6522,420,200,red,1,524.8,400.0,0,0,1.7833333333333337,224.2990654205607
EUW1_7430893811,EUW,1749822364447,15.12.688.6522,420,100,blue,0,4664.4,75580.0,18,63,29.96666666666666,2522.1357063403784
EUW1_7430893811,EUW,1749822364447,15.12.688.6522,420,200,red,1,4390.4,100977.0,26,61,29.96666666666666,3369.6440489432707
EUW1_7431379274,EUW,1749848531194,15.12.688.6522,420,100,blue,0,5135.6,104738.0,27,82,30.916666666666668,3387.752021563342
EUW1_7431379274,EUW,1749848531194,15.12.688.6522,420,200,red,1,5180.2,130663.0,36,62,30.916666666666668,4226.2964959568735
EUW1_7431460132,EUW,1749852042055,15.12.688.6522,420,100,blue,1,5046.6,122990.0,31,67,27.05,4546.7652495378925
EUW1_7431460132,EUW,1749852042055,15.12.688.6522,420,200,red,0,5367.2,79010.0,18,54,27.05,2920.887245841035
EUW1_7431511571,EUW,1749854373549,15.12.688.6522,420,100,blue,1,5671.8,126932.0,43,67,30.9,4107.831715210356
EUW1_7431511571,EUW,1749854373549,15.12.688.6522,420,200,red,0,5549.4,115930.0,34,55,30.9,3751.7799352750812
EUW1_7431952730,EUW,1749909237838,15.12.688.6522,420,100,blue,0,5745.4,125962.0,36,50,31.483333333333338,4000.9105346744304
EUW1_7431952730,EUW,1749909237838,15.12.688.6522,420,200,red,1,5699.6,133431.0,43,59,31.483333333333338,4238.147167813658
EUW1_7432097253,EUW,1749917881323,15.12.688.6522,420,100,blue,1,6268.8,103186.0,35,66,28.666666666666668,3599.5116279069766
EUW1_7432097253,EUW,1749917881323,15.12.688.6522,420,200,red,0,5308.4,82489.0,20,68,28.666666666666668,2877.5232558139533
EUW1_7432133790,EUW,1749919973706,15.12.688.6522,420,100,blue,1,5935.6,83925.0,34,49,22.683333333333334,3699.8530492285086
EUW1_7432133790,EUW,1749919973706,15.12.688.6522,420,200,red,0,5080.4,58825.0,13,50,22.683333333333334,2593.3137398971344
EUW1_7432420093,EUW,1749935246041,15.12.688.6522,420,100,blue,1,5558.8,93751.0,36,43,26.28333333333334,3566.937222574508
EUW1_7432420093,EUW,1749935246041,15.12.688.6522,420,200,red,0,5031.6,86893.0,22,47,26.28333333333334,3306.011414077361
EUW1_7432926103,EUW,1749991499012,15.12.688.6522,420,100,blue,1,5744.2,92144.0,40,64,26.35,3496.925996204933
EUW1_7432926103,EUW,1749991499012,15.12.688.6522,420,200,red,0,4640.0,68454.0,13,40,26.35,2597.874762808349
EUW1_7432963060,EUW,1749993516707,15.12.688.6522,420,100,blue,1,5197.4,195933.0,43,62,39.13333333333333,5006.805792163544
EUW1_7432963060,EUW,1749993516707,15.12.688.6522,420,200,red,0,5835.6,161280.0,50,59,39.13333333333333,4121.29471890971
EUW1_7433122907,EUW,1750001438254,15.12.688.6522,420,100,blue,0,5572.8,122037.0,32,50,31.016666666666662,3934.562063406771
EUW1_7433122907,EUW,1750001438254,15.12.688.6522,420,200,red,1,5646.2,118062.0,39,55,31.016666666666662,3806.405158516927
EUW1_7433173290,EUW,1750004002057,15.12.688.6522,420,100,blue,1,5207.0,223212.0,52,78,41.166666666666664,5422.153846153847
EUW1_7433173290,EUW,1750004002057,15.12.688.6522,420,200,red,0,5769.4,193699.0,46,78,41.166666666666664,4705.238866396761
EUW1_7433235371,EUW,1750006936511,15.12.688.6522,420,100,blue,0,5173.6,146233.0,33,72,36.81666666666667,3971.923947487551
EUW1_7433235371,EUW,1750006936511,15.12.688.6522,420,200,red,1,5271.0,170668.0,41,89,36.81666666666667,4635.617926663648
EUW1_7433623976,EUW,1750024258225,15.12.688.6522,420,100,blue,1,5210.6,87970.0,30,50,25.35,3470.2169625246547
EUW1_7433623976,EUW,1750024258225,15.12.688.6522,420,200,red,0,4652.6,62303.0,11,44,25.35,2457.712031558185
EUW1_7433854538,EUW,1750065844685,15.12.688.6522,420,100,blue,1,5631.8,89239.0,36,61,28.15,3170.1243339253997
EUW1_7433854538,EUW,1750065844685,15.12.688.6522,420,200,red,0,4580.4,73910.0,13,48,28.15,2625.577264653641
EUW1_7433872521,EUW,1750068135630,15.12.688.6522,420,100,blue,0,4612.0,73000.0,15,48,26.95,2708.7198515769946
EUW1_7433872521,EUW,1750068135630,15.12.688.6522,420,200,red,1,5508.8,86604.0,32,47,26.95,3213.5064935064934
EUW1_7433893481,EUW,1750070345097,15.12.688.6522,420,100,blue,0,4787.8,69460.0,17,44,26.633333333333333,2608.0100125156446
EUW1_7433893481,EUW,1750070345097,15.12.688.6522,420,200,red,1,5521.6,108666.0,36,40,26.633333333333333,4080.075093867334
EUW1_7435200880,EUW,1750180567495,15.12.688.6522,420,100,blue,1,5186.2,176276.0,45,77,37.3,4725.898123324397
EUW1_7435200880,EUW,1750180567495,15.12.688.6522,420,200,red,0,5463.2,147812.0,38,80,37.3,3962.7882037533514
EUW1_7435251065,EUW,1750183273384,15.12.688.6522,420,100,blue,0,5316.2,141854.0,46,72,34.016666666666666,4170.132288094072
EUW1_7435251065,EUW,1750183273384,15.12.688.6522,420,200,red,1,6063.2,150354.0,45,87,34.016666666666666,4420.009799118079
EUW1_7435473803,EUW,1750192311758,15.12.688.6522,420,100,blue,1,5273.4,141425.0,47,57,32.05,4412.636505460218
EUW1_7435473803,EUW,1750192311758,15.12.688.6522,420,200,red,0,5135.4,109821.0,24,65,32.05,3426.552262090484
EUW1_7435559050,EUW,1750196305920,15.12.688.6522,420,100,blue,1,5966.6,114593.0,32,39,27.15,4220.73664825046
EUW1_7435559050,EUW,1750196305920,15.12.688.6522,420,200,red,0,5013.8,99151.0,23,48,27.15,3651.9705340699816
EUW1_7436037991,EUW,1750258421875,15.12.688.6522,420,100,blue,1,5915.4,71916.0,27,43,22.85,3147.308533916849
EUW1_7436037991,EUW,1750258421875,15.12.688.6522,420,200,red,0,4818.8,40335.0,11,41,22.85,1765.2078774617066
EUW1_7436506538,EUW,1750282066195,15.12.688.6522,420,100,blue,0,5018.8,155609.0,34,54,37.233333333333334,4179.292748433303
EUW1_7436506538,EUW,1750282066195,15.12.688.6522,420,200,red,1,5110.0,133684.0,44,53,37.233333333333334,3590.438675022381
EUW1_7437056156,EUW,1750346593327,15.12.688.6522,420,100,blue,1,6202.6,102336.0,44,35,24.416666666666668,4191.235494880546
EUW1_7437056156,EUW,1750346593327,15.12.688.6522,420,200,red,0,4883.4,66789.0,16,35,24.416666666666668,2735.38566552901
EUW1_7437153369,EUW,1750352405985,15.12.688.6522,420,100,blue,0,525.8,520.0,0,1,1.8166666666666669,286.2385321100917
EUW1_7437153369,EUW,1750352405985,15.12.688.6522,420,200,red,1,532.2,450.0,0,5,1.8166666666666669,247.7064220183486
EUW1_7437176381,EUW,1750353617909,15.12.688.6522,420,100,blue,0,5064.2,97317.0,25,65,31.35,3104.210526315789
EUW1_7437176381,EUW,1750353617909,15.12.688.6522,420,200,red,1,5503.0,128760.0,44,67,31.35,4107.177033492822
EUW1_7437219962,EUW,1750355801740,15.12.688.6522,420,100,blue,0,4940.8,136016.0,51,78,35.733333333333334,3806.417910447761
EUW1_7437219962,EUW,1750355801740,15.12.688.6522,420,200,red,1,5137.8,171976.0,42,65,35.733333333333334,4812.76119402985
EUW1_7437270046,EUW,1750358412848,15.12.688.6522,420,100,blue,1,5184.8,115275.0,38,93,30.96666666666666,3722.551130247579
EUW1_7437270046,EUW,1750358412848,15.12.688.6522,420,200,red,0,4887.6,121677.0,24,86,30.96666666666666,3929.289558665232
EUW1_7437320195,EUW,1750360808291,15.12.688.6522,420,100,blue,1,6112.2,49538.0,23,35,19.15,2586.840731070496
EUW1_7437320195,EUW,1750360808291,15.12.688.6522,420,200,red,0,4882.2,29199.0,9,34,19.15,1524.7519582245432
EUW1_7437511954,EUW,1750369288863,15.12.688.6522,420,100,blue,0,4875.8,112644.0,39,52,32.733333333333334,3441.262729124236
EUW1_7437511954,EUW,1750369288863,15.12.688.6522,420,200,red,1,5553.4,165693.0,50,56,32.733333333333334,5061.904276985743
EUW1_7437726242,EUW,1750406463233,15.12.688.6522,420,100,blue,1,4926.6,46057.0,17,33,17.683333333333334,2604.5428840716304
EUW1_7437726242,EUW,1750406463233,15.12.688.6522,420,200,red,0,4474.8,34377.0,12,30,17.683333333333334,1944.033930254477
EUW1_7438134791,EUW,1750439392318,15.12.688.6522,420,100,blue,0,4611.2,43596.0,7,35,20.133333333333333,2165.364238410596
EUW1_7438134791,EUW,1750439392318,15.12.688.6522,420,200,red,1,5385.2,63891.0,31,39,20.133333333333333,3173.3940397350993
EUW1_7438301851,EUW,1750448970780,15.12.688.6522,420,100,blue,1,5440.2,184409.0,55,89,39.4,4680.431472081218
EUW1_7438301851,EUW,1750448970780,15.12.688.6522,420,200,red,0,4727.2,108784.0,34,74,39.4,2761.015228426396
EUW1_7440719936,EUW,1750662316099,15.12.688.6522,420,100,blue,1,5554.6,147203.0,52,65,33.416666666666664,4405.0773067331675
EUW1_7440719936,EUW,1750662316099,15.12.688.6522,420,200,red,0,5084.0,120144.0,30,57,33.416666666666664,3595.331670822943
EUW1_7441651787,EUW,1750736875775,15.12.688.6522,420,100,blue,0,5546.2,152926.0,46,60,34.86666666666667,4386.022944550669
EUW1_7441651787,EUW,1750736875775,15.12.688.6522,420,200,red,1,5551.0,159089.0,60,66,34.86666666666667,4562.782026768642
EUW1_7442050058,EUW,1750782458066,15.12.688.6522,420,100,blue,1,5254.6,121742.0,48,78,33.1,3678.0060422960723
EUW1_7442050058,EUW,1750782458066,15.12.688.6522,420,200,red,0,4723.6,104101.0,24,59,33.1,3145.045317220544
EUW1_7442135037,EUW,1750787036183,15.12.688.6522,420,100,blue,1,6428.0,86526.0,43,34,23.533333333333335,3676.7422096317277
EUW1_7442135037,EUW,1750787036183,15.12.688.6522,420,200,red,0,4546.8,67479.0,15,37,23.533333333333335,2867.379603399433
EUW1_7442225322,EUW,1750791466611,15.12.688.6522,420,100,blue,0,4727.6,71156.0,17,40,24.066666666666666,2956.6204986149583
EUW1_7442225322,EUW,1750791466611,15.12.688.6522,420,200,red,1,5171.8,78601.0,29,43,24.066666666666666,3265.9695290858726
EUW1_7442270894,EUW,1750793234601,15.12.688.6522,420,100,blue,1,5863.2,56635.0,28,35,19.716666666666665,2872.442941673711
EUW1_7442270894,EUW,1750793234601,15.12.688.6522,420,200,red,0,4901.8,33485.0,6,33,19.716666666666665,1698.3093829247678
EUW1_7443389226,EUW,1750886278432,15.13.692.4165,420,100,blue,1,639.8,881.0,0,2,2.2,400.45454545454544
EUW1_7443389226,EUW,1750886278432,15.13.692.4165,420,200,red,0,609.2,1082.0,0,0,2.2,491.81818181818176
EUW1_7443397217,EUW,1750886813635,15.13.692.4165,420,100,blue,0,4964.2,108725.0,27,36,30.333333333333332,3584.3406593406594
EUW1_7443397217,EUW,1750886813635,15.13.692.4165,420,200,red,1,5296.2,118610.0,48,62,30.333333333333332,3910.21978021978
EUW1_7444025971,EUW,1750956365660,15.13.692.4165,420,100,blue,0,5452.2,53159.0,19,46,22.3,2383.811659192825
EUW1_7444025971,EUW,1750956365660,15.13.692.4165,420,200,red,1,5743.4,76110.0,31,36,22.3,3413.0044843049327
EUW1_7445182193,EUW,1751053534791,15.13.693.1306,420,100,blue,1,4911.0,174743.0,41,105,41.11666666666667,4249.93109039319
EUW1_7445182193,EUW,1751053534791,15.13.693.1306,420,200,red,0,5385.8,215944.0,44,92,41.11666666666667,5251.982164572355
EUW1_7445246717,EUW,1751056438079,15.13.693.1306,420,100,blue,1,5805.0,144586.0,50,61,30.416666666666668,4753.512328767123
EUW1_7445246717,EUW,1751056438079,15.13.693.1306,420,200,red,0,5137.4,113990.0,35,69,30.416666666666668,3747.616438356164
EUW1_7448384391,EUW,1751324893611,15.13.693.4876,420,100,blue,0,5002.8,182596.0,36,92,37.9,4817.836411609499
EUW1_7448384391,EUW,1751324893611,15.13.693.4876,420,200,red,1,5349.0,161837.0,39,74,37.9,4270.105540897098
EUW1_7448416023,EUW,1751327641388,15.13.693.4876,420,100,blue,1,5495.2,102201.0,40,50,26.133333333333333,3910.752551020408
EUW1_7448416023,EUW,1751327641388,15.13.693.4876,420,200,red,0,5789.6,85981.0,30,47,26.133333333333333,3290.089285714286
EUW1_7451361700,EUW,1751623989633,15.13.693.4876,420,100,blue,1,5785.2,42797.0,21,23,15.73333333333333,2720.1483050847464
EUW1_7451361700,EUW,1751623989633,15.13.693.4876,420,200,red,0,4504.8,29370.0,8,27,15.73333333333333,1866.7372881355934
EUW1_7451368238,EUW,1751625343694,15.13.693.4876,420,100,blue,0,5430.8,112000.0,37,56,33.05,3388.8048411497734
EUW1_7451368238,EUW,1751625343694,15.13.693.4876,420,200,red,1,4891.8,150841.0,46,60,33.05,4564.024205748866
EUW1_7451396637,EUW,1751627791803,15.13.693.4876,420,100,blue,0,5434.4,149522.0,52,76,37.15,4024.8183041722746
EUW1_7451396637,EUW,1751627791803,15.13.693.4876,420,200,red,1,5453.2,163451.0,58,88,37.15,4399.757738896366
EUW1_7451427642,EUW,1751630472391,15.13.693.4876,420,100,blue,0,5003.0,81973.0,26,60,31.85,2573.7205651491363
EUW1_7451427642,EUW,1751630472391,15.13.693.4876,420,200,red,1,5152.0,125800.0,43,66,31.85,3949.7645211930926
EUW1_7451449452,EUW,1751632908252,15.13.693.4876,420,100,blue,1,5016.6,151288.0,50,60,35.766666666666666,4229.860205032619
EUW1_7451449452,EUW,1751632908252,15.13.693.4876,420,200,red,0,5129.6,132417.0,39,72,35.766666666666666,3702.246039142591
EUW1_7451485038,EUW,1751635446649,15.13.693.4876,420,100,blue,0,4965.4,52748.0,10,36,20.416666666666668,2583.5755102040816
EUW1_7451485038,EUW,1751635446649,15.13.693.4876,420,200,red,1,5184.0,35905.0,19,37,20.416666666666668,1758.612244897959
EUW1_7451858509,EUW,1751658369804,15.13.693.4876,420,100,blue,1,5500.4,143359.0,48,61,32.93333333333333,4353.006072874495
EUW1_7451858509,EUW,1751658369804,15.13.693.4876,420,200,red,0,5334.0,101555.0,31,76,32.93333333333333,3083.6538461538466
EUW1_7451907740,EUW,1751660971353,15.13.693.4876,420,100,blue,1,5905.4,125637.0,44,54,28.483333333333338,4410.89526038619
EUW1_7451907740,EUW,1751660971353,15.13.693.4876,420,200,red,0,5938.2,122887.0,28,50,28.483333333333338,4314.347571679344
EUW1_7455349806,EUW,1751974811594,15.13.693.4876,420,100,blue,0,4849.2,41274.0,11,38,20.366666666666667,2026.5466448445172
EUW1_7455349806,EUW,1751974811594,15.13.693.4876,420,200,red,1,5011.6,54416.0,20,27,20.366666666666667,2671.8166939443536
EUW1_7458113515,EUW,1752235482768,15.13.693.4876,420,100,blue,1,5032.0,172900.0,50,79,40.28333333333333,4292.097641704593
EUW1_7458113515,EUW,1752235482768,15.13.693.4876,420,200,red,0,5642.2,162003.0,51,54,40.28333333333333,4021.58874637981
EUW1_7458140975,EUW,1752238253558,15.13.693.4876,420,100,blue,1,5453.0,93783.0,36,47,25.766666666666662,3639.702457956016
EUW1_7458140975,EUW,1752238253558,15.13.693.4876,420,200,red,0,4957.8,63833.0,18,45,25.766666666666662,2477.347994825356
EUW1_7458815951,EUW,1752279452223,15.13.693.4876,420,100,blue,1,5343.4,158942.0,52,64,32.0,4966.9375
EUW1_7458815951,EUW,1752279452223,15.13.693.4876,420,200,red,0,5723.0,122158.0,30,70,32.0,3817.4375
EUW1_7459733697,EUW,1752361868738,15.13.693.4876,420,100,blue,0,5418.6,110331.0,32,42,30.56666666666667,3609.520174482006
EUW1_7459733697,EUW,1752361868738,15.13.693.4876,420,200,red,1,6329.0,170996.0,45,51,30.56666666666667,5594.198473282442
EUW1_7459760989,EUW,1752364297208,15.13.693.4876,420,100,blue,0,5558.4,108639.0,27,66,28.93333333333333,3754.8041474654383
EUW1_7459760989,EUW,1752364297208,15.13.693.4876,420,200,red,1,5815.6,129473.0,40,49,28.93333333333333,4474.873271889402
EUW1_7460008463,EUW,1752406073299,15.13.693.4876,420,100,blue,0,4991.2,90322.0,19,46,28.6,3158.1118881118878
EUW1_7460008463,EUW,1752406073299,15.13.693.4876,420,200,red,1,6101.8,112778.0,40,58,28.6,3943.286713286713
EUW1_7460112706,EUW,1752413033206,15.13.693.4876,420,100,blue,0,5333.8,65187.0,22,47,23.016666666666666,2832.16509775525
EUW1_7460112706,EUW,1752413033206,15.13.693.4876,420,200,red,1,6777.6,100116.0,38,36,23.016666666666666,4349.717595944968
EUW1_7460140396,EUW,1752414993272,15.13.693.4876,420,100,blue,0,5301.6,87445.0,25,52,28.866666666666667,3029.272517321016
EUW1_7460140396,EUW,1752414993272,15.13.693.4876,420,200,red,1,5562.6,121112.0,42,61,28.866666666666667,4195.565819861432
EUW1_7460587401,EUW,1752437787527,15.13.693.4876,420,100,blue,1,5803.8,148655.0,41,75,34.666666666666664,4288.125
EUW1_7460587401,EUW,1752437787527,15.13.693.4876,420,200,red,0,5619.4,126780.0,38,63,34.666666666666664,3657.1153846153848
EUW1_7460652191,EUW,1752440884078,15.13.693.4876,420,100,blue,1,6485.0,40586.0,26,30,16.183333333333334,2507.8887744593203
EUW1_7460652191,EUW,1752440884078,15.13.693.4876,420,200,red,0,5047.4,38399.0,14,28,16.183333333333334,2372.7497425334705
EUW1_7460684023,EUW,1752442296947,15.13.693.4876,420,100,blue,1,6108.4,124683.0,44,52,26.266666666666662,4746.814720812184
EUW1_7460684023,EUW,1752442296947,15.13.693.4876,420,200,red,0,5174.2,102569.0,29,54,26.266666666666662,3904.911167512691
EUW1_7460772103,EUW,1752447847053,15.13.693.4876,420,100,blue,0,5612.4,114108.0,33,60,30.016666666666662,3801.488062187674
EUW1_7460772103,EUW,1752447847053,15.13.693.4876,420,200,red,1,5524.6,110320.0,31,73,30.016666666666662,3675.2915047196007
EUW1_7461117814,EUW,1752499727411,15.13.693.4876,420,100,blue,0,4833.2,25088.0,5,31,16.116666666666667,1556.6494312306102
EUW1_7461117814,EUW,1752499727411,15.13.693.4876,420,200,red,1,6249.6,51899.0,24,22,16.116666666666667,3220.2068252326785
EUW1_7461137975,EUW,1752501172420,15.13.693.4876,420,100,blue,1,6320.8,153601.0,45,50,31.06666666666667,4944.238197424892
EUW1_7461137975,EUW,1752501172420,15.13.693.4876,420,200,red,0,4696.6,116853.0,18,77,31.06666666666667,3761.362660944206
EUW1_7461180519,EUW,1752503637899,15.13.693.4876,420,100,blue,1,5602.6,89495.0,37,49,27.03333333333334,3310.5425400739823
EUW1_7461180519,EUW,1752503637899,15.13.693.4876,420,200,red,0,5022.4,87005.0,15,56,27.03333333333334,3218.4340320591855
EUW1_7461210270,EUW,1752505783169,15.13.693.4876,420,100,blue,0,5239.0,130740.0,31,64,35.05,3730.099857346648
EUW1_7461210270,EUW,1752505783169,15.13.693.4876,420,200,red,1,5692.8,160304.0,36,93,35.05,4573.58059914408
EUW1_7462019391,EUW,1752580315940,15.13.693.4876,420,100,blue,1,5126.2,24611.0,13,19,12.98333333333333,1895.5840821566114
EUW1_7462019391,EUW,1752580315940,15.13.693.4876,420,200,red,0,3521.8,12815.0,2,19,12.98333333333333,987.0346598202826
EUW1_7462031373,EUW,1752581502905,15.13.693.4876,420,100,blue,0,4824.6,58876.0,18,55,26.366666666666667,2232.970922882427
EUW1_7462031373,EUW,1752581502905,15.13.693.4876,420,200,red,1,5243.2,85988.0,36,50,26.366666666666667,3261.238938053097
EUW1_7462063493,EUW,1752583435564,15.13.693.4876,420,100,blue,1,5027.4,111275.0,36,66,29.583333333333332,3761.4084507042253
EUW1_7462063493,EUW,1752583435564,15.13.693.4876,420,200,red,0,4830.4,88685.0,25,62,29.583333333333332,2997.8028169014087
EUW1_7462084092,EUW,1752585515426,15.13.693.4876,420,100,blue,0,4953.2,153876.0,35,66,37.45,4108.838451268358
EUW1_7462084092,EUW,1752585515426,15.13.693.4876,420,200,red,1,4754.4,147255.0,35,77,37.45,3932.0427236315086
EUW1_7462122751,EUW,1752588064495,15.13.693.4876,420,100,blue,1,5344.2,35690.0,13,27,15.73333333333333,2268.432203389831
EUW1_7462122751,EUW,1752588064495,15.13.693.4876,420,200,red,0,4777.2,33350.0,13,20,15.73333333333333,2119.703389830509
EUW1_7462137441,EUW,1752589351673,15.13.693.4876,420,100,blue,1,5961.6,105436.0,52,50,27.55,3827.0780399274045
EUW1_7462137441,EUW,1752589351673,15.13.693.4876,420,200,red,0,4650.2,59858.0,17,41,27.55,2172.704174228675
EUW1_7462695624,EUW,1752617328452,15.13.693.4876,420,100,blue,0,4696.8,66719.0,8,39,23.216666666666665,2873.754486719311
EUW1_7462695624,EUW,1752617328452,15.13.693.4876,420,200,red,1,5447.0,73117.0,25,43,23.216666666666665,3149.3323761665474
EUW1_7462721078,EUW,1752619116896,15.13.693.4876,420,100,blue,0,5270.2,173704.0,37,56,33.21666666666667,5229.42298043151
EUW1_7462721078,EUW,1752619116896,15.13.693.4876,420,200,red,1,5588.2,163686.0,38,68,33.21666666666667,4927.827395885599
EUW1_7462755611,EUW,1752621473590,15.13.693.4876,420,100,blue,1,5588.2,189211.0,54,83,42.5,4452.023529411765
EUW1_7462755611,EUW,1752621473590,15.13.693.4876,420,200,red,0,5240.6,195148.0,45,90,42.5,4591.717647058824
EUW1_7465839675,EUW,1752879127396,15.14.695.3589,420,100,blue,0,5162.0,118580.0,17,61,26.93333333333333,4402.722772277229
EUW1_7465839675,EUW,1752879127396,15.14.695.3589,420,200,red,1,5585.8,105664.0,38,45,26.93333333333333,3923.1683168316836
EUW1_7465868034,EUW,1752881077257,15.14.695.3589,420,100,blue,1,5126.0,110173.0,33,48,28.85,3818.8214904679376
EUW1_7465868034,EUW,1752881077257,15.14.695.3589,420,200,red,0,5044.2,82360.0,19,57,28.85,2854.7660311958402
EUW1_7465899505,EUW,1752883163141,15.14.695.3589,420,100,blue,0,4984.2,75693.0,22,55,27.9,2713.010752688172
EUW1_7465899505,EUW,1752883163141,15.14.695.3589,420,200,red,1,5395.4,106583.0,36,59,27.9,3820.179211469534
EUW1_7470158332,EUW,1753255248154,15.14.697.2104,420,100,blue,1,4919.6,147959.0,47,50,29.266666666666662,5055.546697038725
EUW1_7470158332,EUW,1753255248154,15.14.697.2104,420,200,red,0,4952.4,120923.0,32,51,29.266666666666662,4131.765375854215
EUW1_7471418694,EUW,1753371226380,15.14.697.2104,420,100,blue,0,5115.4,102558.0,30,85,33.1,3098.4290030211478
EUW1_7471418694,EUW,1753371226380,15.14.697.2104,420,200,red,1,5316.4,132144.0,35,61,33.1,3992.26586102719
EUW1_7471457940,EUW,1753373801625,15.14.697.2104,420,100,blue,1,5027.0,125299.0,27,66,32.016666666666666,3913.555439875065
EUW1_7471457940,EUW,1753373801625,15.14.697.2104,420,200,red,0,5049.8,105631.0,22,67,32.016666666666666,3299.2503904216555
EUW1_7471784244,EUW,1753390684379,15.14.697.2104,420,100,blue,0,5120.0,146978.0,32,82,39.0,3768.6666666666665
EUW1_7471784244,EUW,1753390684379,15.14.697.2104,420,200,red,1,5244.2,182355.0,58,87,39.0,4675.7692307692305
EUW1_7472421816,EUW,1753461973508,15.14.697.2104,420,100,blue,0,5419.4,99254.0,26,37,27.45,3615.810564663024
EUW1_7472421816,EUW,1753461973508,15.14.697.2104,420,200,red,1,5426.0,89776.0,31,62,27.45,3270.528233151184
EUW1_7472585026,EUW,1753471658691,15.14.697.2104,420,100,blue,0,4326.6,28599.0,7,21,18.9,1513.1746031746034
EUW1_7472585026,EUW,1753471658691,15.14.697.2104,420,200,red,1,6349.4,58741.0,26,30,18.9,3107.989417989418
EUW1_7472612426,EUW,1753473159001,15.14.697.2104,420,100,blue,0,4769.6,62183.0,14,40,26.15,2377.934990439771
EUW1_7472612426,EUW,1753473159001,15.14.697.2104,420,200,red,1,5429.2,97389.0,25,53,26.15,3724.244741873805
EUW1_7473076410,EUW,1753526532477,15.14.697.2104,420,100,blue,1,5377.0,92153.0,32,53,27.46666666666666,3355.0849514563115
EUW1_7473076410,EUW,1753526532477,15.14.697.2104,420,200,red,0,5220.0,78678.0,18,49,27.46666666666666,2864.4902912621365
EUW1_7473116831,EUW,1753529623308,15.14.697.2104,420,100,blue,0,4546.6,66557.0,19,49,27.43333333333333,2426.136087484812
EUW1_7473116831,EUW,1753529623308,15.14.697.2104,420,200,red,1,5097.2,102893.0,33,61,27.43333333333333,3750.6561360874853
EUW1_7473119592,EUW,1753529672311,15.14.697.2104,420,100,blue,0,5024.4,42102.0,12,45,21.25,1981.270588235294
EUW1_7473119592,EUW,1753529672311,15.14.697.2104,420,200,red,1,6125.4,68040.0,32,43,21.25,3201.8823529411766
EUW1_7473142075,EUW,1753531682266,15.14.697.2104,420,100,blue,1,5527.4,134522.0,44,65,30.15,4461.757877280265
EUW1_7473142075,EUW,1753531682266,15.14.697.2104,420,200,red,0,5817.2,87269.0,31,50,30.15,2894.494195688226
EUW1_7473169444,EUW,1753533994728,15.14.697.2104,420,100,blue,1,6688.8,44968.0,21,29,16.9,2660.8284023668643
EUW1_7473169444,EUW,1753533994728,15.14.697.2104,420,200,red,0,4811.4,30448.0,8,24,16.9,1801.656804733728
EUW1_7473384903,EUW,1753547207995,15.14.697.2104,420,100,blue,1,5576.4,82707.0,29,51,27.0,3063.222222222222
EUW1_7473384903,EUW,1753547207995,15.14.697.2104,420,200,red,0,4938.8,50348.0,12,66,27.0,1864.7407407407406
EUW1_7474012593,EUW,1753610273185,15.14.697.2104,420,100,blue,1,5513.0,105772.0,39,49,27.35,3867.3491773308956
EUW1_7474012593,EUW,1753610273185,15.14.697.2104,420,200,red,0,4860.4,93501.0,22,48,27.35,3418.683729433272
EUW1_7474034266,EUW,1753612699948,15.14.697.2104,420,100,blue,0,4766.2,88565.0,18,59,29.383333333333333,3014.123652864436
EUW1_7474034266,EUW,1753612699948,15.14.697.2104,420,200,red,1,5384.0,95775.0,35,61,29.383333333333333,3259.500850822462
EUW1_7474306029,EUW,1753629429792,15.14.697.2104,420,100,blue,0,5529.0,139272.0,34,58,33.15,4201.266968325792
EUW1_7474306029,EUW,1753629429792,15.14.697.2104,420,200,red,1,5035.6,163042.0,43,69,33.15,4918.3107088989445
EUW1_7474349264,EUW,1753631678564,15.14.697.2104,420,100,blue,0,4745.0,53299.0,11,66,26.18333333333333,2035.6078930617443
EUW1_7474349264,EUW,1753631678564,15.14.697.2104,420,200,red,1,5291.0,131132.0,35,49,26.18333333333333,5008.224061107576
EUW1_7474677994,EUW,1753647611899,15.14.697.2104,420,100,blue,0,4542.2,85681.0,19,47,28.5,3006.3508771929824
EUW1_7474677994,EUW,1753647611899,15.14.697.2104,420,200,red,1,5655.8,118123.0,39,50,28.5,4144.666666666667
EUW1_7474721818,EUW,1753649701711,15.14.697.2104,420,100,blue,0,4791.0,75425.0,24,48,26.383333333333333,2858.8123815540116
EUW1_7474721818,EUW,1753649701711,15.14.697.2104,420,200,red,1,5462.4,94128.0,34,47,26.383333333333333,3567.706885660139
EUW1_7476026951,EUW,1753788395083,15.14.697.2104,420,100,blue,1,5270.2,93691.0,28,45,24.666666666666668,3798.2837837837837
EUW1_7476026951,EUW,1753788395083,15.14.697.2104,420,200,red,0,4963.6,71938.0,15,42,24.666666666666668,2916.4054054054054
EUW1_7476052610,EUW,1753790488750,15.14.697.2104,420,100,blue,0,5154.0,86031.0,25,42,26.916666666666668,3196.1981424148607
EUW1_7476052610,EUW,1753790488750,15.14.697.2104,420,200,red,1,5233.0,117674.0,30,48,26.916666666666668,4371.78947368421
EUW1_7476073158,EUW,1753792797378,15.14.697.2104,420,100,blue,0,6108.0,119287.0,34,52,30.516666666666662,3908.913162206445
EUW1_7476073158,EUW,1753792797378,15.14.697.2104,420,200,red,1,5848.4,127808.0,40,47,30.516666666666662,4188.137629710542
EUW1_7476130145,EUW,1753797241309,15.14.697.2104,420,100,blue,1,5491.6,86777.0,30,48,23.666666666666668,3666.633802816901
EUW1_7476130145,EUW,1753797241309,15.14.697.2104,420,200,red,0,4653.8,53788.0,10,41,23.666666666666668,2272.7323943661972
EUW1_7476158734,EUW,1753799058265,15.14.697.2104,420,100,blue,0,5510.6,81375.0,17,42,23.4,3477.564102564103
EUW1_7476158734,EUW,1753799058265,15.14.697.2104,420,200,red,1,5864.8,108799.0,34,37,23.4,4649.529914529915
EUW1_7476187529,EUW,1753800847435,15.14.697.2104,420,100,blue,1,5190.2,118684.0,34,60,28.18333333333333,4211.141336487286
EUW1_7476187529,EUW,1753800847435,15.14.697.2104,420,200,red,0,4847.6,79049.0,12,51,28.18333333333333,2804.81371969249
EUW1_7476269496,EUW,1753805961938,15.14.697.2104,420,100,blue,0,4318.6,24039.0,4,21,15.26666666666667,1574.606986899563
EUW1_7476269496,EUW,1753805961938,15.14.697.2104,420,200,red,1,6392.0,43780.0,22,29,15.26666666666667,2867.68558951965
EUW1_7476290762,EUW,1753807359581,15.14.697.2104,420,100,blue,0,4717.0,78439.0,14,55,29.133333333333333,2692.414187643021
EUW1_7476290762,EUW,1753807359581,15.14.697.2104,420,200,red,1,5470.2,111028.0,30,58,29.133333333333333,3811.0297482837527
EUW1_7476954253,EUW,1753871845882,15.15.699.7589,420,100,blue,1,5675.0,104871.0,40,53,29.46666666666666,3558.9705882352946
EUW1_7476954253,EUW,1753871845882,15.15.699.7589,420,200,red,0,5561.6,99566.0,28,43,29.46666666666666,3378.936651583711
EUW1_7476981417,EUW,1753874119332,15.15.699.7589,420,100,blue,1,6380.6,155694.0,41,70,36.03333333333333,4320.832562442183
EUW1_7476981417,EUW,1753874119332,15.15.699.7589,420,200,red,0,5516.6,201923.0,41,87,36.03333333333333,5603.783533765033
EUW1_7477438688,EUW,1753898558745,15.15.699.7589,420,100,blue,0,4731.6,57533.0,16,62,30.21666666666666,1904.0154440154442
EUW1_7477438688,EUW,1753898558745,15.15.699.7589,420,200,red,1,4718.2,95841.0,28,54,30.21666666666666,3171.7926089354664
EUW1_7477491616,EUW,1753900644277,15.15.699.7589,420,100,blue,0,5196.2,107495.0,29,63,32.0,3359.21875
EUW1_7477491616,EUW,1753900644277,15.15.699.7589,420,200,red,1,5379.8,131954.0,37,70,32.0,4123.5625
EUW1_7477570660,EUW,1753903604822,15.15.699.7589,420,100,blue,0,5061.2,146819.0,43,85,40.2,3652.2139303482586
EUW1_7477570660,EUW,1753903604822,15.15.699.7589,420,200,red,1,5042.2,185183.0,53,83,40.2,4606.542288557213
EUW1_7478180633,EUW,1753957614955,15.15.699.7589,420,100,blue,1,5393.8,118621.0,43,50,29.766666666666662,3985.0279955207175
EUW1_7478180633,EUW,1753957614955,15.15.699.7589,420,200,red,0,5163.2,99311.0,23,48,29.766666666666662,3336.3157894736846
EUW1_7479453637,EUW,1754046631637,15.15.699.7589,420,100,blue,1,5203.4,92980.0,33,56,27.633333333333333,3364.7768395657417
EUW1_7479453637,EUW,1754046631637,15.15.699.7589,420,200,red,0,4561.6,70440.0,9,47,27.633333333333333,2549.0952955367916
EUW1_7479481205,EUW,1754048838075,15.15.699.7589,420,100,blue,0,5494.8,92646.0,25,59,32.18333333333333,2878.694976696013
EUW1_7479481205,EUW,1754048838075,15.15.699.7589,420,200,red,1,5349.6,142738.0,45,61,32.18333333333333,4435.1527705851895
EUW1_7479728241,EUW,1754062148529,15.15.699.7589,420,100,blue,0,4730.2,111785.0,22,62,29.4,3802.2108843537417
EUW1_7479728241,EUW,1754062148529,15.15.699.7589,420,200,red,1,5275.2,114418.0,36,48,29.4,3891.7687074829932
EUW1_7479776274,EUW,1754064454261,15.15.699.7589,420,100,blue,1,5612.4,106897.0,44,43,26.266666666666662,4069.682741116752
EUW1_7479776274,EUW,1754064454261,15.15.699.7589,420,200,red,0,5394.2,98200.0,24,54,26.266666666666662,3738.578680203046
EUW1_7479817266,EUW,1754066391953,15.15.699.7589,420,100,blue,0,5133.2,73989.0,21,44,27.96666666666666,2645.6138259833137
EUW1_7479817266,EUW,1754066391953,15.15.699.7589,420,200,red,1,6177.4,111622.0,38,41,27.96666666666666,3991.2514898688923
EUW1_7479861824,EUW,1754068407528,15.15.699.7589,420,100,blue,1,6645.2,81825.0,41,44,22.55,3628.60310421286
EUW1_7479861824,EUW,1754068407528,15.15.699.7589,420,200,red,0,4852.4,65036.0,16,38,22.55,2884.079822616408
EUW1_7481537043,EUW,1754173030560,15.15.699.7589,420,100,blue,0,5101.6,80458.0,20,43,27.0,2979.925925925926
EUW1_7481537043,EUW,1754173030560,15.15.699.7589,420,200,red,1,5292.8,101566.0,26,56,27.0,3761.703703703704
EUW1_7481860126,EUW,1754213801387,15.15.699.7589,420,100,blue,1,5130.2,97895.0,35,51,25.116666666666667,3897.6111479761116
EUW1_7481860126,EUW,1754213801387,15.15.699.7589,420,200,red,0,4401.4,54184.0,12,42,25.116666666666667,2157.2926343729264
EUW1_7481888406,EUW,1754215951519,15.15.699.7589,420,100,blue,0,4687.8,89430.0,24,59,28.883333333333333,3096.249278707444
EUW1_7481888406,EUW,1754215951519,15.15.699.7589,420,200,red,1,5365.8,110523.0,35,69,28.883333333333333,3826.532025389498
EUW1_7484017940,EUW,1754342814318,15.15.699.7589,420,100,blue,1,5141.0,35355.0,13,37,18.333333333333332,1928.4545454545455
EUW1_7484017940,EUW,1754342814318,15.15.699.7589,420,200,red,0,4466.2,28008.0,4,35,18.333333333333332,1527.709090909091
EUW1_7486568128,EUW,1754551234849,15.15.701.6241,420,100,blue,0,5188.4,136937.0,41,71,37.1,3691.024258760108
EUW1_7486568128,EUW,1754551234849,15.15.701.6241,420,200,red,1,5504.2,188682.0,55,76,37.1,5085.76819407008
EUW1_7487265750,EUW,1754596612552,15.15.701.6241,420,100,blue,1,5857.2,65831.0,29,52,21.85,3012.8604118993135
EUW1_7487265750,EUW,1754596612552,15.15.701.6241,420,200,red,0,4901.0,59328.0,9,40,21.85,2715.2402745995423
EUW1_7490548872,EUW,1754852405637,15.15.701.6241,420,100,blue,1,5703.8,113213.0,40,71,30.233333333333338,3744.6416758544647
EUW1_7490548872,EUW,1754852405637,15.15.701.6241,420,200,red,0,5429.8,91767.0,22,53,30.233333333333338,3035.2921719955893
EUW1_7490596386,EUW,1754854606043,15.15.701.6241,420,100,blue,1,5354.2,122760.0,35,62,30.083333333333332,4080.6648199445985
EUW1_7490596386,EUW,1754854606043,15.15.701.6241,420,200,red,0,4654.0,111632.0,19,68,30.083333333333332,3710.759002770083
EUW1_7490653902,EUW,1754856763582,15.15.701.6241,420,100,blue,0,5480.8,116080.0,27,45,30.18333333333333,3845.831032578686
EUW1_7490653902,EUW,1754856763582,15.15.701.6241,420,200,red,1,6630.0,145446.0,50,54,30.18333333333333,4818.752070679183
EUW1_7490709081,EUW,1754859122070,15.15.701.6241,420,100,blue,0,4903.6,42571.0,10,44,20.866666666666667,2040.1437699680512
EUW1_7490709081,EUW,1754859122070,15.15.701.6241,420,200,red,1,5240.6,52968.0,16,43,20.866666666666667,2538.402555910543
EUW1_7490748089,EUW,1754860784904,15.15.701.6241,420,100,blue,0,5291.8,62662.0,19,53,24.05,2605.488565488565
EUW1_7490748089,EUW,1754860784904,15.15.701.6241,420,200,red,1,5780.2,109539.0,34,45,24.05,4554.6361746361745
EUW1_7490787740,EUW,1754862607663,15.15.701.6241,420,100,blue,0,5020.8,129134.0,24,62,29.68333333333333,4350.387422796182
EUW1_7490787740,EUW,1754862607663,15.15.701.6241,420,200,red,1,5090.4,122520.0,32,69,29.68333333333333,4127.568781583381
EUW1_7490827560,EUW,1754864738267,15.15.701.6241,420,100,blue,1,5765.6,120780.0,37,75,30.78333333333334,3923.5517054683264
EUW1_7490827560,EUW,1754864738267,15.15.701.6241,420,200,red,0,5177.2,84719.0,24,60,30.78333333333334,2752.1061180292363
EUW1_7490903992,EUW,1754871151783,15.15.701.6241,420,100,blue,1,5287.8,214425.0,45,86,39.53333333333333,5423.903878583474
EUW1_7490903992,EUW,1754871151783,15.15.701.6241,420,200,red,0,5276.8,185902.0,46,72,39.53333333333333,4702.411467116358
EUW1_7491473300,EUW,1754931000705,15.15.701.6241,420,100,blue,0,5221.8,152498.0,26,100,37.85,4029.009247027741
EUW1_7491473300,EUW,1754931000705,15.15.701.6241,420,200,red,1,5652.6,128698.0,39,64,37.85,3400.2113606340818
EUW1_7491526365,EUW,1754933605261,15.15.701.6241,420,100,blue,0,5657.2,132165.0,37,39,30.31666666666667,4359.483232545354
EUW1_7491526365,EUW,1754933605261,15.15.701.6241,420,200,red,1,5051.6,113176.0,37,52,30.31666666666667,3733.128092358438
EUW1_7491578382,EUW,1754935997781,15.15.701.6241,420,100,blue,1,5479.4,83790.0,28,50,27.7,3024.909747292419
EUW1_7491578382,EUW,1754935997781,15.15.701.6241,420,200,red,0,5364.4,87531.0,14,51,27.7,3159.9638989169675
EUW1_7491644993,EUW,1754938577992,15.15.701.6241,420,100,blue,1,5490.8,104317.0,36,50,27.983333333333338,3727.826086956521
EUW1_7491644993,EUW,1754938577992,15.15.701.6241,420,200,red,0,4970.4,91458.0,14,50,27.983333333333338,3268.3025610482423
EUW1_7491699054,EUW,1754940769612,15.15.701.6241,420,100,blue,0,4645.8,60335.0,11,49,26.016666666666662,2319.0903267136455
EUW1_7491699054,EUW,1754940769612,15.15.701.6241,420,200,red,1,5370.4,109494.0,36,54,26.016666666666662,4208.609865470853
EUW1_7491753033,EUW,1754942723832,15.15.701.6241,420,100,blue,0,4933.4,75595.0,19,46,28.35,2666.490299823633
EUW1_7491753033,EUW,1754942723832,15.15.701.6241,420,200,red,1,5604.6,103292.0,31,54,28.35,3643.456790123457
EUW1_7491811491,EUW,1754944811702,15.15.701.6241,420,100,blue,1,5144.2,106928.0,34,54,29.78333333333334,3590.1958589815326
EUW1_7491811491,EUW,1754944811702,15.15.701.6241,420,200,red,0,4546.2,88843.0,18,69,29.78333333333334,2982.9770565193057
EUW1_7491860014,EUW,1754946987784,15.15.701.6241,420,100,blue,0,5631.0,113584.0,26,52,29.25,3883.2136752136753
EUW1_7491860014,EUW,1754946987784,15.15.701.6241,420,200,red,1,5320.6,143148.0,38,63,29.25,4893.948717948718
EUW1_7492893557,EUW,1755030558525,15.15.701.6241,420,100,blue,1,4989.0,101998.0,29,65,28.35,3597.813051146384
EUW1_7492893557,EUW,1755030558525,15.15.701.6241,420,200,red,0,4531.4,72445.0,19,55,28.35,2555.379188712522
EUW1_7493001148,EUW,1755035608654,15.15.701.6241,420,100,blue,1,6188.6,74754.0,29,28,24.25,3082.639175257732
EUW1_7493001148,EUW,1755035608654,15.15.701.6241,420,200,red,0,4897.0,72796.0,18,97,24.25,3001.896907216495
EUW1_7493043065,EUW,1755037925326,15.15.701.6241,420,100,blue,0,5119.8,102095.0,24,53,30.133333333333333,3388.108407079646
EUW1_7493043065,EUW,1755037925326,15.15.701.6241,420,200,red,1,5458.2,124114.0,36,52,30.133333333333333,4118.827433628318
EUW1_7493721439,EUW,1755105547885,15.16.702.7993,420,100,blue,1,5846.8,122329.0,38,54,24.716666666666665,4949.251517194875
EUW1_7493721439,EUW,1755105547885,15.16.702.7993,420,200,red,0,5694.6,72168.0,23,37,24.716666666666665,2919.811193526635
EUW1_7493770968,EUW,1755107753246,15.16.702.7993,420,100,blue,1,5991.6,125789.0,50,66,30.45,4131.001642036125
EUW1_7493770968,EUW,1755107753246,15.16.702.7993,420,200,red,0,5877.8,110120.0,31,59,30.45,3616.4203612479473
EUW1_7493916747,EUW,1755114145247,15.16.702.7993,420,100,blue,0,5110.2,151081.0,24,62,36.483333333333334,4141.09639104614
EUW1_7493916747,EUW,1755114145247,15.16.702.7993,420,200,red,1,5605.2,179668.0,43,83,36.483333333333334,4924.659661946094
EUW1_7493983601,EUW,1755116838487,15.16.702.7993,420,100,blue,0,5167.2,59380.0,14,58,24.766666666666666,2397.5773889636607
EUW1_7493983601,EUW,1755116838487,15.16.702.7993,420,200,red,1,5624.4,82970.0,34,46,24.766666666666666,3350.0672947510097
EUW1_7494026754,EUW,1755118729027,15.16.702.7993,420,100,blue,1,5758.6,191417.0,52,56,30.866666666666667,6201.414686825054
EUW1_7494026754,EUW,1755118729027,15.16.702.7993,420,200,red,0,6097.8,174106.0,39,62,30.866666666666667,5640.583153347732
EUW1_7494075889,EUW,1755121069757,15.16.702.7993,420,100,blue,0,5357.4,70784.0,21,40,23.816666666666666,2972.036389083275
EUW1_7494075889,EUW,1755121069757,15.16.702.7993,420,200,red,1,6260.2,80479.0,32,48,23.816666666666666,3379.1042687193844
EUW1_7498184554,EUW,1755448607299,15.16.704.6097,420,100,blue,1,5648.6,128575.0,44,46,30.03333333333334,4281.076581576026
EUW1_7498184554,EUW,1755448607299,15.16.704.6097,420,200,red,0,4528.0,80830.0,18,55,30.03333333333334,2691.3429522752494
EUW1_7498376986,EUW,1755456991300,15.16.704.6097,420,100,blue,1,5715.6,77931.0,32,44,22.6,3448.2743362831857
EUW1_7498376986,EUW,1755456991300,15.16.704.6097,420,200,red,0,5302.8,50313.0,14,37,22.6,2226.238938053097
EUW1_7498431748,EUW,1755459081629,15.16.704.6097,420,100,blue,1,5450.4,112409.0,42,52,25.616666666666667,4388.1197137280415
EUW1_7498431748,EUW,1755459081629,15.16.704.6097,420,200,red,0,4899.8,68189.0,16,34,25.616666666666667,2661.8998048145736
EUW1_7498479217,EUW,1755461029794,15.16.704.6097,420,100,blue,1,5819.4,92407.0,32,42,23.45,3940.597014925373
EUW1_7498479217,EUW,1755461029794,15.16.704.6097,420,200,red,0,4792.6,59354.0,10,51,23.45,2531.087420042644
EUW1_7498542310,EUW,1755463611659,15.16.704.6097,420,100,blue,1,1630.6,3464.0,2,7,4.95,699.7979797979798
EUW1_7498542310,EUW,1755463611659,15.16.704.6097,420,200,red,0,1366.0,3769.0,0,5,4.95,761.4141414141413
EUW1_7498570899,EUW,1755464758758,15.16.704.6097,420,100,blue,1,5543.6,97677.0,37,77,28.05,3482.2459893048126
EUW1_7498570899,EUW,1755464758758,15.16.704.6097,420,200,red,0,5179.6,82877.0,15,60,28.05,2954.6167557932263
EUW1_7498615109,EUW,1755466939426,15.16.704.6097,420,100,blue,0,6051.8,175603.0,46,81,38.483333333333334,4563.092247726288
EUW1_7498615109,EUW,1755466939426,15.16.704.6097,420,200,red,1,5527.8,175792.0,53,82,38.483333333333334,4568.003464703334
EUW1_7498664190,EUW,1755469710077,15.16.704.6097,420,100,blue,0,5877.2,111071.0,34,55,27.53333333333334,4034.0556900726383
EUW1_7498664190,EUW,1755469710077,15.16.704.6097,420,200,red,1,5700.6,122131.0,45,61,27.53333333333334,4435.750605326875
EUW1_7498692211,EUW,1755471736837,15.16.704.6097,420,100,blue,1,5548.4,145977.0,38,84,33.95,4299.764359351988
EUW1_7498692211,EUW,1755471736837,15.16.704.6097,420,200,red,0,5392.4,134359.0,27,81,33.95,3957.5552282768776
EUW1_7499926077,EUW,1755589434222,15.16.704.6097,420,100,blue,0,4373.2,94616.0,19,50,29.18333333333333,3242.1245002855517
EUW1_7499926077,EUW,1755589434222,15.16.704.6097,420,200,red,1,5569.4,110386.0,40,42,29.18333333333333,3782.501427755569
EUW1_7500761889,EUW,1755638518122,15.16.704.6097,420,100,blue,1,4658.0,141824.0,42,74,34.96666666666667,4055.977121067683
EUW1_7500761889,EUW,1755638518122,15.16.704.6097,420,200,red,0,4878.6,122620.0,27,65,34.96666666666667,3506.7683508102955
EUW1_7503721658,EUW,1755886043047,15.16.704.6097,420,100,blue,0,5100.6,100913.0,28,52,28.46666666666666,3544.9531615925066
EUW1_7503721658,EUW,1755886043047,15.16.704.6097,420,200,red,1,5918.6,126971.0,53,46,28.46666666666666,4460.339578454334
EUW1_7503767493,EUW,1755888309450,15.16.704.6097,420,100,blue,0,4811.6,113478.0,32,66,32.666666666666664,3473.8163265306125
EUW1_7503767493,EUW,1755888309450,15.16.704.6097,420,200,red,1,5660.8,114943.0,40,58,32.666666666666664,3518.663265306123
EUW1_7507074521,EUW,1756144881989,15.16.706.7476,420,100,blue,1,4939.4,103707.0,38,50,30.083333333333332,3447.324099722992
EUW1_7507074521,EUW,1756144881989,15.16.706.7476,420,200,red,0,4557.2,90191.0,16,36,30.083333333333332,2998.038781163435
EUW1_7514472024,EUW,1756665181402,15.17.708.5788,420,100,blue,1,5035.2,133171.0,37,58,32.31666666666667,4120.814853017018
EUW1_7514472024,EUW,1756665181402,15.17.708.5788,420,200,red,0,4641.2,111699.0,25,53,32.31666666666667,3456.3898916967505
EUW1_7515785951,EUW,1756760356640,15.17.708.5788,420,100,blue,1,5379.4,120928.0,46,54,28.6,4228.251748251748
EUW1_7515785951,EUW,1756760356640,15.17.708.5788,420,200,red,0,4474.6,65226.0,23,42,28.6,2280.6293706293704
EUW1_7516496295,EUW,1756833365515,15.17.708.5788,420,100,blue,1,5878.4,128487.0,43,72,31.1,4131.414790996784
EUW1_7516496295,EUW,1756833365515,15.17.708.5788,420,200,red,0,5310.4,103412.0,24,51,31.1,3325.144694533762
EUW1_7516573565,EUW,1756836557810,15.17.708.5788,420,100,blue,0,5025.2,110370.0,22,76,32.03333333333333,3445.4734651404788
EUW1_7516573565,EUW,1756836557810,15.17.708.5788,420,200,red,1,6466.6,143768.0,49,81,32.03333333333333,4488.074921956296
EUW1_7516621255,EUW,1756838922117,15.17.708.5788,420,100,blue,1,5845.0,137155.0,48,64,35.21666666666667,3894.60482725982
EUW1_7516621255,EUW,1756838922117,15.17.708.5788,420,200,red,0,5058.6,121961.0,24,52,35.21666666666667,3463.1613819214385
EUW1_7516692948,EUW,1756841657316,15.17.708.5788,420,100,blue,1,5254.2,104468.0,38,70,30.983333333333338,3371.7482517482513
EUW1_7516692948,EUW,1756841657316,15.17.708.5788,420,200,red,0,5159.4,105654.0,21,74,30.983333333333338,3410.026896180742
EUW1_7516751830,EUW,1756843890389,15.17.708.5788,420,100,blue,0,5074.8,138811.0,27,63,29.516666666666662,4702.800677583287
EUW1_7516751830,EUW,1756843890389,15.17.708.5788,420,200,red,1,5567.6,113638.0,40,81,29.516666666666662,3849.960474308301
EUW1_7516761239,EUW,1756844419094,15.17.708.5788,420,100,blue,0,5161.4,71784.0,15,47,23.766666666666666,3020.364656381487
EUW1_7516761239,EUW,1756844419094,15.17.708.5788,420,200,red,1,5719.2,77196.0,30,37,23.766666666666666,3248.0785413744743
EUW1_7516784366,EUW,1756845282126,15.17.708.5788,420,100,blue,0,4580.4,67127.0,15,50,28.483333333333338,2356.7115272088936
EUW1_7516784366,EUW,1756845282126,15.17.708.5788,420,200,red,1,4852.4,117695.0,27,56,28.483333333333338,4132.065535400819
EUW1_7516804337,EUW,1756846105724,15.17.708.5788,420,100,blue,0,5562.2,104344.0,25,83,32.733333333333334,3187.6985743380856
EUW1_7516804337,EUW,1756846105724,15.17.708.5788,420,200,red,1,5772.8,202795.0,40,55,32.733333333333334,6195.366598778004
EUW1_7516816490,EUW,1756846361303,15.17.708.5788,420,100,blue,1,5502.8,32386.0,15,30,16.9,1916.3313609467457
EUW1_7516816490,EUW,1756846361303,15.17.708.5788,420,200,red,0,4868.6,39752.0,10,28,16.9,2352.189349112426
EUW1_7516841302,EUW,1756847797550,15.17.708.5788,420,100,blue,0,5001.0,110673.0,24,50,26.616666666666667,4158.033813400125
EUW1_7516841302,EUW,1756847797550,15.17.708.5788,420,200,red,1,5820.0,111849.0,45,53,26.616666666666667,4202.216656230432
EUW1_7516901634,EUW,1756850595371,15.17.708.5788,420,100,blue,1,6044.0,33490.0,18,26,15.6,2146.794871794872
EUW1_7516901634,EUW,1756850595371,15.17.708.5788,420,200,red,0,4416.8,28675.0,4,23,15.6,1838.1410256410256
EUW1_7516917311,EUW,1756851953190,15.17.708.5788,420,100,blue,1,5257.0,126570.0,41,63,30.1,4204.983388704319
EUW1_7516917311,EUW,1756851953190,15.17.708.5788,420,200,red,0,5150.0,95563.0,19,53,30.1,3174.8504983388702
EUW1_7516975345,EUW,1756856861444,15.17.708.5788,420,100,blue,0,5787.6,120970.0,30,72,32.266666666666666,3749.0702479338843
EUW1_7516975345,EUW,1756856861444,15.17.708.5788,420,200,red,1,5380.2,158253.0,50,69,32.266666666666666,4904.535123966943
EUW1_7516993381,EUW,1756859234977,15.17.708.5788,420,100,blue,1,5183.8,172327.0,45,79,35.46666666666667,4858.843984962406
EUW1_7516993381,EUW,1756859234977,15.17.708.5788,420,200,red,0,5436.0,141500.0,32,65,35.46666666666667,3989.6616541353383
EUW1_7517011893,EUW,1756861837792,15.17.708.5788,420,100,blue,0,5526.4,106458.0,21,55,29.81666666666667,3570.41922861934
EUW1_7517011893,EUW,1756861837792,15.17.708.5788,420,200,red,1,5184.6,143907.0,34,69,29.81666666666667,4826.394633873672
EUW1_7517022844,EUW,1756864055636,15.17.708.5788,420,100,blue,0,4623.2,30348.0,8,23,15.183333333333334,1998.7705817782655
EUW1_7517022844,EUW,1756864055636,15.17.708.5788,420,200,red,1,6363.4,43618.0,21,21,15.183333333333334,2872.755214050494
EUW1_7517029656,EUW,1756865649014,15.17.708.5788,420,100,blue,0,5825.2,65581.0,22,64,25.466666666666665,2575.170157068063
EUW1_7517029656,EUW,1756865649014,15.17.708.5788,420,200,red,1,5836.6,98353.0,38,45,25.466666666666665,3862.0287958115186
EUW1_7517030295,EUW,1756867952373,15.17.708.5788,420,100,blue,1,5321.2,106602.0,39,56,28.15,3786.927175843695
EUW1_7517030295,EUW,1756867952373,15.17.708.5788,420,200,red,0,5369.2,106415.0,25,47,28.15,3780.2841918294853
EUW1_7517041530,EUW,1756870094805,15.17.708.5788,420,100,blue,1,4742.0,177632.0,41,73,36.55,4859.972640218879
EUW1_7517041530,EUW,1756870094805,15.17.708.5788,420,200,red,0,5182.4,148313.0,24,87,36.55,4057.81121751026
EUW1_7517042056,EUW,1756872955362,15.17.708.5788,420,100,blue,0,5396.4,175397.0,34,106,40.2,4363.109452736318
EUW1_7517042056,EUW,1756872955362,15.17.708.5788,420,200,red,1,5640.0,178227.0,45,106,40.2,4433.507462686567
EUW1_7517052629,EUW,1756876179659,15.17.708.5788,420,100,blue,0,5390.2,89989.0,20,51,28.65,3140.977312390925
EUW1_7517052629,EUW,1756876179659,15.17.708.5788,420,200,red,1,5991.8,114526.0,40,64,28.65,3997.4171029668414
EUW1_7517056583,EUW,1756878522703,15.17.708.5788,420,100,blue,1,5552.0,178436.0,48,71,41.56666666666667,4292.766639935846
EUW1_7517056583,EUW,1756878522703,15.17.708.5788,420,200,red,0,4702.4,186020.0,47,86,41.56666666666667,4475.220529270248
EUW1_7517059498,EUW,1756879029349,15.17.708.5788,420,100,blue,1,6104.4,49118.0,21,28,15.85,3098.927444794953
EUW1_7517059498,EUW,1756879029349,15.17.708.5788,420,200,red,0,5085.8,29905.0,10,18,15.85,1886.7507886435333
EUW1_7517061668,EUW,1756880623839,15.17.708.5788,420,100,blue,0,5327.0,70951.0,18,58,29.016666666666662,2445.180930499713
EUW1_7517061668,EUW,1756880623839,15.17.708.5788,420,200,red,1,5254.8,99801.0,35,67,29.016666666666662,3439.437105112005
EUW1_7517072792,EUW,1756883815177,15.17.708.5788,420,100,blue,0,5335.8,94737.0,25,56,31.7,2988.5488958990536
EUW1_7517072792,EUW,1756883815177,15.17.708.5788,420,200,red,1,5653.8,141220.0,48,53,31.7,4454.889589905363
EUW1_7517080358,EUW,1756886188543,15.17.708.5788,420,100,blue,1,5433.6,117339.0,32,68,31.56666666666667,3717.1805702217525
EUW1_7517080358,EUW,1756886188543,15.17.708.5788,420,200,red,0,4554.8,91089.0,14,70,31.56666666666667,2885.6071805702213
EUW1_7517101564,EUW,1756888628573,15.17.708.5788,420,100,blue,0,5273.6,90074.0,16,52,28.3,3182.8268551236747
EUW1_7517101564,EUW,1756888628573,15.17.708.5788,420,200,red,1,5484.0,110766.0,33,55,28.3,3913.9929328621906
EUW1_7517116571,EUW,1756890812298,15.17.708.5788,420,100,blue,0,4942.0,83019.0,17,95,32.96666666666667,2518.2709807886754
EUW1_7517116571,EUW,1756890812298,15.17.708.5788,420,200,red,1,5534.6,93381.0,26,74,32.96666666666667,2832.5884732052577
EUW1_7517137528,EUW,1756893209121,15.17.708.5788,420,100,blue,1,5898.0,139563.0,46,55,32.15,4340.99533437014
EUW1_7517137528,EUW,1756893209121,15.17.708.5788,420,200,red,0,5740.6,117072.0,33,62,32.15,3641.4307931570766
EUW1_7517989540,EUW,1756942042685,15.17.708.5788,420,100,blue,1,6466.8,40013.0,20,30,15.183333333333334,2635.3238199780462
EUW1_7517989540,EUW,1756942042685,15.17.708.5788,420,200,red,0,4815.2,23754.0,5,22,15.183333333333334,1564.4785949506038
EUW1_7518911995,EUW,1757024386868,15.17.708.5788,420,100,blue,0,5241.6,91692.0,23,49,27.833333333333332,3294.323353293413
EUW1_7518911995,EUW,1757024386868,15.17.708.5788,420,200,red,1,5756.4,123831.0,43,70,27.833333333333332,4449.017964071856
EUW1_7519191313,EUW,1757072219884,15.17.708.5788,420,100,blue,0,5523.2,164960.0,44,62,35.53333333333333,4642.401500938086
EUW1_7519191313,EUW,1757072219884,15.17.708.5788,420,200,red,1,5651.0,158556.0,51,70,35.53333333333333,4462.176360225141
EUW1_7519227862,EUW,1757074997020,15.17.708.5788,420,100,blue,1,5798.6,86109.0,32,61,27.016666666666662,3187.2547809993835
EUW1_7519227862,EUW,1757074997020,15.17.708.5788,420,200,red,0,5327.2,79522.0,21,62,27.016666666666662,2943.44231955583
EUW1_7522571331,EUW,1757351941301,15.17.708.5788,420,100,blue,0,741.6,1368.0,0,2,2.5833333333333335,529.5483870967741
EUW1_7522571331,EUW,1757351941301,15.17.708.5788,420,200,red,1,766.0,805.0,0,3,2.5833333333333335,311.6129032258064
EUW1_7522590582,EUW,1757352576260,15.17.708.5788,420,100,blue,1,5137.2,181465.0,37,91,36.166666666666664,5017.465437788019
EUW1_7522590582,EUW,1757352576260,15.17.708.5788,420,200,red,0,5604.0,176698.0,42,89,36.166666666666664,4885.658986175115
EUW1_7522645096,EUW,1757355120214,15.17.708.5788,420,100,blue,0,4700.0,68628.0,16,67,26.516666666666662,2588.1081081081084
EUW1_7522645096,EUW,1757355120214,15.17.708.5788,420,200,red,1,5845.6,92410.0,41,47,26.516666666666662,3484.978001257072
EUW1_7522870643,EUW,1757364707661,15.17.708.5788,420,100,blue,1,5887.0,118619.0,38,48,27.133333333333333,4371.707616707617
EUW1_7522870643,EUW,1757364707661,15.17.708.5788,420,200,red,0,5541.4,79059.0,26,76,27.133333333333333,2913.722358722359
EUW1_7524324100,EUW,1757514851857,15.18.710.2811,420,100,blue,0,4747.6,80996.0,9,65,33.5,2417.791044776119
EUW1_7524324100,EUW,1757514851857,15.18.710.2811,420,200,red,1,5319.0,108871.0,31,64,33.5,3249.8805970149256
EUW1_7525408527,EUW,1757606599043,15.18.710.2811,420,100,blue,0,5364.4,101607.0,20,51,29.0,3503.689655172414
EUW1_7525408527,EUW,1757606599043,15.18.710.2811,420,200,red,1,5455.2,142788.0,42,72,29.0,4923.724137931034
EUW1_7525445857,EUW,1757608696271,15.18.710.2811,420,100,blue,1,5419.0,123378.0,47,55,30.266666666666662,4076.3656387665205
EUW1_7525445857,EUW,1757608696271,15.18.710.2811,420,200,red,0,5850.6,137108.0,38,49,30.266666666666662,4530.000000000001
EUW1_7527235380,EUW,1757766889780,15.18.710.2811,420,100,blue,0,5150.4,138408.0,30,87,35.733333333333334,3873.3582089552237
EUW1_7527235380,EUW,1757766889780,15.18.710.2811,420,200,red,1,5168.6,210479.0,35,61,35.733333333333334,5890.270522388059
EUW1_7529010106,EUW,1757886183407,15.18.710.2811,420,100,blue,0,1127.6,3411.0,1,4,3.75,909.6
EUW1_7529010106,EUW,1757886183407,15.18.710.2811,420,200,red,1,1375.6,4491.0,4,3,3.75,1197.6
EUW1_7529021421,EUW,1757886953561,15.18.710.2811,420,100,blue,0,5652.6,148565.0,41,59,34.13333333333333,4352.490234375
EUW1_7529021421,EUW,1757886953561,15.18.710.2811,420,200,red,1,4846.6,154974.0,35,67,34.13333333333333,4540.25390625
EUW1_7529617846,EUW,1757957439691,15.18.710.2811,420,100,blue,1,4983.8,140544.0,36,80,33.05,4252.465960665659
EUW1_7529617846,EUW,1757957439691,15.18.710.2811,420,200,red,0,5412.0,135543.0,35,76,33.05,4101.149773071104
EUW1_7529669515,EUW,1757959896534,15.18.710.2811,420,100,blue,1,5986.8,137606.0,54,47,27.666666666666668,4973.710843373494
EUW1_7529669515,EUW,1757959896534,15.18.710.2811,420,200,red,0,6023.2,111194.0,38,56,27.666666666666668,4019.0602409638554
EUW1_7530009508,EUW,1757976170809,15.18.710.2811,420,100,blue,1,5531.2,90746.0,32,52,28.016666666666662,3239.000594883998
EUW1_7530009508,EUW,1757976170809,15.18.710.2811,420,200,red,0,5408.2,65138.0,15,56,28.016666666666662,2324.9732302201073
EUW1_7531403167,EUW,1758125185425,15.18.710.2811,420,100,blue,1,5937.2,100379.0,37,54,27.9,3597.813620071685
EUW1_7531403167,EUW,1758125185425,15.18.710.2811,420,200,red,0,5085.6,76155.0,20,42,27.9,2729.569892473118
EUW1_7532505274,EUW,1758221707663,15.18.710.2811,420,100,blue,1,5407.2,80713.0,25,35,22.683333333333334,3558.2512858192504
EUW1_7532505274,EUW,1758221707663,15.18.710.2811,420,200,red,0,5427.2,62061.0,15,44,22.683333333333334,2735.9735488611313
EUW1_7533674900,EUW,1758320826360,15.18.710.2811,420,100,blue,1,5365.2,107849.0,34,60,29.75,3625.176470588235
EUW1_7533674900,EUW,1758320826360,15.18.710.2811,420,200,red,0,4976.2,118196.0,25,72,29.75,3972.9747899159665
EUW1_7534236938,EUW,1758383708314,15.18.710.2811,420,100,blue,0,5085.6,213742.0,29,99,43.21666666666667,4945.82337061319
EUW1_7534236938,EUW,1758383708314,15.18.710.2811,420,200,red,1,5184.2,142038.0,34,103,43.21666666666667,3286.6486694947935
EUW1_7534292676,EUW,1758386946263,15.18.710.2811,420,100,blue,0,4727.8,69198.0,14,53,27.95,2475.778175313059
EUW1_7534292676,EUW,1758386946263,15.18.710.2811,420,200,red,1,5865.8,103629.0,35,65,27.95,3707.656529516995
EUW1_7534353614,EUW,1758390693747,15.18.710.2811,420,100,blue,0,825.6,1092.0,0,0,3.0,364.0
EUW1_7534353614,EUW,1758390693747,15.18.710.2811,420,200,red,1,880.8,1661.0,0,1,3.0,553.6666666666666
EUW1_7534356382,EUW,1758391184800,15.18.710.2811,420,100,blue,0,4998.2,104642.0,26,56,27.883333333333333,3752.8511655708307
EUW1_7534356382,EUW,1758391184800,15.18.710.2811,420,200,red,1,5191.8,101993.0,29,59,27.883333333333333,3657.848176927675
EUW1_7534393440,EUW,1758393312975,15.18.710.2811,420,100,blue,0,5538.6,190236.0,39,77,43.63333333333333,4359.877769289534
EUW1_7534393440,EUW,1758393312975,15.18.710.2811,420,200,red,1,5528.0,319607.0,63,78,43.63333333333333,7324.835752482812
EUW1_7534545058,EUW,1758400681014,15.18.710.2811,420,100,blue,1,5809.8,113645.0,43,76,27.833333333333332,4083.0538922155692
EUW1_7534545058,EUW,1758400681014,15.18.710.2811,420,200,red,0,5085.8,89544.0,24,59,27.833333333333332,3217.1497005988026
EUW1_7534589156,EUW,1758402747395,15.18.710.2811,420,100,blue,0,5003.6,78399.0,18,45,26.016666666666662,3013.4144778987834
EUW1_7534589156,EUW,1758402747395,15.18.710.2811,420,200,red,1,6167.0,104951.0,39,44,26.016666666666662,4033.991031390135
EUW1_7535090449,EUW,1758459981580,15.18.710.2811,420,100,blue,1,5081.6,112226.0,37,67,30.06666666666667,3732.5720620842567
EUW1_7535090449,EUW,1758459981580,15.18.710.2811,420,200,red,0,5052.8,93555.0,19,64,30.06666666666667,3111.585365853658
EUW1_7535138442,EUW,1758462427439,15.18.710.2811,420,100,blue,0,5297.2,72102.0,24,47,28.133333333333333,2562.867298578199
EUW1_7535138442,EUW,1758462427439,15.18.710.2811,420,200,red,1,5135.6,93422.0,26,44,28.133333333333333,3320.687203791469
EUW1_7535250932,EUW,1758467724739,15.18.710.2811,420,100,blue,1,5982.0,30992.0,17,26,14.283333333333335,2169.8016336056007
EUW1_7535250932,EUW,1758467724739,15.18.710.2811,420,200,red,0,4319.4,22873.0,7,26,14.283333333333335,1601.3768961493581
EUW1_7536472731,EUW,1758567981943,15.18.710.2811,420,100,blue,0,5731.2,139259.0,42,102,37.68333333333333,3695.5064130915525
EUW1_7536472731,EUW,1758567981943,15.18.710.2811,420,200,red,1,4592.4,160238.0,37,94,37.68333333333333,4252.224679345422
EUW1_7536529298,EUW,1758570651824,15.18.710.2811,420,100,blue,1,5183.8,192026.0,39,106,42.916666666666664,4474.392233009709
EUW1_7536529298,EUW,1758570651824,15.18.710.2811,420,200,red,0,5149.2,187214.0,36,100,42.916666666666664,4362.267961165049
EUW1_7536603961,EUW,1758573705333,15.18.710.2811,420,100,blue,1,5115.6,99516.0,35,68,27.25,3651.9633027522937
EUW1_7536603961,EUW,1758573705333,15.18.710.2811,420,200,red,0,5333.2,64548.0,22,62,27.25,2368.733944954128
EUW1_7536649603,EUW,1758575856762,15.18.710.2811,420,100,blue,1,5381.8,102418.0,37,77,28.21666666666666,3629.698759598347
EUW1_7536649603,EUW,1758575856762,15.18.710.2811,420,200,red,0,5601.0,79698.0,23,60,28.21666666666666,2824.5008860011817
EUW1_7536687542,EUW,1758577933213,15.18.710.2811,420,100,blue,0,5524.0,107235.0,33,47,27.53333333333334,3894.733656174333
EUW1_7536687542,EUW,1758577933213,15.18.710.2811,420,200,red,1,5621.2,132949.0,52,49,27.53333333333334,4828.65617433414
EUW1_7536935938,EUW,1758625066452,15.18.710.2811,420,100,blue,0,5301.0,95982.0,11,66,29.516666666666662,3251.789949181254
EUW1_7536935938,EUW,1758625066452,15.18.710.2811,420,200,red,1,5642.4,122714.0,39,61,29.516666666666662,4157.447769621684
EUW1_7536957011,EUW,1758627389773,15.18.710.2811,420,100,blue,0,4757.2,85088.0,21,44,25.416666666666668,3347.7245901639344
EUW1_7536957011,EUW,1758627389773,15.18.710.2811,420,200,red,1,6121.0,105711.0,39,58,25.416666666666668,4159.12131147541
EUW1_7536985563,EUW,1758629671370,15.18.710.2811,420,100,blue,0,5223.0,110201.0,21,57,28.65,3846.4572425828974
EUW1_7536985563,EUW,1758629671370,15.18.710.2811,420,200,red,1,5806.8,128325.0,38,46,28.65,4479.057591623037
EUW1_7537014489,EUW,1758632228798,15.18.710.2811,420,100,blue,0,5600.8,92706.0,26,60,29.583333333333332,3133.723943661972
EUW1_7537014489,EUW,1758632228798,15.18.710.2811,420,200,red,1,5122.8,139378.0,36,58,29.583333333333332,4711.369014084507
EUW1_7537929901,EUW,1758719265850,15.19.713.5912,420,100,blue,0,5455.4,104723.0,27,49,27.116666666666667,3861.942224953903
EUW1_7537929901,EUW,1758719265850,15.19.713.5912,420,200,red,1,6135.0,112439.0,34,56,27.116666666666667,4146.490473263675
EUW1_7537950425,EUW,1758721245648,15.19.713.5912,420,100,blue,1,5516.8,139987.0,40,60,30.116666666666667,4648.157166574432
EUW1_7537950425,EUW,1758721245648,15.19.713.5912,420,200,red,0,4966.8,107195.0,21,68,30.116666666666667,3559.3248478140563
EUW1_7537981255,EUW,1758723353970,15.19.713.5912,420,100,blue,0,5602.6,152349.0,40,74,34.55,4409.522431259045
EUW1_7537981255,EUW,1758723353970,15.19.713.5912,420,200,red,1,5210.4,146049.0,29,78,34.55,4227.178002894357
EUW1_7538029866,EUW,1758726311326,15.19.713.5912,420,100,blue,1,4997.0,113423.0,31,69,33.21666666666667,3414.641244355243
EUW1_7538029866,EUW,1758726311326,15.19.713.5912,420,200,red,0,5751.0,122737.0,39,57,33.21666666666667,3695.042649272453
EUW1_7542631417,EUW,1758911768308,15.19.714.7225,420,100,blue,1,4738.2,119324.0,28,60,32.0,3728.875
EUW1_7542631417,EUW,1758911768308,15.19.714.7225,420,200,red,0,5347.0,92443.0,20,68,32.0,2888.84375
EUW1_7542752228,EUW,1758914875438,15.19.714.7225,420,100,blue,1,6047.8,79053.0,28,43,25.066666666666666,3153.7101063829787
EUW1_7542752228,EUW,1758914875438,15.19.714.7225,420,200,red,0,4691.2,59242.0,10,47,25.066666666666666,2363.377659574468
EUW1_7542836321,EUW,1758916975779,15.19.715.1836,420,100,blue,1,4974.6,138933.0,32,85,34.03333333333333,4082.262487757101
EUW1_7542836321,EUW,1758916975779,15.19.715.1836,420,200,red,0,5210.0,171732.0,33,58,34.03333333333333,5045.994123408424
EUW1_7542968018,EUW,1758919995001,15.19.715.1836,420,100,blue,0,5122.6,70002.0,15,68,27.583333333333332,2537.8368580060423
EUW1_7542968018,EUW,1758919995001,15.19.715.1836,420,200,red,1,5279.2,83085.0,27,57,27.583333333333332,3012.14501510574
EUW1_7543054505,EUW,1758922020803,15.19.715.1836,420,100,blue,0,5173.2,120792.0,26,98,35.86666666666667,3367.806691449814
EUW1_7543054505,EUW,1758922020803,15.19.715.1836,420,200,red,1,5383.8,138507.0,42,86,35.86666666666667,3861.7193308550186
EUW1_7543826579,EUW,1758971128140,15.19.715.1836,420,100,blue,0,5531.0,84794.0,20,42,25.633333333333333,3307.958387516255
EUW1_7543826579,EUW,1758971128140,15.19.715.1836,420,200,red,1,5669.6,101391.0,36,58,25.633333333333333,3955.435630689207
EUW1_7543881909,EUW,1758973066994,15.19.715.1836,420,100,blue,0,5414.8,108296.0,31,62,29.366666666666667,3687.7185017026104
EUW1_7543881909,EUW,1758973066994,15.19.715.1836,420,200,red,1,5987.6,102092.0,40,48,29.366666666666667,3476.4585698070373
EUW1_7544881806,EUW,1759002147645,15.19.715.1836,420,100,blue,1,5300.2,112199.0,24,60,31.56666666666667,3554.3505807814145
EUW1_7544881806,EUW,1759002147645,15.19.715.1836,420,200,red,0,5519.2,135034.0,34,71,31.56666666666667,4277.740232312565
EUW1_7544970633,EUW,1759004384848,15.19.715.1836,420,100,blue,0,4673.4,65084.0,13,54,28.233333333333338,2305.2184179456904
EUW1_7544970633,EUW,1759004384848,15.19.715.1836,420,200,red,1,5517.6,104745.0,32,63,28.233333333333338,3709.976387249114
EUW1_7545150285,EUW,1759009413580,15.19.715.1836,420,100,blue,0,5156.0,75395.0,13,49,22.833333333333332,3301.970802919708
EUW1_7545150285,EUW,1759009413580,15.19.715.1836,420,200,red,1,5626.6,68667.0,28,35,22.833333333333332,3007.3138686131388
EUW1_7545215600,EUW,1759011226306,15.19.715.1836,420,100,blue,1,5568.4,212851.0,44,111,44.63333333333333,4768.8797610156835
EUW1_7545215600,EUW,1759011226306,15.19.715.1836,420,200,red,0,4815.8,195803.0,39,127,44.63333333333333,4386.923076923077
EUW1_7545311479,EUW,1759014614730,15.19.715.1836,420,100,blue,0,5436.2,81509.0,23,62,28.366666666666667,2873.4077555816684
EUW1_7545311479,EUW,1759014614730,15.19.715.1836,420,200,red,1,5978.6,94967.0,34,56,28.366666666666667,3347.837837837838
EUW1_7545937897,EUW,1759060184753,15.19.715.1836,420,100,blue,0,5042.2,113833.0,25,64,34.55,3294.7322720694647
EUW1_7545937897,EUW,1759060184753,15.19.715.1836,420,200,red,1,6048.8,142334.0,56,64,34.55,4119.652677279306
EUW1_7546012051,EUW,1759062602086,15.19.715.1836,420,100,blue,0,4953.6,121667.0,28,75,36.5,3333.3424657534247
EUW1_7546012051,EUW,1759062602086,15.19.715.1836,420,200,red,1,5642.6,128500.0,32,76,36.5,3520.5479452054797
EUW1_7546019601,EUW,1759062651697,15.19.715.1836,420,100,blue,1,5769.8,204993.0,52,86,41.88333333333333,4894.381217668126
EUW1_7546019601,EUW,1759062651697,15.19.715.1836,420,200,red,0,5561.4,231619.0,52,78,41.88333333333333,5530.099482690012
EUW1_7546112025,EUW,1759065520784,15.19.715.1836,420,100,blue,0,5137.2,81722.0,15,61,28.05,2913.440285204991
EUW1_7546112025,EUW,1759065520784,15.19.715.1836,420,200,red,1,5475.8,89267.0,30,50,28.05,3182.4242424242425
EUW1_7546929916,EUW,1759087052193,15.19.715.1836,420,100,blue,0,4851.2,83967.0,21,52,31.46666666666666,2668.44279661017
EUW1_7546929916,EUW,1759087052193,15.19.715.1836,420,200,red,1,5561.6,111304.0,35,71,31.46666666666666,3537.203389830509
EUW1_7547081399,EUW,1759090924775,15.19.715.1836,420,100,blue,1,6183.8,212890.0,57,60,30.55,6968.5761047463175
EUW1_7547081399,EUW,1759090924775,15.19.715.1836,420,200,red,0,6497.6,124338.0,37,73,30.55,4069.9836333878884
EUW1_7551937205,EUW,1759359642692,15.19.715.1836,420,100,blue,1,5797.6,125662.0,45,62,30.95,4060.16155088853
EUW1_7551937205,EUW,1759359642692,15.19.715.1836,420,200,red,0,5501.8,137750.0,42,75,30.95,4450.726978998385
EUW1_7554123099,EUW,1759509611047,15.19.715.1836,420,100,blue,0,4622.4,114726.0,34,53,31.2,3677.1153846153848
EUW1_7554123099,EUW,1759509611047,15.19.715.1836,420,200,red,1,5329.6,133914.0,43,45,31.2,4292.115384615385
EUW1_7554427648,EUW,1759520602956,15.19.715.1836,420,100,blue,0,4824.8,47745.0,5,37,20.15,2369.4789081885856
EUW1_7554427648,EUW,1759520602956,15.19.715.1836,420,200,red,1,5952.0,76777.0,35,37,20.15,3810.2729528535983
EUW1_7554471188,EUW,1759522172135,15.19.715.1836,420,100,blue,0,5030.0,82942.0,19,58,27.666666666666668,2997.9036144578313
EUW1_7554471188,EUW,1759522172135,15.19.715.1836,420,200,red,1,6133.4,146895.0,53,59,27.666666666666668,5309.457831325301
EUW1_7554854915,EUW,1759540307570,15.19.715.1836,420,100,blue,0,5032.6,87888.0,28,57,26.333333333333332,3337.518987341772
EUW1_7554854915,EUW,1759540307570,15.19.715.1836,420,200,red,1,6420.4,104588.0,45,42,26.333333333333332,3971.6962025316457
EUW1_7555269553,EUW,1759581176840,15.19.715.1836,420,100,blue,1,5162.8,87948.0,24,64,29.583333333333332,2972.8901408450706
EUW1_7555269553,EUW,1759581176840,15.19.715.1836,420,200,red,0,5739.4,86463.0,20,60,29.583333333333332,2922.692957746479
EUW1_7555317811,EUW,1759583376862,15.19.715.1836,420,100,blue,0,5095.4,58350.0,18,59,27.56666666666667,2116.6868198307134
EUW1_7555317811,EUW,1759583376862,15.19.715.1836,420,200,red,1,5661.0,106314.0,34,55,27.56666666666667,3856.6142684401448
EUW1_7555959058,EUW,1759608166265,15.19.715.1836,420,100,blue,1,5284.4,119819.0,32,75,31.78333333333334,3769.868904037755
EUW1_7555959058,EUW,1759608166265,15.19.715.1836,420,200,red,0,5699.8,111841.0,30,77,31.78333333333334,3518.8568432092284
EUW1_7556024455,EUW,1759610460877,15.19.715.1836,420,100,blue,0,5157.2,104029.0,19,60,28.65,3631.0296684118675
EUW1_7556024455,EUW,1759610460877,15.19.715.1836,420,200,red,1,5697.2,109414.0,43,62,28.65,3818.987783595114
EUW1_7556088065,EUW,1759612603606,15.19.715.1836,420,100,blue,0,5115.4,86430.0,20,66,29.43333333333333,2936.4665911664783
EUW1_7556088065,EUW,1759612603606,15.19.715.1836,420,200,red,1,5338.6,99463.0,30,64,29.43333333333333,3379.2638731596835
EUW1_7561321648,EUW,1759961516959,15.20.717.2831,420,100,blue,0,5099.4,67112.0,12,57,23.5,2855.8297872340427
EUW1_7561321648,EUW,1759961516959,15.20.717.2831,420,200,red,1,5469.2,83726.0,25,53,23.5,3562.808510638298
EUW1_7562084819,EUW,1760031620628,15.20.717.2831,420,100,blue,1,6057.2,220101.0,57,72,35.0,6288.6
EUW1_7562084819,EUW,1760031620628,15.20.717.2831,420,200,red,0,5460.4,181758.0,33,68,35.0,5193.085714285714
EUW1_7563662168,EUW,1760133892899,15.20.717.2831,420,100,blue,1,5849.6,164324.0,55,57,29.483333333333338,5573.453928773318
EUW1_7563662168,EUW,1760133892899,15.20.717.2831,420,200,red,0,5213.2,114814.0,19,52,29.483333333333338,3894.2001130582244
EUW1_7563708245,EUW,1760136118386,15.20.717.2831,420,100,blue,1,5742.0,93811.0,35,41,27.06666666666667,3465.9236453201966
EUW1_7563708245,EUW,1760136118386,15.20.717.2831,420,200,red,0,5639.4,84636.0,22,63,27.06666666666667,3126.9458128078813
EUW1_7563746846,EUW,1760138185749,15.20.717.2831,420,100,blue,1,3217.2,16784.0,11,10,8.933333333333334,1878.8059701492537
EUW1_7563746846,EUW,1760138185749,15.20.717.2831,420,200,red,0,2491.8,11348.0,1,15,8.933333333333334,1270.2985074626865
EUW1_7563758102,EUW,1760139037173,15.20.717.2831,420,100,blue,1,5256.2,152434.0,50,63,34.483333333333334,4420.512324794587
EUW1_7563758102,EUW,1760139037173,15.20.717.2831,420,200,red,0,5195.4,152769.0,32,64,34.483333333333334,4430.227162880618
EUW1_7563789840,EUW,1760141471306,15.20.717.2831,420,100,blue,0,5011.6,81707.0,14,48,27.333333333333332,2989.2804878048782
EUW1_7563789840,EUW,1760141471306,15.20.717.2831,420,200,red,1,5630.6,102367.0,34,65,27.333333333333332,3745.1341463414637
EUW1_7564125728,EUW,1760184503004,15.20.717.2831,420,100,blue,1,5403.4,178982.0,43,94,37.166666666666664,4815.659192825113
EUW1_7564125728,EUW,1760184503004,15.20.717.2831,420,200,red,0,4985.0,136503.0,29,80,37.166666666666664,3672.7264573991033
EUW1_7564173958,EUW,1760187107999,15.20.717.2831,420,100,blue,1,5991.6,113079.0,37,73,35.483333333333334,3186.8201033348987
EUW1_7564173958,EUW,1760187107999,15.20.717.2831,420,200,red,0,5135.8,100694.0,17,82,35.483333333333334,2837.7829967120715
EUW1_7564726492,EUW,1760212461501,15.20.717.2831,420,100,blue,0,5731.2,95015.0,27,53,27.883333333333333,3407.5911536162585
EUW1_7564726492,EUW,1760212461501,15.20.717.2831,420,200,red,1,5650.0,82793.0,29,66,27.883333333333333,2969.2647937836223
EUW1_7564788539,EUW,1760214852297,15.20.717.2831,420,100,blue,0,5154.8,171022.0,35,80,41.5,4121.012048192771
EUW1_7564788539,EUW,1760214852297,15.20.717.2831,420,200,red,1,6004.0,207553.0,63,68,41.5,5001.277108433735
EUW1_7564864612,EUW,1760217744770,15.20.717.2831,420,100,blue,0,5610.0,82225.0,29,42,27.166666666666668,3026.687116564417
EUW1_7564864612,EUW,1760217744770,15.20.717.2831,420,200,red,1,6332.0,145390.0,50,40,27.166666666666668,5351.7791411042945
EUW1_7564913426,EUW,1760220106006,15.20.717.2831,420,100,blue,1,5136.8,100772.0,26,74,28.1,3586.192170818505
EUW1_7564913426,EUW,1760220106006,15.20.717.2831,420,200,red,0,5575.0,94032.0,25,61,28.1,3346.3345195729535
EUW1_7564962851,EUW,1760222216144,15.20.717.2831,420,100,blue,1,5325.4,130532.0,40,74,35.6,3666.629213483146
EUW1_7564962851,EUW,1760222216144,15.20.717.2831,420,200,red,0,5249.4,122396.0,28,63,35.6,3438.0898876404494
EUW1_7565008744,EUW,1760224806577,15.20.717.2831,420,100,blue,0,5044.0,52465.0,16,36,22.666666666666668,2314.632352941176
EUW1_7565008744,EUW,1760224806577,15.20.717.2831,420,200,red,1,5737.2,87378.0,28,48,22.666666666666668,3854.911764705882
EUW1_7565035744,EUW,1760226609134,15.20.717.2831,420,100,blue,1,6414.0,35345.0,19,29,15.333333333333334,2305.108695652174
EUW1_7565035744,EUW,1760226609134,15.20.717.2831,420,200,red,0,5071.0,28938.0,6,25,15.333333333333334,1887.2608695652173
EUW1_7565047937,EUW,1760227847040,15.20.717.2831,420,100,blue,1,5683.6,127006.0,37,66,29.25,4342.08547008547
EUW1_7565047937,EUW,1760227847040,15.20.717.2831,420,200,red,0,5454.4,107316.0,33,78,29.25,3668.923076923077
EUW1_7565075952,EUW,1760230581563,15.20.717.2831,420,100,blue,0,4776.2,67932.0,14,50,24.183333333333334,2809.0420399724326
EUW1_7565075952,EUW,1760230581563,15.20.717.2831,420,200,red,1,6013.2,89637.0,37,55,24.183333333333334,3706.560992419021
EUW1_7565088026,EUW,1760232485158,15.20.717.2831,420,100,blue,0,4925.6,114491.0,27,68,30.68333333333333,3731.374253123303
EUW1_7565088026,EUW,1760232485158,15.20.717.2831,420,200,red,1,5351.4,134213.0,28,57,30.68333333333333,4374.133623030962
EUW1_7565103901,EUW,1760234677254,15.20.717.2831,420,100,blue,1,6054.2,88732.0,32,51,24.183333333333334,3669.1385251550655
EUW1_7565103901,EUW,1760234677254,15.20.717.2831,420,200,red,0,5839.6,63501.0,18,45,24.183333333333334,2625.816678152998
EUW1_7565108105,EUW,1760236521725,15.20.717.2831,420,100,blue,0,5811.8,77624.0,31,43,23.516666666666666,3300.8079376328847
EUW1_7565108105,EUW,1760236521725,15.20.717.2831,420,200,red,1,6742.0,91795.0,45,58,23.516666666666666,3903.4018426647767
EUW1_7565112429,EUW,1760238386389,15.20.717.2831,420,100,blue,1,4540.2,176290.0,39,61,37.4,4713.636363636364
EUW1_7565112429,EUW,1760238386389,15.20.717.2831,420,200,red,0,5692.4,172127.0,51,67,37.4,4602.326203208557
EUW1_7565127520,EUW,1760241032986,15.20.717.2831,420,100,blue,0,4951.8,43295.0,11,34,19.133333333333333,2262.8048780487807
EUW1_7565127520,EUW,1760241032986,15.20.717.2831,420,200,red,1,5449.2,56279.0,20,37,19.133333333333333,2941.411149825784
EUW1_7565130736,EUW,1760242533203,15.20.717.2831,420,100,blue,1,5308.2,45260.0,18,34,18.95,2388.390501319261
EUW1_7565130736,EUW,1760242533203,15.20.717.2831,420,200,red,0,4855.6,41132.0,10,29,18.95,2170.5540897097626
EUW1_7565132047,EUW,1760244503897,15.20.717.2831,420,100,blue,1,5805.6,127543.0,50,46,26.96666666666666,4729.653893695921
EUW1_7565132047,EUW,1760244503897,15.20.717.2831,420,200,red,0,5524.8,91587.0,27,61,26.96666666666666,3396.304079110013
EUW1_7565137782,EUW,1760246532220,15.20.717.2831,420,100,blue,1,3557.0,15849.0,8,14,9.75,1625.5384615384614
EUW1_7565137782,EUW,1760246532220,15.20.717.2831,420,200,red,0,2885.4,14067.0,3,9,9.75,1442.7692307692307
EUW1_7565143699,EUW,1760247686888,15.20.717.2831,420,100,blue,0,4827.0,72717.0,9,50,26.6,2733.721804511278
EUW1_7565143699,EUW,1760247686888,15.20.717.2831,420,200,red,1,5362.4,123064.0,32,52,26.6,4626.466165413533
EUW1_7565146703,EUW,1760249710875,15.20.717.2831,420,100,blue,0,4908.4,78169.0,23,50,26.93333333333333,2902.3143564356437
EUW1_7565146703,EUW,1760249710875,15.20.717.2831,420,200,red,1,6188.2,128184.0,38,53,26.93333333333333,4759.30693069307
EUW1_7565154126,EUW,1760251756806,15.20.717.2831,420,100,blue,0,5049.0,93870.0,17,59,29.65,3165.9359190556493
EUW1_7565154126,EUW,1760251756806,15.20.717.2831,420,200,red,1,5099.8,100941.0,30,62,29.65,3404.418212478921
EUW1_7565161414,EUW,1760253938901,15.20.717.2831,420,100,blue,0,5090.8,83702.0,18,45,27.366666666666667,3058.5383678440926
EUW1_7565161414,EUW,1760253938901,15.20.717.2831,420,200,red,1,6093.8,104333.0,38,56,27.366666666666667,3812.4116930572472
EUW1_7565183542,EUW,1760255931190,15.20.717.2831,420,100,blue,0,5509.0,135647.0,32,55,29.55,4590.423011844331
EUW1_7565183542,EUW,1760255931190,15.20.717.2831,420,200,red,1,6183.4,163640.0,56,56,29.55,5537.732656514382
EUW1_7565397279,EUW,1760270966802,15.20.717.2831,420,100,blue,1,522.6,1017.0,0,2,1.7666666666666664,575.6603773584907
EUW1_7565397279,EUW,1760270966802,15.20.717.2831,420,200,red,0,538.6,830.0,0,1,1.7666666666666664,469.81132075471703
EUW1_7565408264,EUW,1760271529300,15.20.717.2831,420,100,blue,0,5138.8,96939.0,17,84,30.28333333333334,3201.0676940011003
EUW1_7565408264,EUW,1760271529300,15.20.717.2831,420,200,red,1,4814.0,98792.0,31,70,30.28333333333334,3262.2564667033566
EUW1_7565454359,EUW,1760273730811,15.20.717.2831,420,100,blue,1,5357.4,90877.0,36,73,28.15,3228.3126110124335
EUW1_7565454359,EUW,1760273730811,15.20.717.2831,420,200,red,0,6407.2,117844.0,31,69,28.15,4186.287744227354
EUW1_7565501409,EUW,1760275872519,15.20.717.2831,420,100,blue,1,5207.0,132433.0,26,93,36.71666666666667,3606.890603722197
EUW1_7565501409,EUW,1760275872519,15.20.717.2831,420,200,red,0,5028.4,137222.0,23,70,36.71666666666667,3737.321833862914
EUW1_7565568691,EUW,1760278519060,15.20.717.2831,420,100,blue,0,5147.8,103031.0,25,73,32.21666666666667,3198.065183652354
EUW1_7565568691,EUW,1760278519060,15.20.717.2831,420,200,red,1,5474.2,140966.0,38,75,32.21666666666667,4375.5613036730465
EUW1_7565626493,EUW,1760280780192,15.20.717.2831,420,100,blue,0,5184.8,85090.0,22,48,25.916666666666668,3283.215434083601
EUW1_7565626493,EUW,1760280780192,15.20.717.2831,420,200,red,1,6480.6,125889.0,44,57,25.916666666666668,4857.453376205787
EUW1_7567413855,EUW,1760394127233,15.20.717.2831,420,100,blue,1,5827.2,82196.0,32,49,23.683333333333334,3470.6263194933144
EUW1_7567413855,EUW,1760394127233,15.20.717.2831,420,200,red,0,5140.4,84428.0,13,42,23.683333333333334,3564.8698099929625
EUW1_7567781188,EUW,1760447888493,15.20.717.2831,420,100,blue,1,5415.8,93833.0,27,74,28.583333333333332,3282.787172011662
EUW1_7567781188,EUW,1760447888493,15.20.717.2831,420,200,red,0,5203.4,85298.0,22,56,28.583333333333332,2984.186588921283
EUW1_7567818924,EUW,1760450121797,15.20.717.2831,420,100,blue,1,5682.4,191040.0,50,80,38.13333333333333,5009.79020979021
EUW1_7567818924,EUW,1760450121797,15.20.717.2831,420,200,red,0,5598.0,190657.0,38,70,38.13333333333333,4999.7465034965035
EUW1_7567858237,EUW,1760452726215,15.20.717.2831,420,100,blue,0,5242.6,86213.0,19,52,28.35,3041.0229276895943
EUW1_7567858237,EUW,1760452726215,15.20.717.2831,420,200,red,1,5712.6,123458.0,42,57,28.35,4354.779541446208
EUW1_7567894991,EUW,1760454760833,15.20.717.2831,420,100,blue,1,5022.4,128452.0,39,47,32.71666666666667,3926.1946001018846
EUW1_7567894991,EUW,1760454760833,15.20.717.2831,420,200,red,0,5196.4,117094.0,30,71,32.71666666666667,3579.0320937340803
EUW1_7568714428,EUW,1760519603238,15.20.719.545,420,100,blue,1,4914.6,216639.0,51,76,44.13333333333333,4908.738670694864
EUW1_7568714428,EUW,1760519603238,15.20.719.545,420,200,red,0,5000.2,187292.0,47,76,44.13333333333333,4243.776435045317
EUW1_7568908977,EUW,1760535636440,15.20.719.545,420,100,blue,0,5100.4,137584.0,26,83,36.18333333333333,3802.413634269922
EUW1_7568908977,EUW,1760535636440,15.20.719.545,420,200,red,1,5265.8,126890.0,29,67,36.18333333333333,3506.8631966835565
EUW1_7568975285,EUW,1760539720033,15.20.719.545,420,100,blue,1,4985.2,257106.0,53,95,48.06666666666667,5348.945908460471
EUW1_7568975285,EUW,1760539720033,15.20.719.545,420,200,red,0,5390.6,219820.0,59,104,48.06666666666667,4573.231622746185
EUW1_7569029681,EUW,1760542428974,15.20.719.545,420,100,blue,0,5496.4,128434.0,36,71,35.43333333333333,3624.666039510819
EUW1_7569029681,EUW,1760542428974,15.20.719.545,420,200,red,1,5432.0,166064.0,59,70,35.43333333333333,4686.660395108185
EUW1_7570001424,EUW,1760623638299,15.20.719.545,420,100,blue,0,4803.2,69252.0,11,52,30.383333333333333,2279.27591881514
EUW1_7570001424,EUW,1760623638299,15.20.719.545,420,200,red,1,5426.6,97742.0,30,64,30.383333333333333,3216.9610532089964
EUW1_7570043559,EUW,1760625809432,15.20.719.545,420,100,blue,1,5348.4,187181.0,54,75,40.95,4570.964590964591
EUW1_7570043559,EUW,1760625809432,15.20.719.545,420,200,red,0,5331.0,147825.0,35,82,40.95,3609.8901098901097
EUW1_7571405361,EUW,1760726377590,15.20.719.545,420,100,blue,0,4892.4,279908.0,57,97,52.05,5377.675312199808
EUW1_7571405361,EUW,1760726377590,15.20.719.545,420,200,red,1,4786.0,352405.0,69,84,52.05,6770.509125840538
EUW1_7571791112,EUW,1760742263292,15.20.719.545,420,100,blue,0,5099.8,136111.0,36,78,40.86666666666667,3330.611745513866
EUW1_7571791112,EUW,1760742263292,15.20.719.545,420,200,red,1,5160.0,218317.0,50,82,40.86666666666667,5342.177814029364
EUW1_7572813078,EUW,1760819219262,15.20.719.545,420,100,blue,1,4438.8,156270.0,37,99,37.766666666666666,4137.775816416593
EUW1_7572813078,EUW,1760819219262,15.20.719.545,420,200,red,0,4893.0,153325.0,26,50,37.766666666666666,4059.7969991173877
EUW1_7573446934,EUW,1760877008741,15.20.719.545,420,100,blue,0,4968.2,106209.0,33,51,32.43333333333333,3274.686536485098
EUW1_7573446934,EUW,1760877008741,15.20.719.545,420,200,red,1,5259.6,127414.0,42,53,32.43333333333333,3928.4892086330938
EUW1_7574149455,EUW,1760903876326,15.20.719.545,420,100,blue,1,4951.8,150698.0,48,82,37.21666666666667,4049.207344379758
EUW1_7574149455,EUW,1760903876326,15.20.719.545,420,200,red,0,4850.8,119666.0,35,79,37.21666666666667,3215.38737124944
EUW1_7575268262,EUW,1760989258623,15.20.719.545,420,100,blue,1,3747.8,11026.0,4,23,12.3,896.4227642276422
EUW1_7575268262,EUW,1760989258623,15.20.719.545,420,200,red,0,3397.8,9664.0,3,21,12.3,785.691056910569
EUW1_7576409195,EUW,1761075687911,15.20.719.545,420,100,blue,0,4102.6,23711.0,4,19,16.15,1468.1733746130033
EUW1_7576409195,EUW,1761075687911,15.20.719.545,420,200,red,1,6150.6,40886.0,24,17,16.15,2531.640866873065
EUW1_7576455322,EUW,1761077322710,15.20.719.545,420,100,blue,0,5767.6,139198.0,41,57,33.0,4218.121212121212
EUW1_7576455322,EUW,1761077322710,15.20.719.545,420,200,red,1,4822.2,143134.0,48,65,33.0,4337.393939393939
EUW1_7576998091,EUW,1761139446405,15.21.720.925,420,100,blue,0,4729.0,94870.0,23,54,28.733333333333338,3301.7401392111365
EUW1_7576998091,EUW,1761139446405,15.21.720.925,420,200,red,1,5174.0,131394.0,49,43,28.733333333333338,4572.877030162413
EUW1_7577111825,EUW,1761146745466,15.21.720.925,420,100,blue,0,4578.0,137626.0,31,69,36.05,3817.6421636615814
EUW1_7577111825,EUW,1761146745466,15.21.720.925,420,200,red,1,5172.6,116609.0,34,67,36.05,3234.6463245492373
EUW1_7577157327,EUW,1761149220814,15.21.720.925,420,100,blue,0,4635.0,89665.0,28,57,30.266666666666662,2962.5000000000005
EUW1_7577157327,EUW,1761149220814,15.21.720.925,420,200,red,1,4885.6,101131.0,33,50,30.266666666666662,3341.332599118943
EUW1_7577206279,EUW,1761151576860,15.21.720.925,420,100,blue,0,4911.2,92474.0,29,52,30.5,3031.934426229508
EUW1_7577206279,EUW,1761151576860,15.21.720.925,420,200,red,1,4838.6,113527.0,33,61,30.5,3722.1967213114754
EUW1_7577255990,EUW,1761153788465,15.21.720.925,420,100,blue,1,5253.0,101259.0,37,66,27.883333333333333,3631.5242080095636
EUW1_7577255990,EUW,1761153788465,15.21.720.925,420,200,red,0,5075.8,76247.0,22,47,27.883333333333333,2734.500896592947
EUW1_7577305586,EUW,1761155801560,15.21.720.925,420,100,blue,1,5212.0,148176.0,50,54,34.516666666666666,4292.882665379044
EUW1_7577305586,EUW,1761155801560,15.21.720.925,420,200,red,0,4651.2,105749.0,22,57,34.516666666666666,3063.7083534524386
EUW1_7577363825,EUW,1761158301763,15.21.720.925,420,100,blue,1,4857.6,155202.0,27,76,39.53333333333333,3925.851602023609
EUW1_7577363825,EUW,1761158301763,15.21.720.925,420,200,red,0,4723.6,107201.0,36,68,39.53333333333333,2711.6610455311975
EUW1_7577446325,EUW,1761161453272,15.21.720.925,420,100,blue,1,5315.0,96340.0,41,54,27.43333333333333,3511.7861482381536
EUW1_7577446325,EUW,1761161453272,15.21.720.925,420,200,red,0,5024.6,79718.0,21,46,27.43333333333333,2905.8809234507903
EUW1_7578120676,EUW,1761226409590,15.21.720.925,420,100,blue,1,5375.0,139232.0,38,89,36.95,3768.1190798376183
EUW1_7578120676,EUW,1761226409590,15.21.720.925,420,200,red,0,5386.6,141168.0,31,79,36.95,3820.5142083897153
EUW1_7578165022,EUW,1761229026994,15.21.720.925,420,100,blue,0,5088.2,91999.0,25,61,28.416666666666668,3237.50146627566
EUW1_7578165022,EUW,1761229026994,15.21.720.925,420,200,red,1,5610.8,107016.0,31,71,28.416666666666668,3765.958944281525
EUW1_7578203103,EUW,1761231195191,15.21.720.925,420,100,blue,0,5565.4,119932.0,36,48,27.15,4417.384898710866
EUW1_7578203103,EUW,1761231195191,15.21.720.925,420,200,red,1,6370.2,139812.0,41,53,27.15,5149.613259668508
EUW1_7578254994,EUW,1761233639877,15.21.720.925,420,100,blue,0,4660.2,31246.0,5,26,15.333333333333334,2037.782608695652
EUW1_7578254994,EUW,1761233639877,15.21.720.925,420,200,red,1,5585.6,48422.0,16,29,15.333333333333334,3157.9565217391305
EUW1_7579869362,EUW,1761337709416,15.21.721.4012,420,100,blue,0,4871.0,32282.0,5,20,15.6,2069.3589743589746
EUW1_7579869362,EUW,1761337709416,15.21.721.4012,420,200,red,1,5139.6,38274.0,13,26,15.6,2453.4615384615386
EUW1_7579915679,EUW,1761339025461,15.21.721.4012,420,100,blue,1,4975.2,81606.0,25,40,25.71666666666666,3173.272845106935
EUW1_7579915679,EUW,1761339025461,15.21.721.4012,420,200,red,0,4931.6,64960.0,17,65,25.71666666666666,2525.988334413481
EUW1_7579963181,EUW,1761340932407,15.21.721.4012,420,100,blue,0,5071.2,110804.0,26,100,36.516666666666666,3034.340483797353
EUW1_7579963181,EUW,1761340932407,15.21.721.4012,420,200,red,1,4941.8,142018.0,33,82,36.516666666666666,3889.1282519397537
EUW1_7580050561,EUW,1761343840993,15.21.721.4012,420,100,blue,1,6345.0,108270.0,42,50,25.5,4245.882352941177
EUW1_7580050561,EUW,1761343840993,15.21.721.4012,420,200,red,0,5041.0,61767.0,17,48,25.5,2422.235294117647
EUW1_7580084362,EUW,1761345710755,15.21.721.4012,420,100,blue,1,5281.8,152770.0,38,85,41.233333333333334,3705.01212611156
EUW1_7580084362,EUW,1761345710755,15.21.721.4012,420,200,red,0,5420.0,161047.0,34,74,41.233333333333334,3905.747776879547
EUW1_7580166784,EUW,1761349981974,15.21.721.4012,420,100,blue,1,5174.4,145020.0,42,67,32.2,4503.726708074534
EUW1_7580166784,EUW,1761349981974,15.21.721.4012,420,200,red,0,5276.8,113626.0,31,71,32.2,3528.757763975155
EUW1_7580190157,EUW,1761352311720,15.21.721.4012,420,100,blue,0,5415.0,163046.0,49,65,37.85,4307.688243064729
EUW1_7580190157,EUW,1761352311720,15.21.721.4012,420,200,red,1,5583.4,169617.0,51,91,37.85,4481.294583883751
EUW1_7580216887,EUW,1761354992687,15.21.721.4012,420,100,blue,0,5002.6,105449.0,25,69,34.4,3065.3779069767443
EUW1_7580216887,EUW,1761354992687,15.21.721.4012,420,200,red,1,5622.2,115583.0,44,92,34.4,3359.970930232558
EUW1_7580229337,EUW,1761357427022,15.21.721.4012,420,100,blue,0,6457.8,181600.0,46,69,39.05,4650.44814340589
EUW1_7580229337,EUW,1761357427022,15.21.721.4012,420,200,red,1,5145.8,193759.0,57,93,39.05,4961.818181818182
EUW1_7582252875,EUW,1761499455756,15.21.721.8442,420,100,blue,1,6078.0,114266.0,40,58,29.03333333333334,3935.683122847301
EUW1_7582252875,EUW,1761499455756,15.21.721.8442,420,200,red,0,5030.8,98189.0,20,63,29.03333333333334,3381.940298507462
EUW1_7582311317,EUW,1761501705208,15.21.721.8442,420,100,blue,1,5377.6,316490.0,31,106,42.516666666666666,7443.90435123481
EUW1_7582311317,EUW,1761501705208,15.21.721.8442,420,200,red,0,5341.6,214529.0,33,109,42.516666666666666,5045.7624460995685
EUW1_7582400018,EUW,1761504644664,15.21.721.8442,420,100,blue,1,5586.6,125080.0,37,45,27.116666666666667,4612.661339889367
EUW1_7582400018,EUW,1761504644664,15.21.721.8442,420,200,red,0,4740.2,81836.0,17,52,27.116666666666667,3017.9225568531037
EUW1_7582455061,EUW,1761506648314,15.21.721.8442,420,100,blue,0,5383.8,68282.0,18,53,25.75,2651.7281553398057
EUW1_7582455061,EUW,1761506648314,15.21.721.8442,420,200,red,1,4999.0,92520.0,32,49,25.75,3593.009708737864
EUW1_7582507346,EUW,1761508514970,15.21.721.8442,420,100,blue,1,5378.8,83284.0,24,54,29.9,2785.418060200669
EUW1_7582507346,EUW,1761508514970,15.21.721.8442,420,200,red,0,5266.4,68260.0,14,71,29.9,2282.943143812709
EUW1_7583681838,EUW,1761595428078,15.21.721.8442,420,100,blue,1,5235.0,125606.0,30,53,31.53333333333334,3983.2769556025364
EUW1_7583681838,EUW,1761595428078,15.21.721.8442,420,200,red,0,5162.0,91773.0,27,56,31.53333333333334,2910.348837209302
EUW1_7583743454,EUW,1761597778435,15.21.721.8442,420,100,blue,0,5109.2,36263.0,14,32,17.6,2060.397727272727
EUW1_7583743454,EUW,1761597778435,15.21.721.8442,420,200,red,1,5483.0,54944.0,24,27,17.6,3121.8181818181815
EUW1_7585370806,EUW,1761741293159,15.21.721.8442,420,100,blue,1,4747.4,157441.0,39,73,35.46666666666667,4439.125939849624
EUW1_7585370806,EUW,1761741293159,15.21.721.8442,420,200,red,0,4553.6,107895.0,32,73,35.46666666666667,3042.152255639098
EUW1_7585401277,EUW,1761744054704,15.21.721.8442,420,100,blue,0,5371.2,87486.0,20,37,26.616666666666667,3286.8879148403257
EUW1_7585401277,EUW,1761744054704,15.21.721.8442,420,200,red,1,5033.8,103903.0,42,40,26.616666666666667,3903.681903569192
EUW1_7585455810,EUW,1761747559731,15.21.721.8442,420,100,blue,1,6181.0,45367.0,24,29,15.76666666666667,2877.3995771670184
EUW1_7585455810,EUW,1761747559731,15.21.721.8442,420,200,red,0,5087.4,33368.0,12,35,15.76666666666667,2116.363636363636
EUW1_7585643569,EUW,1761757969100,15.21.721.8442,420,100,blue,0,5563.2,86347.0,26,51,28.43333333333333,3036.8229777256743
EUW1_7585643569,EUW,1761757969100,15.21.721.8442,420,200,red,1,5166.8,109688.0,36,43,28.43333333333333,3857.725674091442
EUW1_7585687463,EUW,1761759931038,15.21.721.8442,420,100,blue,1,5040.6,80697.0,34,58,27.5,2934.4363636363637
EUW1_7585687463,EUW,1761759931038,15.21.721.8442,420,200,red,0,4257.8,57539.0,9,40,27.5,2092.327272727273
EUW1_7585810665,EUW,1761766612577,15.21.721.8442,420,100,blue,1,5367.6,136017.0,41,58,29.133333333333333,4668.775743707094
EUW1_7585810665,EUW,1761766612577,15.21.721.8442,420,200,red,0,5037.0,104557.0,30,45,29.133333333333333,3588.913043478261
EUW1_7585867885,EUW,1761768629049,15.21.721.8442,420,100,blue,1,5366.0,63603.0,25,44,23.733333333333334,2679.9016853932585
EUW1_7585867885,EUW,1761768629049,15.21.721.8442,420,200,red,0,4844.4,44681.0,10,65,23.733333333333334,1882.6264044943819
EUW1_7585913280,EUW,1761770331805,15.21.721.8442,420,100,blue,0,5212.0,102297.0,27,46,31.03333333333334,3296.3587540279264
EUW1_7585913280,EUW,1761770331805,15.21.721.8442,420,200,red,1,5844.8,108250.0,49,66,31.03333333333334,3488.1847475832433
EUW1_7587126009,EUW,1761862319328,15.21.721.8442,420,100,blue,1,5609.2,112914.0,39,77,32.3,3495.789473684211
EUW1_7587126009,EUW,1761862319328,15.21.721.8442,420,200,red,0,5172.8,118459.0,36,68,32.3,3667.461300309598
EUW1_7587174941,EUW,1761864550285,15.21.721.8442,420,100,blue,0,5320.0,146140.0,31,98,48.2,3031.9502074688794
EUW1_7587174941,EUW,1761864550285,15.21.721.8442,420,200,red,1,4855.2,182618.0,40,85,48.2,3788.7551867219913
EUW1_7587234692,EUW,1761867895706,15.21.721.8442,420,100,blue,0,5221.6,79763.0,20,50,25.68333333333333,3105.6327060350427
EUW1_7587234692,EUW,1761867895706,15.21.721.8442,420,200,red,1,6757.2,96044.0,44,49,25.68333333333333,3739.5457495133037
EUW1_7587256243,EUW,1761870046069,15.21.721.8442,420,100,blue,0,4821.8,56235.0,11,39,27.016666666666662,2081.492905613819
EUW1_7587256243,EUW,1761870046069,15.21.721.8442,420,200,red,1,5338.6,84699.0,31,64,27.016666666666662,3135.0647748303522
EUW1_7587276294,EUW,1761872162029,15.21.721.8442,420,100,blue,0,5201.4,91823.0,30,37,27.616666666666667,3324.912492456246
EUW1_7587276294,EUW,1761872162029,15.21.721.8442,420,200,red,1,6302.0,135533.0,60,46,27.616666666666667,4907.652383826192
EUW1_7587297730,EUW,1761874256500,15.21.721.8442,420,100,blue,1,6379.6,81756.0,42,39,22.15,3691.015801354402
EUW1_7587297730,EUW,1761874256500,15.21.721.8442,420,200,red,0,5598.4,58594.0,19,31,22.15,2645.327313769752
EUW1_7587299379,EUW,1761875893961,15.21.721.8442,420,100,blue,1,5877.4,153029.0,39,49,32.666666666666664,4684.561224489797
EUW1_7587299379,EUW,1761875893961,15.21.721.8442,420,200,red,0,5000.2,96206.0,21,71,32.666666666666664,2945.0816326530617
EUW1_7587315769,EUW,1761878209176,15.21.721.8442,420,100,blue,1,5276.2,111952.0,36,49,27.15,4123.462246777164
EUW1_7587315769,EUW,1761878209176,15.21.721.8442,420,200,red,0,4648.4,73079.0,16,43,27.15,2691.6758747697977
EUW1_7587468276,EUW,1761912005717,15.21.721.8442,420,100,blue,1,6295.6,39680.0,24,28,15.716666666666665,2524.708377518558
EUW1_7587468276,EUW,1761912005717,15.21.721.8442,420,200,red,0,4527.6,20995.0,5,18,15.716666666666665,1335.8430540827148
EUW1_7587483936,EUW,1761913246153,15.21.721.8442,420,100,blue,1,5439.6,117487.0,35,60,29.7,3955.7912457912457
EUW1_7587483936,EUW,1761913246153,15.21.721.8442,420,200,red,0,4860.6,106513.0,29,55,29.7,3586.2962962962965
EUW1_7587517513,EUW,1761915313672,15.21.721.8442,420,100,blue,1,4608.6,149285.0,35,68,37.25,4007.6510067114095
EUW1_7587517513,EUW,1761915313672,15.21.721.8442,420,200,red,0,4827.4,115160.0,24,82,37.25,3091.5436241610737
EUW1_7588040347,EUW,1761944807824,15.21.721.8442,420,100,blue,0,6227.0,144827.0,49,74,30.6,4732.908496732026
EUW1_7588040347,EUW,1761944807824,15.21.721.8442,420,200,red,1,5535.8,138630.0,45,54,30.6,4530.392156862745
EUW1_7588089323,EUW,1761946921497,15.21.721.8442,420,100,blue,0,5115.4,108388.0,31,48,36.1,3002.4376731301936
EUW1_7588089323,EUW,1761946921497,15.21.721.8442,420,200,red,1,5329.4,127024.0,36,81,36.1,3518.6703601108034
EUW1_7588145085,EUW,1761949440529,15.21.721.8442,420,100,blue,0,5551.6,97032.0,23,72,29.616666666666667,3276.263365222285
EUW1_7588145085,EUW,1761949440529,15.21.721.8442,420,200,red,1,5595.4,101045.0,41,58,29.616666666666667,3411.7613956105797
EUW1_7588192524,EUW,1761951462383,15.21.721.8442,420,100,blue,0,5149.6,108804.0,28,56,34.266666666666666,3175.2140077821014
EUW1_7588192524,EUW,1761951462383,15.21.721.8442,420,200,red,1,5362.8,129869.0,42,74,34.266666666666666,3789.9513618677042
EUW1_7588233085,EUW,1761954171147,15.21.721.8442,420,100,blue,1,5948.8,218435.0,45,84,40.38333333333333,5409.038382170863
EUW1_7588233085,EUW,1761954171147,15.21.721.8442,420,200,red,0,5006.0,181611.0,41,84,40.38333333333333,4497.177053239786
EUW1_7588272842,EUW,1761956847045,15.21.721.8442,420,100,blue,0,4575.6,42939.0,11,27,19.566666666666666,2194.497444633731
EUW1_7588272842,EUW,1761956847045,15.21.721.8442,420,200,red,1,6345.0,68169.0,31,38,19.566666666666666,3483.9352640545144
EUW1_7588288719,EUW,1761958342518,15.21.721.8442,420,100,blue,1,5700.4,184067.0,52,107,44.016666666666666,4181.756910261265
EUW1_7588288719,EUW,1761958342518,15.21.721.8442,420,200,red,0,4922.8,160334.0,42,88,44.016666666666666,3642.5747822794397
EUW1_7588311121,EUW,1761961529209,15.21.721.8442,420,100,blue,1,5890.0,106746.0,34,50,24.883333333333333,4289.859343603483
EUW1_7588311121,EUW,1761961529209,15.21.721.8442,420,200,red,0,5201.8,67633.0,25,39,24.883333333333333,2718.0040187541863
EUW1_7589253396,EUW,1762033737889,15.21.721.8442,420,100,blue,0,4843.6,150925.0,31,65,37.6,4013.9627659574467
EUW1_7589253396,EUW,1762033737889,15.21.721.8442,420,200,red,1,4919.8,178684.0,40,62,37.6,4752.234042553191
EUW1_7589320022,EUW,1762036259981,15.21.721.8442,420,100,blue,1,5678.4,97677.0,32,43,24.3,4019.6296296296296
EUW1_7589320022,EUW,1762036259981,15.21.721.8442,420,200,red,0,5007.0,60327.0,13,35,24.3,2482.5925925925926
EUW1_7589363536,EUW,1762038030794,15.21.721.8442,420,100,blue,0,4895.4,102019.0,25,70,34.65,2944.2712842712845
EUW1_7589363536,EUW,1762038030794,15.21.721.8442,420,200,red,1,5069.6,168325.0,53,63,34.65,4857.864357864358
EUW1_7589413460,EUW,1762040387935,15.21.721.8442,420,100,blue,1,5475.6,72411.0,25,36,22.433333333333334,3227.8306092124812
EUW1_7589413460,EUW,1762040387935,15.21.721.8442,420,200,red,0,4894.8,50385.0,13,36,22.433333333333334,2245.9881129271917
EUW1_7589435156,EUW,1762042035984,15.21.721.8442,420,100,blue,0,5223.6,145606.0,36,86,37.5,3882.826666666667
EUW1_7589435156,EUW,1762042035984,15.21.721.8442,420,200,red,1,5336.8,207609.0,49,81,37.5,5536.24
EUW1_7589472938,EUW,1762044558330,15.21.721.8442,420,100,blue,0,5243.2,154418.0,42,56,32.21666666666667,4793.109156751164
EUW1_7589472938,EUW,1762044558330,15.21.721.8442,420,200,red,1,4779.2,120348.0,39,52,32.21666666666667,3735.5819968960163
EUW1_7590982143,EUW,1762178574122,15.21.721.8442,420,100,blue,1,5047.0,131331.0,34,60,32.583333333333336,4030.618925831202
EUW1_7590982143,EUW,1762178574122,15.21.721.8442,420,200,red,0,5407.2,92547.0,35,58,32.583333333333336,2840.317135549872
EUW1_7591937413,EUW,1762256791447,15.21.721.8442,420,100,blue,1,4700.8,44050.0,13,36,19.933333333333334,2209.866220735786
EUW1_7591937413,EUW,1762256791447,15.21.721.8442,420,200,red,0,4441.4,43704.0,9,39,19.933333333333334,2192.5083612040135
EUW1_7591953214,EUW,1762258246929,15.21.721.8442,420,100,blue,0,4914.8,207694.0,54,83,41.483333333333334,5006.68541582965
EUW1_7591953214,EUW,1762258246929,15.21.721.8442,420,200,red,1,6341.0,176345.0,56,104,41.483333333333334,4250.984331056649
EUW1_7592607839,EUW,1762295416533,15.21.721.8442,420,100,blue,0,5287.6,110339.0,39,47,30.733333333333338,3590.206073752711
EUW1_7592607839,EUW,1762295416533,15.21.721.8442,420,200,red,1,5806.8,133095.0,50,62,30.733333333333338,4330.639913232104
EUW1_7592664141,EUW,1762298577771,15.21.721.8442,420,100,blue,0,5299.8,157180.0,36,58,35.2,4465.340909090909
EUW1_7592664141,EUW,1762298577771,15.21.721.8442,420,200,red,1,5825.2,176174.0,51,70,35.2,5004.943181818181
EUW1_7592704007,EUW,1762301514747,15.21.721.8442,420,100,blue,0,5336.6,67364.0,22,31,22.083333333333332,3050.445283018868
EUW1_7592704007,EUW,1762301514747,15.21.721.8442,420,200,red,1,5673.2,91480.0,35,37,22.083333333333332,4142.490566037736
EUW1_7592720101,EUW,1762303162287,15.21.721.8442,420,100,blue,1,6084.2,102769.0,34,50,29.516666666666662,3481.727837380012
EUW1_7592720101,EUW,1762303162287,15.21.721.8442,420,200,red,0,4978.2,93566.0,24,59,29.516666666666662,3169.937888198758
EUW1_7592734304,EUW,1762305176006,15.21.721.8442,420,100,blue,0,4901.2,109352.0,31,38,30.766666666666662,3554.2361863488627
EUW1_7592734304,EUW,1762305176006,15.21.721.8442,420,200,red,1,5901.4,163693.0,58,50,30.766666666666662,5320.465872156014
EUW1_7592749236,EUW,1762307403879,15.21.721.8442,420,100,blue,1,5528.8,71834.0,33,58,24.9,2884.8995983935743
EUW1_7592749236,EUW,1762307403879,15.21.721.8442,420,200,red,0,5334.6,61736.0,19,51,24.9,2479.3574297188757
EUW1_7592872985,EUW,1762340170463,15.22.723.1955,420,100,blue,1,5301.8,76376.0,32,50,26.116666666666667,2924.416081684748
EUW1_7592872985,EUW,1762340170463,15.22.723.1955,420,200,red,0,4703.2,66866.0,19,25,26.116666666666667,2560.2807913209954
EUW1_7592895832,EUW,1762342243642,15.22.723.1955,420,100,blue,0,5110.8,273845.0,61,66,49.56666666666667,5524.781439139206
EUW1_7592895832,EUW,1762342243642,15.22.723.1955,420,200,red,1,4959.0,269487.0,53,70,49.56666666666667,5436.859448554135
EUW1_7593629376,EUW,1762381149319,15.22.723.8534,420,100,blue,1,6042.0,90377.0,32,45,26.18333333333333,3451.6995544239344
EUW1_7593629376,EUW,1762381149319,15.22.723.8534,420,200,red,0,4685.0,65023.0,18,44,26.18333333333333,2483.373647358371
EUW1_7593666447,EUW,1762382975794,15.22.723.8534,420,100,blue,1,5212.0,101289.0,33,36,25.666666666666668,3946.3246753246754
EUW1_7593666447,EUW,1762382975794,15.22.723.8534,420,200,red,0,5275.2,77252.0,24,36,25.666666666666668,3009.8181818181815
EUW1_7593699427,EUW,1762384818224,15.22.723.8534,420,100,blue,1,5508.4,125786.0,38,67,34.05,3694.155653450808
EUW1_7593699427,EUW,1762384818224,15.22.723.8534,420,200,red,0,5500.8,107299.0,35,65,34.05,3151.2187958883997
EUW1_7593737677,EUW,1762387153342,15.22.723.8534,420,100,blue,1,5808.6,81350.0,36,38,22.833333333333332,3562.7737226277372
EUW1_7593737677,EUW,1762387153342,15.22.723.8534,420,200,red,0,5302.0,67338.0,21,28,22.833333333333332,2949.109489051095
EUW1_7593751366,EUW,1762388768636,15.22.723.8534,420,100,blue,1,5463.0,131029.0,40,61,35.983333333333334,3641.3802686428903
EUW1_7593751366,EUW,1762388768636,15.22.723.8534,420,200,red,0,5272.6,146432.0,35,71,35.983333333333334,4069.439555349699
EUW1_7593774807,EUW,1762391269166,15.22.723.8534,420,100,blue,0,4954.2,180583.0,45,80,38.46666666666667,4694.5320623916805
EUW1_7593774807,EUW,1762391269166,15.22.723.8534,420,200,red,1,5421.0,203913.0,40,83,38.46666666666667,5301.031195840555
EUW1_7594717966,EUW,1762468850983,15.22.724.5161,420,100,blue,1,6047.2,91010.0,41,67,29.2,3116.780821917808
EUW1_7594717966,EUW,1762468850983,15.22.724.5161,420,200,red,0,4466.8,81503.0,15,59,29.2,2791.1986301369866
EUW1_7594758750,EUW,1762470945469,15.22.724.5161,420,100,blue,1,4928.4,172888.0,42,105,47.03333333333333,3675.861091424522
EUW1_7594758750,EUW,1762470945469,15.22.724.5161,420,200,red,0,5231.8,190916.0,40,93,47.03333333333333,4059.1637136782424
EUW1_7594797164,EUW,1762474074938,15.22.724.5161,420,100,blue,0,4789.8,42038.0,13,22,18.35,2290.8991825613075
EUW1_7594797164,EUW,1762474074938,15.22.724.5161,420,200,red,1,5337.4,48724.0,19,27,18.35,2655.258855585831
EUW1_7594813320,EUW,1762475534494,15.22.724.5161,420,100,blue,0,4918.8,82958.0,21,55,29.383333333333333,2823.3011911514463
EUW1_7594813320,EUW,1762475534494,15.22.724.5161,420,200,red,1,5046.4,101836.0,34,58,29.383333333333333,3465.7742484401588
EUW1_7594826417,EUW,1762477595915,15.22.724.5161,420,100,blue,0,4815.4,166990.0,35,61,33.78333333333333,4942.969906265417
EUW1_7594826417,EUW,1762477595915,15.22.724.5161,420,200,red,1,4977.6,124704.0,39,62,33.78333333333333,3691.287617168229
EUW1_7595671392,EUW,1762550735971,15.22.724.5161,420,100,blue,0,778.4,731.0,0,2,2.716666666666667,269.07975460122697
EUW1_7595671392,EUW,1762550735971,15.22.724.5161,420,200,red,1,808.0,672.0,0,3,2.716666666666667,247.36196319018404
EUW1_7595689586,EUW,1762551175186,15.22.724.5161,420,100,blue,0,5428.4,127886.0,34,71,37.266666666666666,3431.6457960644007
EUW1_7595689586,EUW,1762551175186,15.22.724.5161,420,200,red,1,5340.2,135295.0,49,61,37.266666666666666,3630.4561717352417
EUW1_7595753594,EUW,1762553683966,15.22.724.5161,420,100,blue,1,4664.0,133264.0,34,73,30.983333333333338,4301.151156535771
EUW1_7595753594,EUW,1762553683966,15.22.724.5161,420,200,red,0,5350.8,102530.0,31,53,30.983333333333338,3309.198493813878
EUW1_7595810194,EUW,1762555973533,15.22.724.5161,420,100,blue,1,5832.2,171129.0,52,68,35.8,4780.139664804469
EUW1_7595810194,EUW,1762555973533,15.22.724.5161,420,200,red,0,5132.0,134947.0,40,80,35.8,3769.469273743017
EUW1_7595875855,EUW,1762559003416,15.22.724.5161,420,100,blue,0,5073.0,131253.0,28,57,35.333333333333336,3714.7075471698113
EUW1_7595875855,EUW,1762559003416,15.22.724.5161,420,200,red,1,5111.6,140891.0,48,74,35.333333333333336,3987.4811320754716
EUW1_7595930131,EUW,1762562509057,15.22.724.5161,420,100,blue,0,5321.0,115002.0,27,41,31.333333333333332,3670.276595744681
EUW1_7595930131,EUW,1762562509057,15.22.724.5161,420,200,red,1,5757.0,125056.0,47,49,31.333333333333332,3991.148936170213
EUW1_7596983327,EUW,1762641122527,15.22.724.5161,420,100,blue,1,6379.4,89202.0,42,37,22.15,4027.178329571106
EUW1_7596983327,EUW,1762641122527,15.22.724.5161,420,200,red,0,4755.4,66158.0,13,36,22.15,2986.8171557562077
EUW1_7597029735,EUW,1762642864473,15.22.724.5161,420,100,blue,1,5758.2,116229.0,44,43,27.43333333333333,4236.78007290401
EUW1_7597029735,EUW,1762642864473,15.22.724.5161,420,200,red,0,5567.4,84177.0,27,35,27.43333333333333,3068.420413122722
EUW1_7597067244,EUW,1762644836820,15.22.724.5161,420,100,blue,0,5327.2,205069.0,43,78,41.21666666666667,4975.390214314598
EUW1_7597067244,EUW,1762644836820,15.22.724.5161,420,200,red,1,5160.0,207505.0,48,92,41.21666666666667,5034.49251920744
EUW1_7597110427,EUW,1762647631951,15.22.724.5161,420,100,blue,1,4754.0,72746.0,27,39,23.966666666666665,3035.2990264255914
EUW1_7597110427,EUW,1762647631951,15.22.724.5161,420,200,red,0,5070.6,63046.0,17,42,23.966666666666665,2630.5702364394997
EUW1_7597137215,EUW,1762649414049,15.22.724.5161,420,100,blue,0,5072.2,72454.0,24,50,28.31666666666667,2558.705120659211
EUW1_7597137215,EUW,1762649414049,15.22.724.5161,420,200,red,1,5639.4,118686.0,40,49,28.31666666666667,4191.383166568569
EUW1_7597166509,EUW,1762651551284,15.22.724.5161,420,100,blue,1,5432.8,138166.0,41,68,34.13333333333333,4047.83203125
EUW1_7597166509,EUW,1762651551284,15.22.724.5161,420,200,red,0,5132.0,105152.0,26,69,34.13333333333333,3080.625
EUW1_7599106669,EUW,1762802410796,15.22.724.5161,420,100,blue,0,4831.6,134812.0,22,45,33.63333333333333,4008.2854311199208
EUW1_7599106669,EUW,1762802410796,15.22.724.5161,420,200,red,1,5024.6,137002.0,45,47,33.63333333333333,4073.3994053518336
EUW1_7599268697,EUW,1762808036935,15.22.724.5161,420,100,blue,1,4951.6,122747.0,35,61,31.21666666666666,3932.0982381206627
EUW1_7599268697,EUW,1762808036935,15.22.724.5161,420,200,red,0,4763.4,80817.0,20,43,31.21666666666666,2588.905499199146
EUW1_7599364963,EUW,1762811330410,15.22.724.5161,420,100,blue,1,6163.2,123241.0,41,64,28.633333333333333,4304.1094295692665
EUW1_7599364963,EUW,1762811330410,15.22.724.5161,420,200,red,0,5594.6,129376.0,30,62,28.633333333333333,4518.37019790454
EUW1_7599418812,EUW,1762813397043,15.22.724.5161,420,100,blue,0,5708.0,96209.0,29,51,27.03333333333334,3558.902589395807
EUW1_7599418812,EUW,1762813397043,15.22.724.5161,420,200,red,1,4860.2,114319.0,27,48,27.03333333333334,4228.816276202218
EUW1_7599463211,EUW,1762815433474,15.22.724.5161,420,100,blue,0,4762.4,84605.0,18,62,30.4,2783.059210526316
EUW1_7599463211,EUW,1762815433474,15.22.724.5161,420,200,red,1,5096.0,96774.0,36,62,30.4,3183.355263157895
EUW1_7599511615,EUW,1762817665996,15.22.724.5161,420,100,blue,0,5247.8,136334.0,37,71,36.03333333333333,3783.5522664199816
EUW1_7599511615,EUW,1762817665996,15.22.724.5161,420,200,red,1,5484.6,176168.0,53,89,36.03333333333333,4889.028677150786
EUW1_7599544033,EUW,1762820076789,15.22.724.5161,420,100,blue,0,4614.0,138901.0,17,63,33.25,4177.473684210527
EUW1_7599544033,EUW,1762820076789,15.22.724.5161,420,200,red,1,4490.4,133227.0,33,55,33.25,4006.8270676691727
EUW1_7599571704,EUW,1762822361636,15.22.724.5161,420,100,blue,0,5564.2,97569.0,27,58,26.833333333333332,3636.111801242236
EUW1_7599571704,EUW,1762822361636,15.22.724.5161,420,200,red,1,6188.6,104870.0,39,48,26.833333333333332,3908.198757763975
EUW1_7602549049,EUW,1763062295912,15.22.724.5161,420,100,blue,1,5802.4,96038.0,30,49,25.5,3766.1960784313724
EUW1_7602549049,EUW,1763062295912,15.22.724.5161,420,200,red,0,4875.2,67998.0,15,43,25.5,2666.5882352941176
EUW1_7602596077,EUW,1763064098693,15.22.724.5161,420,100,blue,1,5219.0,187768.0,43,83,42.95,4371.781140861466
EUW1_7602596077,EUW,1763064098693,15.22.724.5161,420,200,red,0,4800.2,211709.0,37,77,42.95,4929.196740395809
EUW1_7602678329,EUW,1763066973387,15.22.724.5161,420,100,blue,1,5436.4,140545.0,49,65,31.8,4419.654088050314
EUW1_7602678329,EUW,1763066973387,15.22.724.5161,420,200,red,0,5363.4,154353.0,42,56,31.8,4853.867924528302
EUW1_7602741905,EUW,1763069143562,15.22.724.5161,420,100,blue,0,5119.4,190211.0,45,59,38.53333333333333,4936.271626297578
EUW1_7602741905,EUW,1763069143562,15.22.724.5161,420,200,red,1,5068.0,188663.0,50,89,38.53333333333333,4896.098615916955
EUW1_7602811944,EUW,1763071768406,15.22.724.5161,420,100,blue,1,5540.2,98679.0,38,50,27.55,3581.814882032668
EUW1_7602811944,EUW,1763071768406,15.22.724.5161,420,200,red,0,5095.0,72320.0,20,54,27.55,2625.0453720508167
EUW1_7602858741,EUW,1763073767437,15.22.724.5161,420,100,blue,1,5430.0,130355.0,39,83,38.05,3425.886990801577
EUW1_7602858741,EUW,1763073767437,15.22.724.5161,420,200,red,0,4821.2,127628.0,30,88,38.05,3354.218134034166
EUW1_7602903032,EUW,1763076303862,15.22.724.5161,420,100,blue,1,4692.8,121036.0,27,67,29.8,4061.6107382550335
EUW1_7602903032,EUW,1763076303862,15.22.724.5161,420,200,red,0,4809.8,81431.0,14,57,29.8,2732.5838926174497
EUW1_7602937811,EUW,1763078522528,15.22.724.5161,420,100,blue,1,5192.4,154468.0,49,58,32.78333333333333,4711.784443314693
EUW1_7602937811,EUW,1763078522528,15.22.724.5161,420,200,red,0,5117.4,112015.0,29,73,32.78333333333333,3416.8276563294357
EUW1_7602966558,EUW,1763080721516,15.22.724.5161,420,100,blue,1,5769.0,77658.0,32,57,22.466666666666665,3456.5875370919885
EUW1_7602966558,EUW,1763080721516,15.22.724.5161,420,200,red,0,4889.6,49275.0,14,42,22.466666666666665,2193.2492581602373
EUW1_7602978113,EUW,1763082916605,15.22.724.5161,420,100,blue,0,4782.0,75161.0,19,58,28.35,2651.1816578483244
EUW1_7602978113,EUW,1763082916605,15.22.724.5161,420,200,red,1,6111.4,110618.0,36,36,28.35,3901.869488536155
EUW1_7602993947,EUW,1763085269500,15.22.724.5161,420,100,blue,1,4705.8,204323.0,41,100,43.21666666666667,4727.87504820671
EUW1_7602993947,EUW,1763085269500,15.22.724.5161,420,200,red,0,5324.8,187884.0,49,95,43.21666666666667,4347.489394523717
EUW1_7603645604,EUW,1763147352581,15.22.724.5161,420,100,blue,1,5023.0,106866.0,27,52,28.516666666666662,3747.4926943308014
EUW1_7603645604,EUW,1763147352581,15.22.724.5161,420,200,red,0,4804.4,69112.0,19,61,28.516666666666662,2423.565166569258
EUW1_7603690995,EUW,1763149355107,15.22.724.5161,420,100,blue,0,5125.8,154383.0,23,74,40.666666666666664,3796.3032786885246
EUW1_7603690995,EUW,1763149355107,15.22.724.5161,420,200,red,1,4626.2,161815.0,42,85,40.666666666666664,3979.0573770491806
EUW1_7603769745,EUW,1763152063154,15.22.724.5161,420,100,blue,0,5053.4,36531.0,11,22,22.633333333333333,1614.035346097202
EUW1_7603769745,EUW,1763152063154,15.22.724.5161,420,200,red,1,5870.2,89881.0,34,40,22.633333333333333,3971.178203240059
EUW1_7603812870,EUW,1763153721197,15.22.724.5161,420,100,blue,1,5651.0,73244.0,32,36,22.9,3198.4279475982535
EUW1_7603812870,EUW,1763153721197,15.22.724.5161,420,200,red,0,4592.2,54560.0,10,37,22.9,2382.532751091703
EUW1_7603859989,EUW,1763155374694,15.22.724.5161,420,100,blue,0,4833.2,76402.0,8,68,29.666666666666668,2575.3483146067415
EUW1_7603859989,EUW,1763155374694,15.22.724.5161,420,200,red,1,5137.2,121866.0,40,65,29.666666666666668,4107.842696629214
EUW1_7603916273,EUW,1763157434626,15.22.724.5161,420,100,blue,1,5680.6,143349.0,52,48,29.616666666666667,4840.146314012381
EUW1_7603916273,EUW,1763157434626,15.22.724.5161,420,200,red,0,5254.8,112170.0,29,36,29.616666666666667,3787.394485087226
EUW1_7603972446,EUW,1763159540153,15.22.724.5161,420,100,blue,0,4628.6,55952.0,9,47,24.95,2242.565130260521
EUW1_7603972446,EUW,1763159540153,15.22.724.5161,420,200,red,1,5353.2,92695.0,30,39,24.95,3715.2304609218436
EUW1_7604029130,EUW,1763161592025,15.22.724.5161,420,100,blue,1,5630.2,180083.0,54,66,38.95,4623.440308087291
EUW1_7604029130,EUW,1763161592025,15.22.724.5161,420,200,red,0,5211.4,157549.0,43,79,38.95,4044.9037227214376
EUW1_7604083166,EUW,1763164213298,15.22.724.5161,420,100,blue,0,5193.4,94493.0,27,46,31.45,3004.5468998410174
EUW1_7604083166,EUW,1763164213298,15.22.724.5161,420,200,red,1,5031.4,110384.0,35,77,31.45,3509.825119236884
EUW1_7604686337,EUW,1763222934433,15.22.724.5161,420,100,blue,1,5627.2,111674.0,42,49,26.31666666666667,4243.470550981633
EUW1_7604686337,EUW,1763222934433,15.22.724.5161,420,200,red,0,4767.4,96712.0,19,40,26.31666666666667,3674.9335022165924
EUW1_7605189053,EUW,1763243583199,15.22.724.5161,420,100,blue,0,4932.2,114411.0,33,91,35.55,3218.31223628692
EUW1_7605189053,EUW,1763243583199,15.22.724.5161,420,200,red,1,5464.8,169045.0,44,77,35.55,4755.133614627286
EUW1_7605254056,EUW,1763246078967,15.22.724.5161,420,100,blue,0,4502.2,110547.0,19,38,31.06666666666667,3558.37982832618
EUW1_7605254056,EUW,1763246078967,15.22.724.5161,420,200,red,1,5088.0,91121.0,30,56,31.06666666666667,2933.079399141631
EUW1_7605314786,EUW,1763248409731,15.22.724.5161,420,100,blue,1,5269.0,110473.0,34,56,30.56666666666667,3614.1657579062157
EUW1_7605314786,EUW,1763248409731,15.22.724.5161,420,200,red,0,4457.8,83427.0,15,68,30.56666666666667,2729.3456924754632
EUW1_7605357113,EUW,1763250519849,15.22.724.5161,420,100,blue,1,5918.2,82238.0,38,45,23.2,3544.741379310345
EUW1_7605357113,EUW,1763250519849,15.22.724.5161,420,200,red,0,4859.2,54690.0,20,49,23.2,2357.3275862068967
EUW1_7605390309,EUW,1763252336775,15.22.724.5161,420,100,blue,0,5477.6,179788.0,48,76,43.333333333333336,4148.953846153846
EUW1_7605390309,EUW,1763252336775,15.22.724.5161,420,200,red,1,5515.0,199696.0,47,84,43.333333333333336,4608.369230769231
EUW1_7605502790,EUW,1763264654430,15.22.724.5161,420,100,blue,0,5139.8,85389.0,28,38,28.4,3006.654929577465
EUW1_7605502790,EUW,1763264654430,15.22.724.5161,420,200,red,1,5395.4,129764.0,55,50,28.4,4569.154929577465
EUW1_7605726092,EUW,1763296594374,15.22.724.5161,420,100,blue,1,6260.8,83267.0,33,50,23.216666666666665,3586.5183058147886
EUW1_7605726092,EUW,1763296594374,15.22.724.5161,420,200,red,0,4975.0,63703.0,17,35,23.216666666666665,2743.8478104809765
EUW1_7605755325,EUW,1763298248166,15.22.724.5161,420,100,blue,0,5731.2,156282.0,49,63,31.766666666666662,4919.685204617
EUW1_7605755325,EUW,1763298248166,15.22.724.5161,420,200,red,1,5909.2,161283.0,51,58,31.766666666666662,5077.114375655824
EUW1_7605804777,EUW,1763300517252,15.22.724.5161,420,100,blue,1,5351.6,53626.0,21,44,23.083333333333332,2323.148014440433
EUW1_7605804777,EUW,1763300517252,15.22.724.5161,420,200,red,0,4756.4,62255.0,8,39,23.083333333333332,2696.967509025271
EUW1_7605838208,EUW,1763302249363,15.22.724.5161,420,100,blue,0,5308.8,152157.0,38,63,37.766666666666666,4028.8702559576345
EUW1_7605838208,EUW,1763302249363,15.22.724.5161,420,200,red,1,5326.6,212219.0,46,88,37.766666666666666,5619.214474845543
EUW1_7605902361,EUW,1763305052495,15.22.724.5161,420,100,blue,0,6046.6,174754.0,41,92,41.53333333333333,4207.560192616373
EUW1_7605902361,EUW,1763305052495,15.22.724.5161,420,200,red,1,5614.8,192510.0,58,91,41.53333333333333,4635.072231139647
EUW1_7605980565,EUW,1763307897717,15.22.724.5161,420,100,blue,0,4981.0,94102.0,20,59,30.116666666666667,3124.5821804095185
EUW1_7605980565,EUW,1763307897717,15.22.724.5161,420,200,red,1,5773.4,119468.0,44,73,30.116666666666667,3966.8400664084115
EUW1_7606414059,EUW,1763324088997,15.22.724.5161,420,100,blue,0,5056.6,104598.0,34,67,31.7,3299.621451104101
EUW1_7606414059,EUW,1763324088997,15.22.724.5161,420,200,red,1,5715.6,99319.0,28,55,31.7,3133.0914826498424
EUW1_7606475413,EUW,1763326294931,15.22.724.5161,420,100,blue,1,5053.2,188047.0,47,69,36.083333333333336,5211.464203233256
EUW1_7606475413,EUW,1763326294931,15.22.724.5161,420,200,red,0,5355.6,143941.0,34,62,36.083333333333336,3989.127020785219
EUW1_7606549214,EUW,1763328744495,15.22.724.5161,420,100,blue,0,4701.4,223718.0,43,108,47.4,4719.789029535865
EUW1_7606549214,EUW,1763328744495,15.22.724.5161,420,200,red,1,4724.4,174753.0,36,90,47.4,3686.772151898734
EUW1_7606629011,EUW,1763331884367,15.22.724.5161,420,100,blue,1,5096.0,114321.0,39,62,30.016666666666662,3808.584119933371
EUW1_7606629011,EUW,1763331884367,15.22.724.5161,420,200,red,0,4920.8,101820.0,22,39,30.016666666666662,3392.1154913936707
EUW1_7606675517,EUW,1763334014981,15.22.724.5161,420,100,blue,0,5099.4,102649.0,28,62,33.71666666666667,3044.458724666337
EUW1_7606675517,EUW,1763334014981,15.22.724.5161,420,200,red,1,5468.6,128856.0,42,68,33.71666666666667,3821.7301038062283
EUW1_7606712051,EUW,1763336659012,15.22.724.5161,420,100,blue,1,5549.8,154871.0,44,54,33.5,4623.014925373134
EUW1_7606712051,EUW,1763336659012,15.22.724.5161,420,200,red,0,5536.2,132032.0,38,61,33.5,3941.2537313432836
EUW1_7607032051,EUW,1763389004307,15.22.724.5161,420,100,blue,1,4944.2,281205.0,56,111,48.13333333333333,5842.209141274238
EUW1_7607032051,EUW,1763389004307,15.22.724.5161,420,200,red,0,5376.6,216748.0,59,90,48.13333333333333,4503.074792243768
EUW1_7608406972,EUW,1763495043971,15.22.724.5161,420,100,blue,1,4930.0,74899.0,30,52,25.316666666666666,2958.485845951284
EUW1_7608406972,EUW,1763495043971,15.22.724.5161,420,200,red,0,4662.6,53797.0,9,34,25.316666666666666,2124.9637919684
EUW1_7608460640,EUW,1763496892261,15.22.724.5161,420,100,blue,1,5656.0,127620.0,44,59,32.88333333333333,3880.9934110491636
EUW1_7608460640,EUW,1763496892261,15.22.724.5161,420,200,red,0,4560.4,123127.0,24,58,32.88333333333333,3744.3588443993917
EUW1_7610717239,EUW,1763662263658,15.23.726.9074,420,100,blue,1,5219.6,100847.0,33,65,28.483333333333338,3540.561732007021
EUW1_7610717239,EUW,1763662263658,15.23.726.9074,420,200,red,0,4766.0,74403.0,13,59,28.483333333333338,2612.159157401989
EUW1_7610785059,EUW,1763664635460,15.23.726.9074,420,100,blue,1,5624.6,154391.0,51,51,32.666666666666664,4726.255102040816
EUW1_7610785059,EUW,1763664635460,15.23.726.9074,420,200,red,0,5168.4,165348.0,31,57,32.666666666666664,5061.673469387755
EUW1_7610853869,EUW,1763666924466,15.23.726.9074,420,100,blue,0,4963.6,111421.0,31,45,30.68333333333333,3631.319934818034
EUW1_7610853869,EUW,1763666924466,15.23.726.9074,420,200,red,1,5107.6,145077.0,39,62,30.68333333333333,4728.202064095601
EUW1_7611018493,EUW,1763672029545,15.23.726.9074,420,100,blue,1,5245.0,127760.0,35,56,30.28333333333334,4218.822234452393
EUW1_7611018493,EUW,1763672029545,15.23.726.9074,420,200,red,0,5367.4,128683.0,31,77,30.28333333333334,4249.301045679691
EUW1_7611081417,EUW,1763674161002,15.23.726.9074,420,100,blue,1,5405.4,151402.0,49,69,33.233333333333334,4555.727181544634
EUW1_7611081417,EUW,1763674161002,15.23.726.9074,420,200,red,0,5862.8,140423.0,41,61,33.233333333333334,4225.366098294885
EUW1_7611944459,EUW,1763746267872,15.23.726.9074,420,100,blue,0,5303.0,181153.0,46,86,42.06666666666667,4306.331220285261
EUW1_7611944459,EUW,1763746267872,15.23.726.9074,420,200,red,1,5344.0,190159.0,61,82,42.06666666666667,4520.419968304279
EUW1_7614410356,EUW,1763904636324,15.23.728.3286,420,100,blue,1,4995.0,112631.0,28,85,33.583333333333336,3353.776674937965
EUW1_7614410356,EUW,1763904636324,15.23.728.3286,420,200,red,0,4673.6,102096.0,19,76,33.583333333333336,3040.079404466501
EUW1_7615183238,EUW,1763930707971,15.23.728.3286,420,100,blue,0,5633.6,160717.0,43,41,35.8,4489.301675977654
EUW1_7615183238,EUW,1763930707971,15.23.728.3286,420,200,red,1,5225.8,143095.0,50,57,35.8,3997.067039106146
EUW1_7616279060,EUW,1764014469712,15.23.728.3286,420,100,blue,0,5061.8,131037.0,29,64,32.38333333333333,4046.4333504889346
EUW1_7616279060,EUW,1764014469712,15.23.728.3286,420,200,red,1,4822.8,132506.0,45,70,32.38333333333333,4091.7961914565108
EUW1_7618237337,EUW,1764176838929,15.23.728.3286,420,100,blue,1,5115.0,122869.0,47,41,29.983333333333338,4097.909949972206
EUW1_7618237337,EUW,1764176838929,15.23.728.3286,420,200,red,0,4907.2,97129.0,24,51,29.983333333333338,3239.4330183435236
EUW1_7620739387,EUW,1764364174053,15.23.728.3286,420,100,blue,0,4566.8,41412.0,8,42,21.683333333333334,1909.8539584934665
EUW1_7620739387,EUW,1764364174053,15.23.728.3286,420,200,red,1,5793.4,66970.0,28,46,21.683333333333334,3088.5472713297463
EUW1_7620794772,EUW,1764366058779,15.23.728.3286,420,100,blue,1,5166.8,121025.0,41,62,29.28333333333334,4132.896983494592
EUW1_7620794772,EUW,1764366058779,15.23.728.3286,420,200,red,0,5483.2,109946.0,23,50,29.28333333333334,3754.558907228229
EUW1_7621252320,EUW,1764415053173,15.23.728.3286,420,100,blue,0,4945.2,70064.0,11,57,27.5,2547.7818181818184
EUW1_7621252320,EUW,1764415053173,15.23.728.3286,420,200,red,1,5246.6,85683.0,29,64,27.5,3115.7454545454543
EUW1_7621321435,EUW,1764419935857,15.23.728.3286,420,100,blue,1,5825.0,97774.0,32,30,21.933333333333334,4457.781155015197
EUW1_7621321435,EUW,1764419935857,15.23.728.3286,420,200,red,0,4566.4,57198.0,13,35,21.933333333333334,2607.8115501519756
EUW1_7621356164,EUW,1764422134413,15.23.728.3286,420,100,blue,0,5083.6,161940.0,39,75,37.68333333333333,4297.390535161433
EUW1_7621356164,EUW,1764422134413,15.23.728.3286,420,200,red,1,6034.2,170308.0,53,75,37.68333333333333,4519.451570101725
EUW1_7621402931,EUW,1764424715098,15.23.728.3286,420,100,blue,1,5309.2,116120.0,36,55,30.083333333333332,3859.94459833795
EUW1_7621402931,EUW,1764424715098,15.23.728.3286,420,200,red,0,4965.2,99143.0,19,59,30.083333333333332,3295.612188365651
EUW1_7621747782,EUW,1764441803397,15.23.728.3286,420,100,blue,0,4785.4,72419.0,16,39,23.45,3088.230277185501
EUW1_7621747782,EUW,1764441803397,15.23.728.3286,420,200,red,1,5533.6,107148.0,35,42,23.45,4569.2110874200425
EUW1_7623171633,EUW,1764532638109,15.23.728.3286,420,100,blue,0,5038.0,109094.0,31,59,36.483333333333334,2990.2421196893556
EUW1_7623171633,EUW,1764532638109,15.23.728.3286,420,200,red,1,4868.4,157432.0,44,75,36.483333333333334,4315.175879396985
EUW1_7624849688,EUW,1764681421601,15.23.728.3286,420,100,blue,1,545.6,271.0,0,1,1.8166666666666669,149.1743119266055
EUW1_7624849688,EUW,1764681421601,15.23.728.3286,420,200,red,0,523.8,495.0,0,1,1.8166666666666669,272.4770642201835
EUW1_7624854142,EUW,1764682075249,15.23.728.3286,420,100,blue,0,5084.8,97994.0,29,68,35.233333333333334,2781.286660359508
EUW1_7624854142,EUW,1764682075249,15.23.728.3286,420,200,red,1,5293.0,172144.0,41,68,35.233333333333334,4885.827814569537
EUW1_7624896013,EUW,1764685217656,15.23.728.3286,420,100,blue,0,5331.6,97925.0,36,55,31.56666666666667,3102.164730728616
EUW1_7624896013,EUW,1764685217656,15.23.728.3286,420,200,red,1,5357.2,124939.0,47,73,31.56666666666667,3957.940865892291
EUW1_7624931677,EUW,1764687433054,15.23.728.3286,420,100,blue,1,5017.8,110692.0,38,70,32.583333333333336,3397.196930946291
EUW1_7624931677,EUW,1764687433054,15.23.728.3286,420,200,red,0,4959.4,107426.0,21,57,32.583333333333336,3296.9616368286443
EUW1_7624992397,EUW,1764691553030,15.23.728.3286,420,100,blue,0,5068.6,90728.0,24,61,32.13333333333333,2823.4854771784235
EUW1_7624992397,EUW,1764691553030,15.23.728.3286,420,200,red,1,5336.4,122872.0,38,73,32.13333333333333,3823.817427385892
EUW1_7625042792,EUW,1764693955317,15.23.728.3286,420,100,blue,0,4107.2,24504.0,1,30,15.95,1536.3009404388715
EUW1_7625042792,EUW,1764693955317,15.23.728.3286,420,200,red,1,5392.0,28018.0,12,30,15.95,1756.614420062696
EUW1_7625068681,EUW,1764695206228,15.23.728.3286,420,100,blue,1,4851.2,212249.0,58,86,48.46666666666667,4379.277854195323
EUW1_7625068681,EUW,1764695206228,15.23.728.3286,420,200,red,0,4672.2,216791.0,40,83,48.46666666666667,4472.991746905089
EUW1_7625137246,EUW,1764698508467,15.23.728.3286,420,100,blue,0,5278.8,153475.0,35,87,34.9,4397.56446991404
EUW1_7625137246,EUW,1764698508467,15.23.728.3286,420,200,red,1,5355.6,152882.0,52,75,34.9,4380.573065902579
EUW1_7625201606,EUW,1764700871119,15.23.728.3286,420,100,blue,0,5242.0,143167.0,40,70,39.28333333333333,3644.4717861688587
EUW1_7625201606,EUW,1764700871119,15.23.728.3286,420,200,red,1,5156.2,150845.0,50,61,39.28333333333333,3839.923631735257
EUW1_7625274352,EUW,1764703825529,15.23.728.3286,420,100,blue,0,4469.4,52786.0,11,43,24.05,2194.844074844075
EUW1_7625274352,EUW,1764703825529,15.23.728.3286,420,200,red,1,5236.8,69821.0,28,56,24.05,2903.160083160083
EUW1_7625327451,EUW,1764705651137,15.23.728.3286,420,100,blue,1,5952.0,95746.0,32,56,25.583333333333332,3742.5146579804564
EUW1_7625327451,EUW,1764705651137,15.23.728.3286,420,200,red,0,4933.4,67392.0,18,58,25.583333333333332,2634.214983713355
EUW1_7625390731,EUW,1764707644272,15.23.728.3286,420,100,blue,0,4971.0,131450.0,27,47,34.6,3799.1329479768783
EUW1_7625390731,EUW,1764707644272,15.23.728.3286,420,200,red,1,5093.0,175503.0,43,70,34.6,5072.341040462427
EUW1_7625544862,EUW,1764713222182,15.23.728.3286,420,100,blue,0,5348.0,143854.0,41,80,36.56666666666667,3934.020054694621
EUW1_7625544862,EUW,1764713222182,15.23.728.3286,420,200,red,1,5062.4,137173.0,39,78,36.56666666666667,3751.3126709206927
EUW1_7625602311,EUW,1764715835360,15.23.728.3286,420,100,blue,0,5573.4,119918.0,31,64,29.516666666666662,4062.721626199888
EUW1_7625602311,EUW,1764715835360,15.23.728.3286,420,200,red,1,5043.4,114417.0,33,54,29.516666666666662,3876.352343308866
EUW1_7625642121,EUW,1764717932322,15.23.728.3286,420,100,blue,0,5294.6,76416.0,20,46,24.816666666666666,3079.2209536601745
EUW1_7625642121,EUW,1764717932322,15.23.728.3286,420,200,red,1,5248.4,81524.0,30,47,24.816666666666666,3285.05036937542
EUW1_7625673750,EUW,1764719930067,15.23.728.3286,420,100,blue,1,5709.6,101557.0,32,71,32.3,3144.1795665634677
EUW1_7625673750,EUW,1764719930067,15.23.728.3286,420,200,red,0,4261.6,77515.0,10,61,32.3,2399.8452012383905
EUW1_7625700153,EUW,1764722710078,15.23.728.3286,420,100,blue,1,5741.0,121658.0,40,56,29.666666666666668,4100.831460674157
EUW1_7625700153,EUW,1764722710078,15.23.728.3286,420,200,red,0,5625.4,93781.0,22,61,29.666666666666668,3161.1573033707864
EUW1_7625723246,EUW,1764725682366,15.23.728.3286,420,100,blue,0,5600.2,70708.0,20,53,27.6,2561.8840579710145
EUW1_7625723246,EUW,1764725682366,15.23.728.3286,420,200,red,1,5980.6,87976.0,34,60,27.6,3187.536231884058
EUW1_7628269614,EUW,1764877741910,15.24.730.7955,420,100,blue,1,5151.4,169061.0,46,90,39.7,4258.4634760705285
EUW1_7628269614,EUW,1764877741910,15.24.730.7955,420,200,red,0,4967.2,176755.0,49,73,39.7,4452.267002518892
EUW1_7628424150,EUW,1764882010984,15.24.730.7955,420,100,blue,1,4990.2,169525.0,43,69,35.63333333333333,4757.483629560337
EUW1_7628424150,EUW,1764882010984,15.24.730.7955,420,200,red,0,5301.6,176180.0,43,74,35.63333333333333,4944.246959775492
EUW1_7628517263,EUW,1764884473124,15.24.730.7955,420,100,blue,1,5273.8,199197.0,67,67,43.18333333333333,4612.821304515632
EUW1_7628517263,EUW,1764884473124,15.24.730.7955,420,200,red,0,4502.0,160122.0,31,84,43.18333333333333,3707.9583172520265
EUW1_7632925729,EUW,1765129124505,15.24.731.5210,420,100,blue,0,4469.8,87286.0,16,80,34.55,2526.3675832127356
EUW1_7632925729,EUW,1765129124505,15.24.731.5210,420,200,red,1,4813.8,103816.0,27,83,34.55,3004.8046309696097
EUW1_7636876615,EUW,1765364732252,15.24.732.64,420,100,blue,1,5668.2,111549.0,37,51,28.15,3962.664298401421
EUW1_7636876615,EUW,1765364732252,15.24.732.64,420,200,red,0,4857.0,81488.0,19,57,28.15,2894.777975133215
EUW1_7636898099,EUW,1765366715466,15.24.732.64,420,100,blue,0,5297.8,95660.0,24,56,25.55,3744.031311154599
EUW1_7636898099,EUW,1765366715466,15.24.732.64,420,200,red,1,6103.8,104111.0,38,50,25.55,4074.794520547945
EUW1_7636934791,EUW,1765369083042,15.24.732.64,420,100,blue,0,5016.0,37441.0,11,26,23.216666666666665,1612.6776740847095
EUW1_7636934791,EUW,1765369083042,15.24.732.64,420,200,red,1,5786.8,58611.0,20,35,23.216666666666665,2524.522613065327
EUW1_7636959019,EUW,1765370796135,15.24.732.64,420,100,blue,1,5480.4,111137.0,33,63,28.55,3892.7145359019264
EUW1_7636959019,EUW,1765370796135,15.24.732.64,420,200,red,0,4510.0,73678.0,21,60,28.55,2580.665499124343
EUW1_7637772772,EUW,1765402152440,15.24.732.64,420,100,blue,1,5177.4,224107.0,57,87,46.733333333333334,4795.442225392297
EUW1_7637772772,EUW,1765402152440,15.24.732.64,420,200,red,0,5025.2,292043.0,53,90,46.733333333333334,6249.13694721826
EUW1_7637863012,EUW,1765405209715,15.24.732.64,420,100,blue,1,5455.2,109614.0,34,72,29.15,3760.343053173242
EUW1_7637863012,EUW,1765405209715,15.24.732.64,420,200,red,0,5493.8,96517.0,28,67,29.15,3311.046312178388
EUW1_7638834654,EUW,1765479123075,15.24.732.64,420,100,blue,0,4744.8,111680.0,30,88,38.8,2878.350515463918
EUW1_7638834654,EUW,1765479123075,15.24.732.64,420,200,red,1,5359.8,149919.0,32,88,38.8,3863.89175257732
EUW1_7643397337,EUW,1765741151012,15.24.732.64,420,100,blue,0,4669.0,100757.0,20,42,29.133333333333333,3458.4782608695655
EUW1_7643397337,EUW,1765741151012,15.24.732.64,420,200,red,1,5296.0,125979.0,42,43,29.133333333333333,4324.221967963387
EUW1_7650842299,EUW,1766243915769,15.24.734.7485,420,100,blue,1,5415.0,102370.0,34,72,31.81666666666667,3217.4960712414872
EUW1_7650842299,EUW,1766243915769,15.24.734.7485,420,200,red,0,4378.4,82062.0,13,93,31.81666666666667,2579.214248297538
EUW1_7650897721,EUW,1766246096536,15.24.734.7485,420,100,blue,1,5653.4,149254.0,44,61,33.18333333333333,4497.8603716725265
EUW1_7650897721,EUW,1766246096536,15.24.734.7485,420,200,red,0,5347.6,114633.0,27,68,33.18333333333333,3454.5354093420397
EUW1_7651142762,EUW,1766256645132,15.24.734.7485,420,100,blue,1,5037.8,141784.0,43,72,32.666666666666664,4340.326530612245
EUW1_7651142762,EUW,1766256645132,15.24.734.7485,420,200,red,0,5502.6,104147.0,37,80,32.666666666666664,3188.173469387755
EUW1_7651197779,EUW,1766258921265,15.24.734.7485,420,100,blue,0,4929.2,73443.0,21,56,29.483333333333338,2491.0005652911245
EUW1_7651197779,EUW,1766258921265,15.24.734.7485,420,200,red,1,5599.4,108397.0,40,68,29.483333333333338,3676.5517241379303
EUW1_7652161651,EUW,1766326424636,15.24.734.7485,420,100,blue,0,5113.0,52274.0,17,47,22.15,2360.0
EUW1_7652161651,EUW,1766326424636,15.24.734.7485,420,200,red,1,5692.6,58459.0,32,38,22.15,2639.232505643341
EUW1_7652205614,EUW,1766328157959,15.24.734.7485,420,100,blue,0,4814.4,178441.0,35,72,39.46666666666667,4521.309121621622
EUW1_7652205614,EUW,1766328157959,15.24.734.7485,420,200,red,1,5190.0,180102.0,55,62,39.46666666666667,4563.39527027027
EUW1_7654162310,EUW,1766436247207,15.24.734.7485,420,100,blue,1,4976.2,90881.0,30,56,28.383333333333333,3201.9142689371697
EUW1_7654162310,EUW,1766436247207,15.24.734.7485,420,200,red,0,5031.6,68428.0,20,57,28.383333333333333,2410.8514386376983
EUW1_7654810597,EUW,1766490961776,15.24.734.7485,420,100,blue,1,5894.2,99796.0,38,57,26.15,3816.290630975144
EUW1_7654810597,EUW,1766490961776,15.24.734.7485,420,200,red,0,4797.8,75587.0,27,52,26.15,2890.5162523900576
EUW1_7654841188,EUW,1766493295050,15.24.734.7485,420,100,blue,1,4760.8,138293.0,47,68,35.35,3912.107496463932
EUW1_7654841188,EUW,1766493295050,15.24.734.7485,420,200,red,0,5332.6,118575.0,30,58,35.35,3354.314002828854
EUW1_7655747551,EUW,1766531422103,15.24.734.7485,420,100,blue,1,4785.4,156836.0,39,72,33.65,4660.802377414562
EUW1_7655747551,EUW,1766531422103,15.24.734.7485,420,200,red,0,4871.2,101653.0,22,61,33.65,3020.8915304606244
EUW1_7656323852,EUW,1766588236910,15.24.734.7485,420,100,blue,1,5193.0,128595.0,35,63,26.8,4798.320895522388
EUW1_7656323852,EUW,1766588236910,15.24.734.7485,420,200,red,0,4778.8,65724.0,17,59,26.8,2452.3880597014927
EUW1_7656360018,EUW,1766590147648,15.24.734.7485,420,100,blue,0,4994.0,58215.0,12,53,29.6,1966.722972972973
EUW1_7656360018,EUW,1766590147648,15.24.734.7485,420,200,red,1,4482.4,98491.0,25,57,29.6,3327.3986486486483
EUW1_7656397110,EUW,1766592277878,15.24.734.7485,420,100,blue,0,5238.4,77246.0,23,34,23.4,3301.1111111111113
EUW1_7656397110,EUW,1766592277878,15.24.734.7485,420,200,red,1,5749.2,68660.0,30,49,23.4,2934.188034188034
EUW1_7656542598,EUW,1766600857379,15.24.734.7485,420,100,blue,1,5095.0,233130.0,58,83,45.35,5140.683572216097
EUW1_7656542598,EUW,1766600857379,15.24.734.7485,420,200,red,0,4861.6,206215.0,45,108,45.35,4547.188533627343
EUW1_7657104401,EUW,1766659016840,15.24.734.7485,420,100,blue,0,4283.8,37018.0,8,32,20.283333333333335,1825.0451930977813
EUW1_7657104401,EUW,1766659016840,15.24.734.7485,420,200,red,1,4825.0,43402.0,17,32,20.283333333333335,2139.7863599013967
EUW1_7657784833,EUW,1766696361048,15.24.734.7485,420,100,blue,0,4967.4,37756.0,11,21,17.983333333333334,2099.49953660797
EUW1_7657784833,EUW,1766696361048,15.24.734.7485,420,200,red,1,5721.2,46184.0,23,36,17.983333333333334,2568.1556997219645
EUW1_7657843496,EUW,1766698330069,15.24.734.7485,420,100,blue,1,5092.6,168298.0,38,89,38.18333333333333,4407.629855958097
EUW1_7657843496,EUW,1766698330069,15.24.734.7485,420,200,red,0,5304.8,141190.0,38,64,38.18333333333333,3697.686599738106
EUW1_7658375927,EUW,1766750102641,15.24.734.7485,420,100,blue,0,4973.6,76745.0,28,49,28.93333333333333,2652.4769585253457
EUW1_7658375927,EUW,1766750102641,15.24.734.7485,420,200,red,1,6022.8,126401.0,56,50,28.93333333333333,4368.698156682028
EUW1_7659078575,EUW,1766783269155,15.24.734.7485,420,100,blue,1,5616.2,192110.0,48,68,38.516666666666666,4987.710947641714
EUW1_7659078575,EUW,1766783269155,15.24.734.7485,420,200,red,0,4892.8,162524.0,41,80,38.516666666666666,4219.575941151017
EUW1_7659153881,EUW,1766785939999,15.24.734.7485,420,100,blue,0,4825.2,92650.0,17,48,32.083333333333336,2887.7922077922076
EUW1_7659153881,EUW,1766785939999,15.24.734.7485,420,200,red,1,4820.2,111557.0,30,64,32.083333333333336,3477.101298701298
EUW1_7659216627,EUW,1766788140966,15.24.734.7485,420,100,blue,0,4608.0,122479.0,22,56,38.6,3173.0310880829015
EUW1_7659216627,EUW,1766788140966,15.24.734.7485,420,200,red,1,4938.2,193781.0,51,62,38.6,5020.233160621761
EUW1_7661967366,EUW,1766959188482,15.24.734.7485,420,100,blue,1,6481.4,106292.0,45,42,24.666666666666668,4309.135135135135
EUW1_7661967366,EUW,1766959188482,15.24.734.7485,420,200,red,0,5306.4,71299.0,19,48,24.666666666666668,2890.5
EUW1_7662028549,EUW,1766960961647,15.24.734.7485,420,100,blue,1,5351.4,211306.0,52,72,39.95,5289.261576971214
EUW1_7662028549,EUW,1766960961647,15.24.734.7485,420,200,red,0,5073.4,170314.0,42,69,39.95,4263.178973717146
EUW1_7662247816,EUW,1766972440309,15.24.734.7485,420,100,blue,0,5134.0,125377.0,24,89,35.11666666666667,3570.299003322259
EUW1_7662247816,EUW,1766972440309,15.24.734.7485,420,200,red,1,5170.8,143273.0,32,73,35.11666666666667,4079.9145704793546
EUW1_7662267184,EUW,1766974856396,15.24.734.7485,420,100,blue,1,6012.8,84863.0,38,35,22.066666666666666,3845.7552870090635
EUW1_7662267184,EUW,1766974856396,15.24.734.7485,420,200,red,0,5240.2,59623.0,14,31,22.066666666666666,2701.9486404833838
EUW1_7662434225,EUW,1767006001766,15.24.734.7485,420,100,blue,0,5586.6,184559.0,55,71,38.9,4744.447300771209
EUW1_7662434225,EUW,1767006001766,15.24.734.7485,420,200,red,1,5454.6,172308.0,47,59,38.9,4429.511568123394
EUW1_7662470048,EUW,1767008570529,15.24.734.7485,420,100,blue,0,5059.4,65226.0,19,45,24.733333333333334,2637.1698113207544
EUW1_7662470048,EUW,1767008570529,15.24.734.7485,420,200,red,1,5261.6,97012.0,28,38,24.733333333333334,3922.318059299191
EUW1_7663046495,EUW,1767035608511,15.24.734.7485,420,100,blue,0,4747.6,67727.0,15,68,29.3,2311.5017064846415
EUW1_7663046495,EUW,1767035608511,15.24.734.7485,420,200,red,1,5014.0,97921.0,32,38,29.3,3342.013651877133
EUW1_7663098963,EUW,1767037623508,15.24.734.7485,420,100,blue,0,4314.6,36208.0,8,24,19.966666666666665,1813.4223706176963
EUW1_7663098963,EUW,1767037623508,15.24.734.7485,420,200,red,1,4869.8,70300.0,26,34,19.966666666666665,3520.868113522538
EUW1_7664676740,EUW,1767130965072,15.24.734.7485,420,100,blue,0,5085.2,109116.0,29,33,28.15,3876.234458259325
EUW1_7664676740,EUW,1767130965072,15.24.734.7485,420,200,red,1,5650.4,133924.0,46,36,28.15,4757.513321492007
EUW1_7664740986,EUW,1767133136801,15.24.734.7485,420,100,blue,1,5774.6,39949.0,17,28,15.26666666666667,2616.7467248908292
EUW1_7664740986,EUW,1767133136801,15.24.734.7485,420,200,red,0,4765.4,25714.0,5,27,15.26666666666667,1684.3231441048033
EUW1_7664922099,EUW,1767140139236,15.24.734.7485,420,100,blue,1,5196.0,76270.0,22,48,23.116666666666667,3299.351117519827
EUW1_7664922099,EUW,1767140139236,15.24.734.7485,420,200,red,0,5808.4,64203.0,23,50,23.116666666666667,2777.3467916366258
EUW1_7664958546,EUW,1767141891875,15.24.734.7485,420,100,blue,1,6576.2,164306.0,50,58,32.13333333333333,5113.2572614107885
EUW1_7664958546,EUW,1767141891875,15.24.734.7485,420,200,red,0,5663.6,168811.0,35,64,32.13333333333333,5253.454356846473
EUW1_7664990645,EUW,1767144201181,15.24.734.7485,420,100,blue,1,5512.6,126385.0,38,49,29.68333333333333,4257.776530039304
EUW1_7664990645,EUW,1767144201181,15.24.734.7485,420,200,red,0,5991.8,112390.0,33,58,29.68333333333333,3786.2998315553064
EUW1_7665011958,EUW,1767146359896,15.24.734.7485,420,100,blue,0,5677.4,117471.0,30,60,28.766666666666662,4083.5805330243343
EUW1_7665011958,EUW,1767146359896,15.24.734.7485,420,200,red,1,5736.2,133627.0,47,57,28.766666666666662,4645.202780996525
EUW1_7666516197,EUW,1767285498081,15.24.734.7485,420,100,blue,0,4909.0,66466.0,16,65,26.18333333333333,2538.485041374921
EUW1_7666516197,EUW,1767285498081,15.24.734.7485,420,200,red,1,6036.0,107609.0,37,44,26.18333333333333,4109.828134945895
EUW1_7666570054,EUW,1767287543865,15.24.734.7485,420,100,blue,0,4327.8,40179.0,12,33,21.733333333333334,1848.7269938650306
EUW1_7666570054,EUW,1767287543865,15.24.734.7485,420,200,red,1,5871.8,59311.0,25,44,21.733333333333334,2729.033742331288
EUW1_7666612164,EUW,1767289269594,15.24.734.7485,420,100,blue,1,5237.8,134419.0,37,61,30.8,4364.2532467532465
EUW1_7666612164,EUW,1767289269594,15.24.734.7485,420,200,red,0,5607.4,90692.0,29,49,30.8,2944.5454545454545
EUW1_7666751800,EUW,1767294296893,15.24.734.7485,420,100,blue,1,5854.8,217472.0,57,60,37.85,5745.6274768824305
EUW1_7666751800,EUW,1767294296893,15.24.734.7485,420,200,red,0,5001.4,136324.0,37,81,37.85,3601.690885072655
EUW1_7666934013,EUW,1767300490712,15.24.734.7485,420,100,blue,0,5055.4,71882.0,18,42,26.266666666666662,2736.6243654822338
EUW1_7666934013,EUW,1767300490712,15.24.734.7485,420,200,red,1,5744.0,101568.0,35,36,26.266666666666662,3866.8020304568536
EUW1_7667743122,EUW,1767364211716,15.24.734.7485,420,100,blue,0,4469.8,138445.0,27,83,39.65,3491.6771752837326
EUW1_7667743122,EUW,1767364211716,15.24.734.7485,420,200,red,1,5493.4,180888.0,52,69,39.65,4562.118537200505
EUW1_7667811527,EUW,1767367054350,15.24.734.7485,420,100,blue,0,4950.6,93160.0,35,50,28.45,3274.516695957821
EUW1_7667811527,EUW,1767367054350,15.24.734.7485,420,200,red,1,6046.2,97228.0,38,53,28.45,3417.504393673111
EUW1_7668218272,EUW,1767383457889,15.24.734.7485,420,100,blue,0,4223.8,54776.0,10,55,26.78333333333334,2045.1524579962659
EUW1_7668218272,EUW,1767383457889,15.24.734.7485,420,200,red,1,5450.6,77251.0,23,64,26.78333333333334,2884.293714996888
EUW1_7668281537,EUW,1767385320431,15.24.734.7485,420,100,blue,0,4556.6,112626.0,28,67,32.416666666666664,3474.323907455013
EUW1_7668281537,EUW,1767385320431,15.24.734.7485,420,200,red,1,5677.8,201828.0,51,58,32.416666666666664,6226.056555269924
EUW1_7668342318,EUW,1767387516741,15.24.734.7485,420,100,blue,0,4992.4,53362.0,19,37,25.116666666666667,2124.5653616456534
EUW1_7668342318,EUW,1767387516741,15.24.734.7485,420,200,red,1,5387.2,87548.0,41,53,25.116666666666667,3485.653616456536
EUW1_7668450511,EUW,1767390669059,15.24.734.7485,420,100,blue,1,5381.2,129410.0,40,51,27.8,4655.035971223021
EUW1_7668450511,EUW,1767390669059,15.24.734.7485,420,200,red,0,4611.8,75104.0,17,56,27.8,2701.5827338129498
EUW1_7668509763,EUW,1767392584103,15.24.734.7485,420,100,blue,0,3947.8,88820.0,21,60,31.483333333333338,2821.175224986765
EUW1_7668509763,EUW,1767392584103,15.24.734.7485,420,200,red,1,5246.4,126732.0,38,67,31.483333333333338,4025.3679195341447
EUW1_7668783073,EUW,1767405228474,15.24.734.7485,420,100,blue,1,4831.4,191469.0,53,88,41.95,4564.219308700834
EUW1_7668783073,EUW,1767405228474,15.24.734.7485,420,200,red,0,5255.8,165242.0,39,98,41.95,3939.0226460071513
EUW1_7668832516,EUW,1767410938607,15.24.734.7485,420,100,blue,0,5218.8,124641.0,38,71,31.666666666666668,3936.0315789473684
EUW1_7668832516,EUW,1767410938607,15.24.734.7485,420,200,red,1,6014.8,155726.0,49,48,31.666666666666668,4917.663157894736
EUW1_7668838860,EUW,1767413136445,15.24.734.7485,420,100,blue,1,5704.4,113552.0,44,50,29.6,3836.2162162162163
EUW1_7668838860,EUW,1767413136445,15.24.734.7485,420,200,red,0,5355.4,88791.0,28,71,29.6,2999.695945945946
EUW1_7669455791,EUW,1767460868073,15.24.734.7485,420,100,blue,0,5408.6,106012.0,29,56,33.25,3188.3308270676694
EUW1_7669455791,EUW,1767460868073,15.24.734.7485,420,200,red,1,5338.2,127630.0,44,67,33.25,3838.496240601504
EUW1_7669575915,EUW,1767465711190,15.24.734.7485,420,100,blue,1,5123.8,111591.0,40,53,31.9,3498.150470219436
EUW1_7669575915,EUW,1767465711190,15.24.734.7485,420,200,red,0,5208.6,120218.0,35,38,31.9,3768.58934169279
EUW1_7669796459,EUW,1767473490534,15.24.734.7485,420,100,blue,0,5416.6,132526.0,32,81,35.18333333333333,3766.726669824728
EUW1_7669796459,EUW,1767473490534,15.24.734.7485,420,200,red,1,5254.4,167233.0,53,65,35.18333333333333,4753.188062529607
EUW1_7670062587,EUW,1767482292247,15.24.734.7485,420,100,blue,1,5115.6,249592.0,51,85,41.3,6043.389830508475
EUW1_7670062587,EUW,1767482292247,15.24.734.7485,420,200,red,0,4767.8,159290.0,40,69,41.3,3856.900726392252
EUW1_7670130676,EUW,1767485151561,15.24.734.7485,420,100,blue,1,6612.0,78213.0,35,36,19.2,4073.59375
EUW1_7670130676,EUW,1767485151561,15.24.734.7485,420,200,red,0,4323.0,52491.0,10,18,19.2,2733.90625
EUW1_7670162853,EUW,1767486653491,15.24.734.7485,420,100,blue,1,5513.4,36184.0,18,22,15.2,2380.5263157894738
EUW1_7670162853,EUW,1767486653491,15.24.734.7485,420,200,red,0,4269.8,23316.0,4,21,15.2,1533.9473684210527
EUW1_7670182056,EUW,1767487860620,15.24.734.7485,420,100,blue,1,4928.6,157628.0,50,64,34.15,4615.75402635432
EUW1_7670182056,EUW,1767487860620,15.24.734.7485,420,200,red,0,4827.6,138941.0,33,69,34.15,4068.550512445095
EUW1_7670209821,EUW,1767489541829,15.24.734.7485,420,100,blue,1,5596.2,95694.0,38,46,26.366666666666667,3629.355246523388
EUW1_7670209821,EUW,1767489541829,15.24.734.7485,420,200,red,0,5417.2,92167.0,28,49,26.366666666666667,3495.5878634639694
EUW1_7670218094,EUW,1767490264065,15.24.734.7485,420,100,blue,0,5215.6,158924.0,47,61,36.983333333333334,4297.178909418657
EUW1_7670218094,EUW,1767490264065,15.24.734.7485,420,200,red,1,4444.8,175943.0,35,76,36.983333333333334,4757.359170797657
EUW1_7670251756,EUW,1767492904324,15.24.734.7485,420,100,blue,0,5311.4,76605.0,20,42,24.166666666666668,3169.862068965517
EUW1_7670251756,EUW,1767492904324,15.24.734.7485,420,200,red,1,5281.2,100269.0,35,52,24.166666666666668,4149.062068965517
EUW1_7670333722,EUW,1767510975889,15.24.734.7485,420,100,blue,0,4759.0,106492.0,15,45,28.616666666666667,3721.327897495632
EUW1_7670333722,EUW,1767510975889,15.24.734.7485,420,200,red,1,5961.8,152582.0,42,54,28.616666666666667,5331.927781013395
EUW1_7670446943,EUW,1767525150869,15.24.734.7485,420,100,blue,0,5061.2,157114.0,36,77,36.43333333333333,4312.369624885636
EUW1_7670446943,EUW,1767525150869,15.24.734.7485,420,200,red,1,5380.2,172079.0,44,90,36.43333333333333,4723.119853613907
EUW1_7670483135,EUW,1767527599130,15.24.734.7485,420,100,blue,0,4606.8,97861.0,17,51,32.03333333333333,3054.973985431842
EUW1_7670483135,EUW,1767527599130,15.24.734.7485,420,200,red,1,5354.8,118074.0,28,60,32.03333333333333,3685.9729448491157
EUW1_7670717037,EUW,1767538591738,15.24.734.7485,420,100,blue,1,5244.4,85377.0,37,47,27.133333333333333,3146.5724815724816
EUW1_7670717037,EUW,1767538591738,15.24.734.7485,420,200,red,0,3887.4,44354.0,8,44,27.133333333333333,1634.6683046683047
EUW1_7670741002,EUW,1767539457301,15.24.734.7485,420,100,blue,1,5889.2,148035.0,44,44,29.483333333333338,5020.9723007348775
EUW1_7670741002,EUW,1767539457301,15.24.734.7485,420,200,red,0,5495.2,91179.0,27,61,29.483333333333338,3092.5607687959296
EUW1_7670815784,EUW,1767542190217,15.24.734.7485,420,100,blue,1,5436.8,300794.0,59,79,43.05,6987.084785133566
EUW1_7670815784,EUW,1767542190217,15.24.734.7485,420,200,red,0,5990.6,213230.0,66,62,43.05,4953.077816492451
EUW1_7671413474,EUW,1767579130916,15.24.734.7485,420,100,blue,1,5597.0,111159.0,39,57,30.583333333333332,3634.6267029972755
EUW1_7671413474,EUW,1767579130916,15.24.734.7485,420,200,red,0,4898.2,96146.0,14,68,30.583333333333332,3143.738419618529
EUW1_7671510170,EUW,1767603891367,15.24.734.7485,420,100,blue,0,4800.0,189506.0,43,91,43.916666666666664,4315.127134724858
EUW1_7671510170,EUW,1767603891367,15.24.734.7485,420,200,red,1,5509.6,206105.0,52,91,43.916666666666664,4693.092979127135
EUW1_7671815734,EUW,1767625758423,15.24.734.7485,420,100,blue,1,5163.2,116037.0,40,58,30.166666666666668,3846.5303867403313
EUW1_7671815734,EUW,1767625758423,15.24.734.7485,420,200,red,0,4668.0,94208.0,22,48,30.166666666666668,3122.917127071823
EUW1_7671853106,EUW,1767627813319,15.24.734.7485,420,100,blue,0,5671.8,130017.0,44,73,37.416666666666664,3474.841870824054
EUW1_7671853106,EUW,1767627813319,15.24.734.7485,420,200,red,1,5353.8,164270.0,48,97,37.416666666666664,4390.289532293987
EUW1_7671880496,EUW,1767628838118,15.24.734.7485,420,100,blue,0,4606.0,119260.0,34,49,33.1,3603.0211480362536
EUW1_7671880496,EUW,1767628838118,15.24.734.7485,420,200,red,1,4651.0,113299.0,38,71,33.1,3422.930513595166
EUW1_7671916461,EUW,1767630384066,15.24.734.7485,420,100,blue,0,5365.8,131702.0,38,75,40.233333333333334,3273.4548467274235
EUW1_7671916461,EUW,1767630384066,15.24.734.7485,420,200,red,1,5044.2,161336.0,49,79,40.233333333333334,4010.008285004142
EUW1_7672177610,EUW,1767640681840,15.24.734.7485,420,100,blue,1,4597.8,110136.0,34,54,33.85,3253.6484490398816
EUW1_7672177610,EUW,1767640681840,15.24.734.7485,420,200,red,0,4834.6,113660.0,29,52,33.85,3357.754800590842
EUW1_7672289720,EUW,1767644397853,15.24.734.7485,420,100,blue,0,4777.6,74522.0,29,27,26.8,2780.6716417910447
EUW1_7672289720,EUW,1767644397853,15.24.734.7485,420,200,red,1,5648.8,90874.0,43,48,26.8,3390.820895522388
EUW1_7672370568,EUW,1767646811826,15.24.734.7485,420,100,blue,1,4602.0,93467.0,22,77,35.7,2618.1232492997196
EUW1_7672370568,EUW,1767646811826,15.24.734.7485,420,200,red,0,4382.0,88731.0,18,78,35.7,2485.4621848739494
EUW1_7672411138,EUW,1767648239290,15.24.734.7485,420,100,blue,0,4831.8,91453.0,24,52,31.43333333333333,2909.4273594909864
EUW1_7672411138,EUW,1767648239290,15.24.734.7485,420,200,red,1,5329.0,125572.0,45,60,31.43333333333333,3994.8674443266177
EUW1_7672456280,EUW,1767649772837,15.24.734.7485,420,100,blue,0,5135.4,118469.0,36,73,38.2,3101.2827225130886
EUW1_7672456280,EUW,1767649772837,15.24.734.7485,420,200,red,1,5224.8,173141.0,55,77,38.2,4532.486910994764
EUW1_7673183534,EUW,1767713323039,15.24.734.7485,420,100,blue,0,4731.2,68402.0,16,45,25.466666666666665,2685.9424083769636
EUW1_7673183534,EUW,1767713323039,15.24.734.7485,420,200,red,1,5163.0,91045.0,35,48,25.466666666666665,3575.065445026178
EUW1_7673184575,EUW,1767713456996,15.24.734.7485,420,100,blue,1,5336.6,185826.0,45,87,38.1,4877.322834645669
EUW1_7673184575,EUW,1767713456996,15.24.734.7485,420,200,red,0,4737.0,117949.0,31,65,38.1,3095.774278215223
EUW1_7673217399,EUW,1767715271850,15.24.734.7485,420,100,blue,0,4531.0,38815.0,8,26,19.683333333333334,1971.9729043183743
EUW1_7673217399,EUW,1767715271850,15.24.734.7485,420,200,red,1,5315.8,46271.0,20,42,19.683333333333334,2350.770533446232
EUW1_7673240172,EUW,1767716261409,15.24.734.7485,420,100,blue,0,4728.4,106967.0,22,56,29.483333333333338,3628.0497456189933
EUW1_7673240172,EUW,1767716261409,15.24.734.7485,420,200,red,1,5077.6,92279.0,38,61,29.483333333333338,3129.8699830412656
EUW1_7673291171,EUW,1767718383453,15.24.734.7485,420,100,blue,0,4583.6,92542.0,22,39,27.266666666666662,3393.9608801955997
EUW1_7673291171,EUW,1767718383453,15.24.734.7485,420,200,red,1,4900.8,91914.0,32,42,27.266666666666662,3370.9290953545237
EUW1_7673340241,EUW,1767720457529,15.24.734.7485,420,100,blue,0,5756.0,137662.0,41,67,37.166666666666664,3703.9103139013455
EUW1_7673340241,EUW,1767720457529,15.24.734.7485,420,200,red,1,5831.2,164866.0,51,74,37.166666666666664,4435.856502242153
EUW1_7673411934,EUW,1767723098932,15.24.734.7485,420,100,blue,1,5384.4,66679.0,25,41,21.866666666666667,3049.3445121951218
EUW1_7673411934,EUW,1767723098932,15.24.734.7485,420,200,red,0,4455.0,36808.0,7,35,21.866666666666667,1683.2926829268292
EUW1_7673466693,EUW,1767725185693,15.24.734.7485,420,100,blue,1,5012.0,110838.0,24,59,27.03333333333334,4100.049321824907
EUW1_7673466693,EUW,1767725185693,15.24.734.7485,420,200,red,0,4258.4,62539.0,15,47,27.03333333333334,2313.4032059186184
EUW1_7673772863,EUW,1767735111944,15.24.734.7485,420,100,blue,1,979.8,1653.0,1,4,3.033333333333333,544.945054945055
EUW1_7673772863,EUW,1767735111944,15.24.734.7485,420,200,red,0,825.0,1241.0,0,2,3.033333333333333,409.1208791208791
EUW1_7673790100,EUW,1767735747613,15.24.734.7485,420,100,blue,1,4863.8,107230.0,37,67,29.7,3610.4377104377104
EUW1_7673790100,EUW,1767735747613,15.24.734.7485,420,200,red,0,4664.8,85458.0,22,51,29.7,2877.3737373737376
EUW1_7674093989,EUW,1767763313276,15.24.734.7485,420,100,blue,0,4919.8,184004.0,39,56,36.083333333333336,5099.418013856813
EUW1_7674093989,EUW,1767763313276,15.24.734.7485,420,200,red,1,5458.4,159431.0,49,63,36.083333333333336,4418.411085450346
EUW1_7674106599,EUW,1767765730203,15.24.734.7485,420,100,blue,1,5979.0,67953.0,30,39,20.95,3243.5799522673033
EUW1_7674106599,EUW,1767765730203,15.24.734.7485,420,200,red,0,5904.2,44655.0,18,33,20.95,2131.5035799522675
EUW1_7674110625,EUW,1767767388643,15.24.734.7485,420,100,blue,0,5094.2,135188.0,34,62,36.45,3708.8614540466388
EUW1_7674110625,EUW,1767767388643,15.24.734.7485,420,200,red,1,4690.2,161699.0,35,87,36.45,4436.186556927298
EUW1_7674182771,EUW,1767780375450,15.24.734.7485,420,100,blue,0,5255.2,92112.0,24,69,31.06666666666667,2964.9785407725317
EUW1_7674182771,EUW,1767780375450,15.24.734.7485,420,200,red,1,4860.4,117295.0,40,63,31.06666666666667,3775.5901287553643
EUW1_7674193057,EUW,1767781614563,15.24.734.7485,420,100,blue,1,5158.2,124420.0,33,51,31.46666666666666,3954.025423728814
EUW1_7674193057,EUW,1767781614563,15.24.734.7485,420,200,red,0,4942.0,124814.0,22,44,31.46666666666666,3966.5466101694924
EUW1_7674208468,EUW,1767782601259,15.24.734.7485,420,100,blue,0,4712.6,27936.0,7,24,16.816666666666666,1661.209117938553
EUW1_7674208468,EUW,1767782601259,15.24.734.7485,420,200,red,1,5533.8,49446.0,22,26,16.816666666666666,2940.2973240832507
EUW1_7674332253,EUW,1767792425035,15.24.734.7485,420,100,blue,0,6000.0,177987.0,46,78,40.25,4422.037267080746
EUW1_7674332253,EUW,1767792425035,15.24.734.7485,420,200,red,1,5014.2,174615.0,56,90,40.25,4338.260869565217
EUW1_7674400089,EUW,1767796341430,15.24.734.7485,420,100,blue,1,5869.0,81711.0,44,31,24.533333333333335,3330.611413043478
EUW1_7674400089,EUW,1767796341430,15.24.734.7485,420,200,red,0,4769.8,60914.0,23,40,24.533333333333335,2482.907608695652
EUW1_7674431368,EUW,1767798129230,15.24.734.7485,420,100,blue,0,5295.8,91792.0,23,42,30.766666666666662,2983.488624052005
EUW1_7674431368,EUW,1767798129230,15.24.734.7485,420,200,red,1,5206.2,122855.0,37,59,30.766666666666662,3993.120260021669
EUW1_7675715082,EUW,1767881938601,16.1.734.5787,420,100,blue,0,4998.8,74448.0,23,44,28.65,2598.534031413613
EUW1_7675715082,EUW,1767881938601,16.1.734.5787,420,200,red,1,5552.8,107915.0,35,54,28.65,3766.666666666667
EUW1_7675809869,EUW,1767886036894,16.1.734.5787,420,100,blue,1,529.0,0.0,0,3,1.2166666666666666,0.0
EUW1_7675809869,EUW,1767886036894,16.1.734.5787,420,200,red,0,521.4,182.0,0,0,1.2166666666666666,149.58904109589042
EUW1_7675822985,EUW,1767886564476,16.1.734.5787,420,100,blue,0,6052.6,104128.0,41,78,34.1,3053.607038123167
EUW1_7675822985,EUW,1767886564476,16.1.734.5787,420,200,red,1,4574.0,136282.0,43,88,34.1,3996.539589442815
EUW1_7675891792,EUW,1767889158997,16.1.734.5787,420,100,blue,0,4734.4,73302.0,19,58,27.6,2655.869565217391
EUW1_7675891792,EUW,1767889158997,16.1.734.5787,420,200,red,1,6021.6,110217.0,42,62,27.6,3993.369565217391
EUW1_7676142203,EUW,1767897698617,16.1.734.5787,420,100,blue,1,5378.4,185322.0,54,101,39.46666666666667,4695.658783783783
EUW1_7676142203,EUW,1767897698617,16.1.734.5787,420,200,red,0,5219.4,193121.0,42,88,39.46666666666667,4893.268581081081
EUW1_7676178514,EUW,1767898622931,16.1.734.5787,420,100,blue,1,5216.0,182159.0,44,86,41.65,4373.5654261704685
EUW1_7676178514,EUW,1767898622931,16.1.734.5787,420,200,red,0,5454.4,172567.0,48,87,41.65,4143.265306122449
EUW1_7676552289,EUW,1767919653912,16.1.737.1049,420,100,blue,1,5052.6,96468.0,38,58,28.0,3445.285714285714
EUW1_7676552289,EUW,1767919653912,16.1.737.1049,420,200,red,0,4868.0,105857.0,17,71,28.0,3780.6071428571427
EUW1_7676821370,EUW,1767956714864,16.1.737.1049,420,100,blue,1,5259.2,179648.0,60,99,37.733333333333334,4760.989399293286
EUW1_7676821370,EUW,1767956714864,16.1.737.1049,420,200,red,0,4932.4,129379.0,30,83,37.733333333333334,3428.772084805654
EUW1_7676867095,EUW,1767959395267,16.1.737.1049,420,100,blue,0,5247.2,227183.0,33,109,42.233333333333334,5379.234411996843
EUW1_7676867095,EUW,1767959395267,16.1.737.1049,420,200,red,1,4808.6,216123.0,41,113,42.233333333333334,5117.355958958169
EUW1_7677141504,EUW,1767971920982,16.1.737.1049,420,100,blue,0,5286.8,236134.0,45,67,45.28333333333333,5214.589620905411
EUW1_7677141504,EUW,1767971920982,16.1.737.1049,420,200,red,1,5531.8,256615.0,59,129,45.28333333333333,5666.875230033125
EUW1_7677172045,EUW,1767973341398,16.1.737.1049,420,100,blue,0,4995.8,72760.0,21,67,26.133333333333333,2784.183673469388
EUW1_7677172045,EUW,1767973341398,16.1.737.1049,420,200,red,1,5555.2,95399.0,35,59,26.133333333333333,3650.4719387755104
EUW1_7677843549,EUW,1767994385713,16.1.737.1049,420,100,blue,1,1977.2,5591.0,2,14,6.033333333333333,926.6850828729282
EUW1_7677843549,EUW,1767994385713,16.1.737.1049,420,200,red,0,1677.6,5242.0,1,7,6.033333333333333,868.8397790055249
EUW1_7677913274,EUW,1767996473910,16.1.737.1049,420,100,blue,0,5009.4,37163.0,9,22,15.683333333333334,2369.5855472901167
EUW1_7677913274,EUW,1767996473910,16.1.737.1049,420,200,red,1,6651.2,45348.0,27,31,15.683333333333334,2891.4771519659935
EUW1_7677965317,EUW,1767997924741,16.1.737.1049,420,100,blue,0,4981.4,170503.0,38,76,35.35,4823.281471004243
EUW1_7677965317,EUW,1767997924741,16.1.737.1049,420,200,red,1,5841.8,201265.0,51,79,35.35,5693.493635077793
EUW1_7678078963,EUW,1768001337508,16.1.737.1049,420,100,blue,0,5323.0,204054.0,59,92,47.916666666666664,4258.518260869565
EUW1_7678078963,EUW,1768001337508,16.1.737.1049,420,200,red,1,5180.6,201995.0,64,109,47.916666666666664,4215.547826086957
EUW1_7678166498,EUW,1768004551550,16.1.737.1049,420,100,blue,0,4276.4,62177.0,9,35,21.9,2839.1324200913245
EUW1_7678166498,EUW,1768004551550,16.1.737.1049,420,200,red,1,5742.0,66045.0,24,27,21.9,3015.7534246575347
EUW1_7678195246,EUW,1768006171057,16.1.737.1049,420,100,blue,0,4935.8,94915.0,28,50,28.53333333333334,3326.460280373831
EUW1_7678195246,EUW,1768006171057,16.1.737.1049,420,200,red,1,6370.2,123258.0,44,72,28.53333333333334,4319.789719626167
EUW1_7678313449,EUW,1768019471346,16.1.737.1049,420,100,blue,0,5523.4,97606.0,25,49,26.35,3704.212523719165
EUW1_7678313449,EUW,1768019471346,16.1.737.1049,420,200,red,1,5761.4,115779.0,40,54,26.35,4393.889943074004
EUW1_7678319393,EUW,1768021455563,16.1.737.1049,420,100,blue,0,5952.4,229192.0,54,117,48.31666666666667,4743.539151431528
EUW1_7678319393,EUW,1768021455563,16.1.737.1049,420,200,red,1,5103.4,267545.0,60,133,48.31666666666667,5537.323214901689
EUW1_7678333351,EUW,1768024981738,16.1.737.1049,420,100,blue,1,5934.0,38866.0,20,29,15.8,2459.8734177215188
EUW1_7678333351,EUW,1768024981738,16.1.737.1049,420,200,red,0,4733.8,33991.0,3,26,15.8,2151.3291139240505
EUW1_7678499695,EUW,1768043650347,16.1.737.4870,420,100,blue,1,5234.4,167973.0,49,107,39.93333333333333,4206.3355592654425
EUW1_7678499695,EUW,1768043650347,16.1.737.4870,420,200,red,0,5209.6,116290.0,36,81,39.93333333333333,2912.103505843072
EUW1_7678564449,EUW,1768047333210,16.1.737.4870,420,100,blue,1,5436.6,61077.0,20,50,21.133333333333333,2890.0788643533124
EUW1_7678564449,EUW,1768047333210,16.1.737.4870,420,200,red,0,5900.4,85104.0,25,43,21.133333333333333,4027.0031545741326
EUW1_7678686710,EUW,1768052289680,16.1.737.4870,420,100,blue,1,5570.0,135282.0,45,59,29.96666666666666,4514.416017797554
EUW1_7678686710,EUW,1768052289680,16.1.737.4870,420,200,red,0,4292.0,90192.0,24,45,29.96666666666666,3009.744160177976
EUW1_7678743057,EUW,1768054511844,16.1.737.4870,420,100,blue,1,4878.8,92107.0,25,60,28.28333333333334,3256.5822038892156
EUW1_7678743057,EUW,1768054511844,16.1.737.4870,420,200,red,0,5143.2,80035.0,20,58,28.28333333333334,2829.7583971714785
EUW1_7678805719,EUW,1768056652632,16.1.737.4870,420,100,blue,1,563.0,504.0,0,1,1.3,387.6923076923077
EUW1_7678805719,EUW,1768056652632,16.1.737.4870,420,200,red,0,527.8,335.0,0,2,1.3,257.6923076923077
EUW1_7678816123,EUW,1768057211051,16.1.737.4870,420,100,blue,1,5571.2,136167.0,47,75,32.13333333333333,4237.5622406639
EUW1_7678816123,EUW,1768057211051,16.1.737.4870,420,200,red,0,4898.6,103077.0,25,71,32.13333333333333,3207.7904564315354
EUW1_7678888765,EUW,1768059733297,16.1.737.4870,420,100,blue,0,5696.0,128445.0,42,51,33.53333333333333,3830.3677932405567
EUW1_7678888765,EUW,1768059733297,16.1.737.4870,420,200,red,1,5419.0,226324.0,44,79,33.53333333333333,6749.224652087475
EUW1_7679166095,EUW,1768069180672,16.1.737.4870,420,100,blue,0,5919.0,189109.0,36,68,34.46666666666667,5486.721470019342
EUW1_7679166095,EUW,1768069180672,16.1.737.4870,420,200,red,1,5117.8,151879.0,39,82,34.46666666666667,4406.547388781431
EUW1_7679234312,EUW,1768071566990,16.1.737.4870,420,100,blue,1,6154.2,132016.0,46,47,28.56666666666667,4621.330221703617
EUW1_7679234312,EUW,1768071566990,16.1.737.4870,420,200,red,0,5441.0,109370.0,29,56,28.56666666666667,3828.5880980163356
EUW1_7679290151,EUW,1768073446020,16.1.737.4870,420,100,blue,1,5478.8,130460.0,45,68,29.43333333333333,4432.389580973953
EUW1_7679290151,EUW,1768073446020,16.1.737.4870,420,200,red,0,5619.0,117497.0,29,86,29.43333333333333,3991.9705549263876
EUW1_7679382812,EUW,1768076008470,16.1.737.4870,420,100,blue,0,5185.4,131978.0,36,69,35.5,3717.6901408450703
EUW1_7679382812,EUW,1768076008470,16.1.737.4870,420,200,red,1,5194.4,117262.0,31,89,35.5,3303.154929577465
EUW1_7679433480,EUW,1768077341285,16.1.737.4870,420,100,blue,0,5412.8,85648.0,26,58,29.416666666666668,2911.5467422096317
EUW1_7679433480,EUW,1768077341285,16.1.737.4870,420,200,red,1,5892.2,122363.0,42,62,29.416666666666668,4159.648725212464
EUW1_7679469611,EUW,1768078466594,16.1.737.4870,420,100,blue,0,4555.8,83767.0,25,53,27.9,3002.401433691756
EUW1_7679469611,EUW,1768078466594,16.1.737.4870,420,200,red,1,6117.8,108769.0,46,69,27.9,3898.530465949821
EUW1_7679494509,EUW,1768079098509,16.1.737.4870,420,100,blue,1,5825.2,166766.0,38,57,34.3,4861.982507288631
EUW1_7679494509,EUW,1768079098509,16.1.737.4870,420,200,red,0,4881.6,153921.0,24,70,34.3,4487.492711370262
EUW1_7679504970,EUW,1768079509260,16.1.737.4870,420,100,blue,1,4723.2,103924.0,31,70,30.3,3429.8349834983496
EUW1_7679504970,EUW,1768079509260,16.1.737.4870,420,200,red,0,5249.8,110219.0,25,44,30.3,3637.5907590759075
EUW1_7679576117,EUW,1768081515517,16.1.737.4870,420,100,blue,0,4804.0,226007.0,49,119,49.78333333333333,4539.812520924004
EUW1_7679576117,EUW,1768081515517,16.1.737.4870,420,200,red,1,5375.4,249853.0,47,86,49.78333333333333,5018.808168731169
EUW1_7679599840,EUW,1768082170821,16.1.737.4870,420,100,blue,1,5304.6,139317.0,39,95,32.61666666666667,4271.343893714869
EUW1_7679599840,EUW,1768082170821,16.1.737.4870,420,200,red,0,5091.6,102533.0,22,97,32.61666666666667,3143.5769034236073
EUW1_7679766855,EUW,1768087007492,16.1.737.4870,420,100,blue,0,5040.0,21442.0,4,25,15.23333333333333,1407.571115973742
EUW1_7679766855,EUW,1768087007492,16.1.737.4870,420,200,red,1,5716.8,36578.0,22,35,15.23333333333333,2401.1816192560177
EUW1_7679775178,EUW,1768087381048,16.1.737.4870,420,100,blue,0,5133.0,129096.0,34,59,33.0,3912.0
EUW1_7679775178,EUW,1768087381048,16.1.737.4870,420,200,red,1,5397.0,133074.0,45,88,33.0,4032.5454545454545
EUW1_7679831895,EUW,1768089373261,16.1.737.4870,420,100,blue,0,5245.0,93136.0,27,50,27.6,3374.492753623188
EUW1_7679831895,EUW,1768089373261,16.1.737.4870,420,200,red,1,5772.0,121695.0,36,42,27.6,4409.239130434782
EUW1_7679840800,EUW,1768089720631,16.1.737.4870,420,100,blue,0,4968.4,117917.0,33,67,32.05,3679.1575663026524
EUW1_7679840800,EUW,1768089720631,16.1.737.4870,420,200,red,1,6308.6,154671.0,48,61,32.05,4825.928237129486
EUW1_7679858001,EUW,1768090422359,16.1.737.4870,420,100,blue,1,5273.0,106070.0,34,42,28.45,3728.2952548330404
EUW1_7679858001,EUW,1768090422359,16.1.737.4870,420,200,red,0,5449.8,114531.0,24,55,28.45,4025.694200351494
EUW1_7679887471,EUW,1768091516087,16.1.737.4870,420,100,blue,0,4299.8,46381.0,7,45,23.483333333333334,1975.0603264726756
EUW1_7679887471,EUW,1768091516087,16.1.737.4870,420,200,red,1,6704.2,89485.0,42,46,23.483333333333334,3810.5748757984384
EUW1_7679904977,EUW,1768092576234,16.1.737.4870,420,100,blue,1,5066.6,116864.0,35,56,26.53333333333334,4404.422110552763
EUW1_7679904977,EUW,1768092576234,16.1.737.4870,420,200,red,0,5578.6,90362.0,24,53,26.53333333333334,3405.6030150753763
EUW1_7679924705,EUW,1768093497906,16.1.737.4870,420,100,blue,1,5359.0,134144.0,39,66,34.61666666666667,3875.127587867116
EUW1_7679924705,EUW,1768093497906,16.1.737.4870,420,200,red,0,5257.2,133773.0,36,64,34.61666666666667,3864.4102070293693
EUW1_7679946557,EUW,1768094661886,16.1.737.4870,420,100,blue,0,4916.6,171519.0,35,85,38.4,4466.640625
EUW1_7679946557,EUW,1768094661886,16.1.737.4870,420,200,red,1,5408.0,189370.0,51,86,38.4,4931.510416666667
EUW1_7679960635,EUW,1768095867541,16.1.737.4870,420,100,blue,1,5754.6,89405.0,26,53,24.2,3694.421487603306
EUW1_7679960635,EUW,1768095867541,16.1.737.4870,420,200,red,0,4768.0,61587.0,12,61,24.2,2544.917355371901
EUW1_7680159578,EUW,1768126238681,16.1.737.4870,420,100,blue,1,5361.6,55634.0,22,39,22.0,2528.818181818182
EUW1_7680159578,EUW,1768126238681,16.1.737.4870,420,200,red,0,4696.0,43998.0,8,51,22.0,1999.909090909091
EUW1_7680186597,EUW,1768127878509,16.1.737.4870,420,100,blue,0,4885.8,56524.0,16,43,24.333333333333332,2322.904109589041
EUW1_7680186597,EUW,1768127878509,16.1.737.4870,420,200,red,1,6168.0,105508.0,36,47,24.333333333333332,4335.945205479452
EUW1_7680227669,EUW,1768130267982,16.1.737.4870,420,100,blue,1,5283.6,120331.0,38,72,31.78333333333334,3785.9779758783425
EUW1_7680227669,EUW,1768130267982,16.1.737.4870,420,200,red,0,5306.0,84621.0,20,76,31.78333333333334,2662.433141059255
EUW1_7680284825,EUW,1768133084371,16.1.737.4870,420,100,blue,0,5209.4,63582.0,22,58,23.2,2740.6034482758623
EUW1_7680284825,EUW,1768133084371,16.1.737.4870,420,200,red,1,5915.2,84408.0,26,43,23.2,3638.2758620689656
EUW1_7680325032,EUW,1768134907472,16.1.737.4870,420,100,blue,0,5071.0,84414.0,22,50,26.233333333333338,3217.814485387547
EUW1_7680325032,EUW,1768134907472,16.1.737.4870,420,200,red,1,5537.2,117401.0,38,65,26.233333333333338,4475.260482846251
EUW1_7680593310,EUW,1768144495462,16.1.737.4870,420,100,blue,0,4704.4,107070.0,14,61,31.916666666666668,3354.6736292428195
EUW1_7680593310,EUW,1768144495462,16.1.737.4870,420,200,red,1,5480.8,145042.0,39,82,31.916666666666668,4544.396866840731
EUW1_7680611491,EUW,1768144889229,16.1.737.4870,420,100,blue,1,5415.4,127045.0,37,67,27.81666666666667,4567.225883762731
EUW1_7680611491,EUW,1768144889229,16.1.737.4870,420,200,red,0,5011.4,86392.0,19,40,27.81666666666667,3105.7639304973036
EUW1_7680676456,EUW,1768146821293,16.1.737.4870,420,100,blue,0,5216.0,61959.0,13,67,29.81666666666667,2077.9988820570147
EUW1_7680676456,EUW,1768146821293,16.1.737.4870,420,200,red,1,5470.4,109519.0,31,69,29.81666666666667,3673.0799329234205
EUW1_7680775186,EUW,1768149949434,16.1.737.4870,420,100,blue,1,5857.0,116109.0,37,62,29.2,3976.3356164383563
EUW1_7680775186,EUW,1768149949434,16.1.737.4870,420,200,red,0,4788.0,81337.0,23,68,29.2,2785.5136986301372
EUW1_7680922736,EUW,1768154194108,16.1.737.4870,420,100,blue,1,5442.2,97892.0,36,54,24.716666666666665,3960.5664194200945
EUW1_7680922736,EUW,1768154194108,16.1.737.4870,420,200,red,0,5075.2,74261.0,12,55,24.716666666666665,3004.4908968307486
EUW1_7680979187,EUW,1768155964836,16.1.737.4870,420,100,blue,1,4854.2,153396.0,39,86,36.86666666666667,4160.831826401447
EUW1_7680979187,EUW,1768155964836,16.1.737.4870,420,200,red,0,5671.0,164722.0,41,74,36.86666666666667,4468.047016274864
EUW1_7681066121,EUW,1768158598827,16.1.737.4870,420,100,blue,0,5788.8,173297.0,46,96,37.7,4596.737400530504
EUW1_7681066121,EUW,1768158598827,16.1.737.4870,420,200,red,1,5737.8,191895.0,54,75,37.7,5090.053050397878
EUW1_7681068667,EUW,1768158533394,16.1.737.4870,420,100,blue,0,5005.2,71192.0,15,48,26.31666666666667,2705.2058264724506
EUW1_7681068667,EUW,1768158533394,16.1.737.4870,420,200,red,1,5438.0,99771.0,39,69,26.31666666666667,3791.1716276124125
EUW1_7681141745,EUW,1768160655038,16.1.737.4870,420,100,blue,0,5025.4,206501.0,57,103,45.583333333333336,4530.186471663619
EUW1_7681141745,EUW,1768160655038,16.1.737.4870,420,200,red,1,5550.2,237284.0,59,121,45.583333333333336,5205.4990859232175
EUW1_7681308825,EUW,1768165331973,16.1.737.4870,420,100,blue,0,5093.8,119981.0,24,74,29.916666666666668,4010.5069637883007
EUW1_7681308825,EUW,1768165331973,16.1.737.4870,420,200,red,1,4638.2,148018.0,30,61,29.916666666666668,4947.676880222841
EUW1_7681515131,EUW,1768171773087,16.1.737.4870,420,100,blue,0,5812.0,109865.0,27,75,31.1,3532.6366559485527
EUW1_7681515131,EUW,1768171773087,16.1.737.4870,420,200,red,1,6080.2,167302.0,42,62,31.1,5379.4855305466235
EUW1_7681913213,EUW,1768219048679,16.1.737.4870,420,100,blue,0,5313.0,92557.0,32,49,30.666666666666668,3018.1630434782605
EUW1_7681913213,EUW,1768219048679,16.1.737.4870,420,200,red,1,5398.2,130094.0,43,68,30.666666666666668,4242.195652173913
EUW1_7681947518,EUW,1768221129804,16.1.737.4870,420,100,blue,1,5987.4,95985.0,35,48,21.95,4372.892938496583
EUW1_7681947518,EUW,1768221129804,16.1.737.4870,420,200,red,0,4759.6,65175.0,21,36,21.95,2969.248291571754
EUW1_7682259636,EUW,1768236663611,16.1.737.4870,420,100,blue,1,5755.4,129269.0,39,69,31.46666666666666,4108.125000000001
EUW1_7682259636,EUW,1768236663611,16.1.737.4870,420,200,red,0,5710.2,125559.0,29,77,31.46666666666666,3990.222457627119
EUW1_7682323801,EUW,1768239009466,16.1.737.4870,420,100,blue,1,4874.6,145279.0,34,82,35.5,4092.3661971830984
EUW1_7682323801,EUW,1768239009466,16.1.737.4870,420,200,red,0,5418.8,151166.0,30,76,35.5,4258.197183098591
EUW1_7682416846,EUW,1768242240653,16.1.737.4870,420,100,blue,0,5370.2,112519.0,25,74,30.46666666666666,3693.1838074398256
EUW1_7682416846,EUW,1768242240653,16.1.737.4870,420,200,red,1,5693.0,129709.0,41,54,30.46666666666666,4257.407002188184
EUW1_7682493399,EUW,1768244673876,16.1.737.4870,420,100,blue,0,5751.6,186967.0,41,91,39.46666666666667,4737.339527027027
EUW1_7682493399,EUW,1768244673876,16.1.737.4870,420,200,red,1,5108.6,181717.0,43,100,39.46666666666667,4604.315878378378
EUW1_7682726660,EUW,1768251000066,16.1.737.4870,420,100,blue,1,5054.2,58914.0,19,41,19.8,2975.4545454545455
EUW1_7682726660,EUW,1768251000066,16.1.737.4870,420,200,red,0,4916.6,43140.0,8,39,19.8,2178.7878787878785
EUW1_7682774016,EUW,1768252463676,16.1.737.4870,420,100,blue,1,4806.0,221713.0,51,99,41.7,5316.858513189448
EUW1_7682774016,EUW,1768252463676,16.1.737.4870,420,200,red,0,5279.8,171956.0,44,87,41.7,4123.645083932854
EUW1_7682849085,EUW,1768254711356,16.1.737.4870,420,100,blue,1,4858.2,90380.0,26,73,32.61666666666667,2770.9759836484413
EUW1_7682849085,EUW,1768254711356,16.1.737.4870,420,200,red,0,5038.8,73565.0,19,73,32.61666666666667,2255.442003065917
EUW1_7682870908,EUW,1768255334878,16.1.737.4870,420,100,blue,1,5644.0,177692.0,48,102,38.05,4669.960578186597
EUW1_7682870908,EUW,1768255334878,16.1.737.4870,420,200,red,0,5193.8,134563.0,42,78,38.05,3536.4783180026284
EUW1_7682920728,EUW,1768256895878,16.1.737.4870,420,100,blue,1,4965.8,122927.0,34,53,32.05,3835.4758190327616
EUW1_7682920728,EUW,1768256895878,16.1.737.4870,420,200,red,0,5597.2,99612.0,28,68,32.05,3108.01872074883
EUW1_7682947662,EUW,1768257933619,16.1.737.4870,420,100,blue,1,5561.6,107893.0,37,61,26.81666666666667,4023.356121814791
EUW1_7682947662,EUW,1768257933619,16.1.737.4870,420,200,red,0,5542.6,89600.0,22,44,26.81666666666667,3341.2057178371656
EUW1_7683484763,EUW,1768314364138,16.1.737.4870,420,100,blue,0,5596.0,243699.0,47,106,43.63333333333333,5585.156608097785
EUW1_7683484763,EUW,1768314364138,16.1.737.4870,420,200,red,1,5185.0,247060.0,68,93,43.63333333333333,5662.18487394958
EUW1_7683537293,EUW,1768317312583,16.1.737.4870,420,100,blue,0,4818.8,77545.0,21,45,28.483333333333338,2722.4692802808654
EUW1_7683537293,EUW,1768317312583,16.1.737.4870,420,200,red,1,5379.8,120391.0,35,56,28.483333333333338,4226.717378583967
EUW1_7683899215,EUW,1768331099927,16.1.737.4870,420,100,blue,0,4278.8,63861.0,14,54,28.616666666666667,2231.6016307513105
EUW1_7683899215,EUW,1768331099927,16.1.737.4870,420,200,red,1,5804.4,94436.0,30,65,28.616666666666667,3300.0349446709374
EUW1_7683973056,EUW,1768333249568,16.1.737.4870,420,100,blue,1,5698.8,100701.0,25,55,25.466666666666665,3954.2277486911
EUW1_7683973056,EUW,1768333249568,16.1.737.4870,420,200,red,0,4495.8,51765.0,13,63,25.466666666666665,2032.6570680628274
EUW1_7684268643,EUW,1768341468156,16.1.737.4870,420,100,blue,1,4917.4,121102.0,36,88,32.766666666666666,3695.8901322482197
EUW1_7684268643,EUW,1768341468156,16.1.737.4870,420,200,red,0,4875.0,89032.0,24,55,32.766666666666666,2717.151576805697
EUW1_7684320533,EUW,1768342920414,16.1.737.4870,420,100,blue,1,5789.2,128107.0,45,95,33.53333333333333,3820.2882703777336
EUW1_7684320533,EUW,1768342920414,16.1.737.4870,420,200,red,0,5619.6,106596.0,33,63,33.53333333333333,3178.8071570576544
EUW1_7684453508,EUW,1768348549602,16.1.737.4870,420,100,blue,0,5756.6,109043.0,26,64,31.616666666666667,3448.908803373748
EUW1_7684453508,EUW,1768348549602,16.1.737.4870,420,200,red,1,5290.4,118722.0,31,92,31.616666666666667,3755.044807590933
EUW1_7684767247,EUW,1768393243097,16.1.737.4870,420,100,blue,0,543.0,156.0,0,2,1.3333333333333333,117.0
EUW1_7684767247,EUW,1768393243097,16.1.737.4870,420,200,red,1,663.4,706.0,1,2,1.3333333333333333,529.5
EUW1_7684782473,EUW,1768393824852,16.1.737.4870,420,100,blue,0,5060.4,148349.0,36,88,42.733333333333334,3471.5054602184086
EUW1_7684782473,EUW,1768393824852,16.1.737.4870,420,200,red,1,4768.4,200765.0,41,113,42.733333333333334,4698.088923556942
EUW1_7684882464,EUW,1768399914907,16.1.737.4870,420,100,blue,0,5140.2,47566.0,8,50,21.633333333333333,2198.736517719569
EUW1_7684882464,EUW,1768399914907,16.1.737.4870,420,200,red,1,5093.0,60043.0,21,50,21.633333333333333,2775.485362095532
EUW1_7685171251,EUW,1768413100593,16.1.737.4870,420,100,blue,1,4966.4,139532.0,41,72,32.93333333333333,4236.8016194331985
EUW1_7685171251,EUW,1768413100593,16.1.737.4870,420,200,red,0,5027.8,95653.0,25,89,32.93333333333333,2904.443319838057
EUW1_7685176271,EUW,1768413351648,16.1.737.4870,420,100,blue,1,5247.4,84004.0,34,52,22.35,3758.5682326621923
EUW1_7685176271,EUW,1768413351648,16.1.737.4870,420,200,red,0,5400.2,42607.0,12,51,22.35,1906.353467561521
EUW1_7685284011,EUW,1768416963144,16.1.737.4870,420,100,blue,0,5472.8,169721.0,42,80,39.4,4307.63959390863
EUW1_7685284011,EUW,1768416963144,16.1.737.4870,420,200,red,1,5135.6,218742.0,55,90,39.4,5551.827411167513
EUW1_7685327539,EUW,1768418300817,16.1.737.4870,420,100,blue,1,5504.4,178246.0,40,96,39.75,4484.176100628931
EUW1_7685327539,EUW,1768418300817,16.1.737.4870,420,200,red,0,6323.0,205982.0,37,91,39.75,5181.937106918239
EUW1_7685378572,EUW,1768419885086,16.1.737.4870,420,100,blue,1,5252.8,174327.0,36,99,39.88333333333333,4370.923526953615
EUW1_7685378572,EUW,1768419885086,16.1.737.4870,420,200,red,0,5795.8,122038.0,26,89,39.88333333333333,3059.874634350188
EUW1_7685392240,EUW,1768420457805,16.1.737.4870,420,100,blue,0,5748.8,100956.0,25,91,31.3,3225.4313099041533
EUW1_7685392240,EUW,1768420457805,16.1.737.4870,420,200,red,1,5437.6,113829.0,41,96,31.3,3636.709265175719
EUW1_7685412990,EUW,1768421070684,16.1.737.4870,420,100,blue,1,5887.0,88979.0,33,62,27.7,3212.2382671480145
EUW1_7685412990,EUW,1768421070684,16.1.737.4870,420,200,red,0,5557.6,88729.0,24,54,27.7,3203.212996389892
EUW1_7685475246,EUW,1768423050804,16.1.737.4870,420,100,blue,0,6210.6,128649.0,35,69,33.9,3794.9557522123896
EUW1_7685475246,EUW,1768423050804,16.1.737.4870,420,200,red,1,5894.2,124159.0,39,85,33.9,3662.5073746312687
EUW1_7685546237,EUW,1768425196369,16.1.737.4870,420,100,blue,0,5280.2,77668.0,15,65,29.45,2637.283531409168
EUW1_7685546237,EUW,1768425196369,16.1.737.4870,420,200,red,1,5397.0,109089.0,32,66,29.45,3704.2105263157896
EUW1_7685573526,EUW,1768425778153,16.1.737.4870,420,100,blue,1,5161.8,204411.0,46,61,37.35,5472.851405622489
EUW1_7685573526,EUW,1768425778153,16.1.737.4870,420,200,red,0,6003.4,133521.0,47,77,37.35,3574.859437751004
EUW1_7685627850,EUW,1768427632169,16.1.737.4870,420,100,blue,1,5148.6,282744.0,57,122,50.46666666666667,5602.589167767503
EUW1_7685627850,EUW,1768427632169,16.1.737.4870,420,200,red,0,4792.8,240846.0,42,117,50.46666666666667,4772.377807133421
EUW1_7685653723,EUW,1768428444868,16.1.737.4870,420,100,blue,0,5203.0,139276.0,30,77,31.4,4435.541401273886
EUW1_7685653723,EUW,1768428444868,16.1.737.4870,420,200,red,1,5588.6,126053.0,43,54,31.4,4014.426751592357
EUW1_7685706023,EUW,1768430569724,16.1.737.4870,420,100,blue,1,5286.8,111376.0,37,67,28.28333333333334,3937.866823806717
EUW1_7685706023,EUW,1768430569724,16.1.737.4870,420,200,red,0,4493.6,82391.0,19,37,28.28333333333334,2913.0583382439595
EUW1_7685754349,EUW,1768432845352,16.1.737.4870,420,100,blue,0,5159.0,75775.0,26,44,23.083333333333332,3282.6714801444045
EUW1_7685754349,EUW,1768432845352,16.1.737.4870,420,200,red,1,6360.6,94735.0,44,57,23.083333333333332,4104.0433212996395
EUW1_7686133903,EUW,1768481358517,16.1.737.4870,420,100,blue,0,5146.0,102306.0,25,58,29.45,3473.887945670628
EUW1_7686133903,EUW,1768481358517,16.1.737.4870,420,200,red,1,5512.4,123188.0,44,72,29.45,4182.95415959253
EUW1_7686194564,EUW,1768485037200,16.1.737.4870,420,100,blue,1,5974.0,122552.0,44,52,30.25,4051.305785123967
EUW1_7686194564,EUW,1768485037200,16.1.737.4870,420,200,red,0,5218.6,129587.0,23,61,30.25,4283.8677685950415
EUW1_7686232147,EUW,1768487310414,16.1.737.4870,420,100,blue,0,5762.2,92919.0,27,68,29.31666666666667,3169.4940306992607
EUW1_7686232147,EUW,1768487310414,16.1.737.4870,420,200,red,1,5849.2,116574.0,43,62,29.31666666666667,3976.3729391699826
EUW1_7686270234,EUW,1768489400218,16.1.737.4870,420,100,blue,0,689.8,135.0,0,1,1.7666666666666664,76.41509433962266
EUW1_7686270234,EUW,1768489400218,16.1.737.4870,420,200,red,1,769.6,1170.0,1,4,1.7666666666666664,662.2641509433963
EUW1_7686279202,EUW,1768489857561,16.1.737.4870,420,100,blue,0,4709.2,48156.0,9,49,23.166666666666668,2078.6762589928057
EUW1_7686279202,EUW,1768489857561,16.1.737.4870,420,200,red,1,5925.8,91575.0,30,51,23.166666666666668,3952.8776978417263
EUW1_7686335610,EUW,1768492414959,16.1.737.4870,420,100,blue,0,4914.2,112392.0,24,60,35.516666666666666,3164.4861567339276
EUW1_7686335610,EUW,1768492414959,16.1.737.4870,420,200,red,1,5486.4,135925.0,31,98,35.516666666666666,3827.07648991084
EUW1_7686428131,EUW,1768496639598,16.1.737.4870,420,100,blue,0,5409.8,146271.0,38,76,34.583333333333336,4229.522891566265
EUW1_7686428131,EUW,1768496639598,16.1.737.4870,420,200,red,1,5804.2,152864.0,38,90,34.583333333333336,4420.163855421686
EUW1_7686495605,EUW,1768499055619,16.1.737.4870,420,100,blue,0,5452.4,80968.0,20,46,23.933333333333334,3383.0640668523674
EUW1_7686495605,EUW,1768499055619,16.1.737.4870,420,200,red,1,5873.2,108515.0,35,48,23.933333333333334,4534.052924791086
EUW1_7686518849,EUW,1768499950917,16.1.737.4870,420,100,blue,1,5546.4,170360.0,43,87,37.8,4506.878306878307
EUW1_7686518849,EUW,1768499950917,16.1.737.4870,420,200,red,0,5795.6,152106.0,45,102,37.8,4023.9682539682544
EUW1_7686536273,EUW,1768500766913,16.1.737.4870,420,100,blue,0,5092.2,120482.0,24,61,28.766666666666662,4188.250289687138
EUW1_7686536273,EUW,1768500766913,16.1.737.4870,420,200,red,1,6576.4,114964.0,47,55,28.766666666666662,3996.4310544611826
EUW1_7686537850,EUW,1768500658879,16.1.737.4870,420,100,blue,1,5625.6,113458.0,33,59,26.233333333333338,4324.955527318932
EUW1_7686537850,EUW,1768500658879,16.1.737.4870,420,200,red,0,4864.4,81635.0,18,55,26.233333333333338,3111.880559085133
EUW1_7686589986,EUW,1768502524096,16.1.737.4870,420,100,blue,0,4856.2,82389.0,14,36,26.81666666666667,3072.3057799875696
EUW1_7686589986,EUW,1768502524096,16.1.737.4870,420,200,red,1,6143.4,119811.0,45,56,26.81666666666667,4467.781230577998
EUW1_7686664054,EUW,1768505061162,16.1.737.4870,420,100,blue,1,5712.2,156343.0,42,99,38.81666666666667,4027.7286389008154
EUW1_7686664054,EUW,1768505061162,16.1.737.4870,420,200,red,0,5436.6,198875.0,32,65,38.81666666666667,5123.443537999141
EUW1_7686774428,EUW,1768508511615,16.1.737.4870,420,100,blue,0,5722.0,194119.0,41,109,43.35,4477.946943483275
EUW1_7686774428,EUW,1768508511615,16.1.737.4870,420,200,red,1,5653.0,203265.0,50,140,43.35,4688.927335640138
EUW1_7686924881,EUW,1768511519449,16.1.737.4870,420,100,blue,0,6511.8,164979.0,52,75,31.8,5188.018867924528
EUW1_7686924881,EUW,1768511519449,16.1.737.4870,420,200,red,1,5116.8,172238.0,40,54,31.8,5416.2893081761
EUW1_7687152609,EUW,1768518375731,16.1.737.4870,420,100,blue,0,5066.6,98104.0,20,65,32.6,3009.325153374233
EUW1_7687152609,EUW,1768518375731,16.1.737.4870,420,200,red,1,5464.8,129079.0,38,61,32.6,3959.4785276073617
EUW1_7687903459,EUW,1768583196918,16.1.737.4870,420,100,blue,1,5937.4,100742.0,30,42,24.233333333333334,4157.16643741403
EUW1_7687903459,EUW,1768583196918,16.1.737.4870,420,200,red,0,5290.2,86900.0,19,46,24.233333333333334,3585.9697386519942
KR_7104218259,KR,1717930814276,14.11.589.9418,420,100,blue,1,5448.0,142001.0,31,90,38.78333333333333,3661.392350666094
KR_7104218259,KR,1717930814276,14.11.589.9418,420,200,red,0,4846.6,91489.0,22,66,38.78333333333333,2358.977223893425
KR_7104320023,KR,1717934317397,14.11.589.9418,420,100,blue,0,4835.6,122769.0,29,70,35.65,3443.730715287518
KR_7104320023,KR,1717934317397,14.11.589.9418,420,200,red,1,5175.2,131518.0,38,70,35.65,3689.1444600280506
KR_7123786701,KR,1719314412330,14.12.593.5894,420,100,blue,0,553.0,397.0,0,1,2.05,193.65853658536588
KR_7123786701,KR,1719314412330,14.12.593.5894,420,200,red,1,693.6,1148.0,1,3,2.05,560.0
KR_7123799699,KR,1719314912897,14.12.593.5894,420,100,blue,1,4723.6,97360.0,28,58,32.333333333333336,3011.1340206185564
KR_7123799699,KR,1719314912897,14.12.593.5894,420,200,red,0,5555.6,93790.0,25,75,32.333333333333336,2900.7216494845356
KR_7139897672,KR,1720428565769,14.13.598.9749,420,100,blue,0,5026.0,120664.0,30,61,35.5,3398.9859154929577
KR_7139897672,KR,1720428565769,14.13.598.9749,420,200,red,1,5175.6,154569.0,45,61,35.5,4354.056338028169
KR_7139955336,KR,1720431559528,14.13.598.9749,420,100,blue,1,5686.4,100500.0,34,58,25.633333333333333,3920.676202860858
KR_7139955336,KR,1720431559528,14.13.598.9749,420,200,red,0,5212.0,74120.0,24,37,25.633333333333333,2891.547464239272
KR_7140993211,KR,1720510100335,14.13.598.9749,420,100,blue,1,6172.4,45539.0,23,32,16.716666666666665,2724.167497507478
KR_7140993211,KR,1720510100335,14.13.598.9749,420,200,red,0,4541.2,35324.0,8,27,16.716666666666665,2113.1006979062813
KR_7146737033,KR,1720896625729,14.13.598.9749,420,100,blue,1,6404.6,97893.0,39,41,22.733333333333334,4306.143695014663
KR_7146737033,KR,1720896625729,14.13.598.9749,420,200,red,0,4512.4,67632.0,13,41,22.733333333333334,2975.014662756598
KR_7146751296,KR,1720898633888,14.13.598.9749,420,100,blue,0,5428.4,51658.0,18,30,21.266666666666666,2429.0595611285266
KR_7146751296,KR,1720898633888,14.13.598.9749,420,200,red,1,6292.2,91830.0,43,33,21.266666666666666,4318.025078369906
KR_7146752920,KR,1720900302336,14.13.598.9749,420,100,blue,0,505.2,183.0,0,0,1.8333333333333333,99.81818181818183
KR_7146752920,KR,1720900302336,14.13.598.9749,420,200,red,1,523.2,0.0,0,0,1.8333333333333333,0.0
KR_7187314111,KR,1722155640811,14.14.603.4237,420,100,blue,1,6542.8,45321.0,24,23,15.25,2971.8688524590166
KR_7187314111,KR,1722155640811,14.14.603.4237,420,200,red,0,4302.2,29710.0,4,25,15.25,1948.1967213114754
KR_7187368649,KR,1722156906350,14.14.603.4237,420,100,blue,1,6351.0,53254.0,20,34,19.55,2723.9897698209716
KR_7187368649,KR,1722156906350,14.14.603.4237,420,200,red,0,4748.6,31965.0,6,38,19.55,1635.0383631713555
KR_7194546279,KR,1722428310776,14.15.604.8769,420,100,blue,0,4399.4,114679.0,26,92,35.06666666666667,3270.3136882129274
KR_7194546279,KR,1722428310776,14.15.604.8769,420,200,red,1,5694.6,120581.0,27,74,35.06666666666667,3438.621673003802
KR_7237622471,KR,1724389887813,14.16.612.449,420,100,blue,0,4884.6,105897.0,26,85,33.86666666666667,3126.8799212598424
KR_7237622471,KR,1724389887813,14.16.612.449,420,200,red,1,5187.4,152194.0,42,65,33.86666666666667,4493.917322834645
KR_7237662260,KR,1724392363230,14.16.612.449,420,100,blue,0,4957.0,57846.0,15,37,22.966666666666665,2518.6937590711177
KR_7237662260,KR,1724392363230,14.16.612.449,420,200,red,1,5409.4,74736.0,33,61,22.966666666666665,3254.1074020319306
KR_7237696021,KR,1724394227255,14.16.612.449,420,100,blue,1,6694.8,98633.0,32,53,26.083333333333332,3781.456869009585
KR_7237696021,KR,1724394227255,14.16.612.449,420,200,red,0,4805.4,69381.0,26,38,26.083333333333332,2659.974440894569
KR_7237731380,KR,1724396153708,14.16.612.449,420,100,blue,1,756.8,1002.0,1,1,2.433333333333333,411.7808219178083
KR_7237731380,KR,1724396153708,14.16.612.449,420,200,red,0,842.4,2101.0,2,2,2.433333333333333,863.4246575342466
KR_7237741376,KR,1724396757208,14.16.612.449,420,100,blue,0,4947.0,90591.0,28,47,29.05,3118.4509466437175
KR_7237741376,KR,1724396757208,14.16.612.449,420,200,red,1,5378.6,106987.0,34,50,29.05,3682.8571428571427
KR_7252253373,KR,1725095047767,14.17.614.2229,420,100,blue,1,5417.6,185833.0,46,115,43.53333333333333,4268.751914241961
KR_7252253373,KR,1725095047767,14.17.614.2229,420,200,red,0,5025.6,174922.0,45,82,43.53333333333333,4018.1163859111793
KR_7252368380,KR,1725098067547,14.17.614.2229,420,100,blue,1,6617.4,43117.0,24,20,15.433333333333334,2793.758099352052
KR_7252368380,KR,1725098067547,14.17.614.2229,420,200,red,0,4302.8,29347.0,6,30,15.433333333333334,1901.5334773218142
KR_7252430448,KR,1725099712317,14.17.614.2229,420,100,blue,0,5029.6,140227.0,30,76,38.88333333333333,3606.3523360480067
KR_7252430448,KR,1725099712317,14.17.614.2229,420,200,red,1,5792.2,151374.0,50,81,38.88333333333333,3893.0304329189885
KR_7272600895,KR,1726045000853,14.18.616.8335,420,100,blue,1,5354.4,69549.0,27,50,26.983333333333338,2577.4799258801727
KR_7272600895,KR,1726045000853,14.18.616.8335,420,200,red,0,4760.8,65015.0,10,70,26.983333333333338,2409.450277949351
KR_7272816745,KR,1726050959758,14.18.616.8335,420,100,blue,1,4785.6,121491.0,36,58,33.43333333333333,3633.8285144566303
KR_7272816745,KR,1726050959758,14.18.616.8335,420,200,red,0,4479.8,110226.0,26,70,33.43333333333333,3296.8893320039883
KR_7273075405,KR,1726057500177,14.18.616.8335,420,100,blue,0,5585.6,106198.0,26,54,31.383333333333333,3383.8980350504517
KR_7273075405,KR,1726057500177,14.18.616.8335,420,200,red,1,5148.8,138488.0,33,77,31.383333333333333,4412.78810408922
KR_7273183402,KR,1726060097058,14.18.616.8335,420,100,blue,0,4949.2,133027.0,29,60,31.93333333333333,4165.772442588727
KR_7273183402,KR,1726060097058,14.18.616.8335,420,200,red,1,5327.2,134882.0,36,76,31.93333333333333,4223.862212943633
KR_7273411138,KR,1726065397221,14.18.616.8335,420,100,blue,1,6093.2,28658.0,18,23,15.583333333333334,1839.0160427807486
KR_7273411138,KR,1726065397221,14.18.616.8335,420,200,red,0,4556.0,30498.0,5,26,15.583333333333334,1957.090909090909
KR_7273480082,KR,1726067373632,14.18.616.8335,420,100,blue,1,6152.6,78220.0,28,24,20.983333333333334,3727.720413026211
KR_7273480082,KR,1726067373632,14.18.616.8335,420,200,red,0,4470.2,52279.0,12,29,20.983333333333334,2491.453534551231
KR_7273518944,KR,1726069117935,14.18.616.8335,420,100,blue,0,4907.0,125109.0,34,86,36.2,3456.0497237569057
KR_7273518944,KR,1726069117935,14.18.616.8335,420,200,red,1,5163.0,145635.0,37,67,36.2,4023.066298342541
KR_7273599230,KR,1726072096382,14.18.616.8335,420,100,blue,0,4638.6,93085.0,13,74,34.6,2690.3179190751443
KR_7273599230,KR,1726072096382,14.18.616.8335,420,200,red,1,5285.0,116465.0,37,76,34.6,3366.0404624277458
KR_7274713592,KR,1726142792775,14.18.616.8335,420,100,blue,0,5781.8,80995.0,30,50,25.68333333333333,3153.6015574302405
KR_7274713592,KR,1726142792775,14.18.616.8335,420,200,red,1,5379.0,88573.0,38,52,25.68333333333333,3448.656716417911
KR_7274774955,KR,1726144683757,14.18.616.8335,420,100,blue,0,4301.6,106386.0,21,68,34.916666666666664,3046.854415274463
KR_7274774955,KR,1726144683757,14.18.616.8335,420,200,red,1,5368.8,161636.0,41,71,34.916666666666664,4629.193317422435
KR_7274892247,KR,1726147487979,14.18.616.8335,420,100,blue,0,5139.6,88133.0,18,61,26.3,3351.06463878327
KR_7274892247,KR,1726147487979,14.18.616.8335,420,200,red,1,5927.2,112052.0,47,48,26.3,4260.532319391635
KR_7274975027,KR,1726149473544,14.18.616.8335,420,100,blue,1,5776.8,69952.0,25,68,24.033333333333335,2910.624133148405
KR_7274975027,KR,1726149473544,14.18.616.8335,420,200,red,0,4707.8,54391.0,16,50,24.033333333333335,2263.148404993065
KR_7275035906,KR,1726151263562,14.18.616.8335,420,100,blue,0,5138.0,39070.0,9,39,19.333333333333332,2020.8620689655174
KR_7275035906,KR,1726151263562,14.18.616.8335,420,200,red,1,5320.4,42519.0,17,38,19.333333333333332,2199.2586206896553
KR_7275102821,KR,1726153049704,14.18.616.8335,420,100,blue,1,5795.8,119905.0,32,56,31.266666666666662,3834.914712153519
KR_7275102821,KR,1726153049704,14.18.616.8335,420,200,red,0,5026.8,101923.0,29,90,31.266666666666662,3259.797441364606
KR_7276478106,KR,1726228908186,14.18.616.8335,420,100,blue,1,5883.8,69004.0,24,40,21.75,3172.597701149425
KR_7276478106,KR,1726228908186,14.18.616.8335,420,200,red,0,5187.8,57922.0,17,50,21.75,2663.080459770115
KR_7276540833,KR,1726230745049,14.18.616.8335,420,100,blue,0,4652.8,35878.0,6,29,17.983333333333334,1995.0695088044486
KR_7276540833,KR,1726230745049,14.18.616.8335,420,200,red,1,5151.6,43037.0,18,36,17.983333333333334,2393.1603336422613
KR_7276609382,KR,1726232219327,14.18.616.8335,420,100,blue,1,5087.8,139237.0,39,73,32.28333333333333,4312.968508002065
KR_7276609382,KR,1726232219327,14.18.616.8335,420,200,red,0,5579.6,108613.0,32,62,32.28333333333333,3364.367578729995
KR_7277133214,KR,1726243979017,14.18.616.8335,420,100,blue,1,511.2,218.0,0,1,1.85,117.83783783783784
KR_7277133214,KR,1726243979017,14.18.616.8335,420,200,red,0,527.0,255.0,0,1,1.85,137.83783783783784
KR_7277160209,KR,1726244797508,14.18.616.8335,420,100,blue,1,5149.2,129222.0,35,81,33.55,3851.6244411326384
KR_7277160209,KR,1726244797508,14.18.616.8335,420,200,red,0,5471.6,92614.0,20,63,33.55,2760.4769001490317
KR_7277237093,KR,1726247293189,14.18.616.8335,420,100,blue,1,5319.8,112410.0,31,60,30.15,3728.358208955224
KR_7277237093,KR,1726247293189,14.18.616.8335,420,200,red,0,4644.6,76007.0,18,59,30.15,2520.961857379768
KR_7277301092,KR,1726249927067,14.18.616.8335,420,100,blue,0,4896.6,111306.0,26,65,32.4,3435.3703703703704
KR_7277301092,KR,1726249927067,14.18.616.8335,420,200,red,1,5862.6,115068.0,33,77,32.4,3551.4814814814818
KR_7282210295,KR,1726458919651,14.18.616.8335,420,100,blue,1,4824.6,59332.0,24,41,22.816666666666666,2600.3798392987583
KR_7282210295,KR,1726458919651,14.18.616.8335,420,200,red,0,5377.6,58782.0,18,51,22.816666666666666,2576.27465303141
KR_7282260351,KR,1726460628793,14.18.616.8335,420,100,blue,0,4910.6,114551.0,25,59,33.516666666666666,3417.73247140726
KR_7282260351,KR,1726460628793,14.18.616.8335,420,200,red,1,5073.6,167389.0,50,58,33.516666666666666,4994.20188960716
KR_7282340558,KR,1726463097342,14.18.616.8335,420,100,blue,0,5694.8,108331.0,32,67,34.65,3126.4357864357867
KR_7282340558,KR,1726463097342,14.18.616.8335,420,200,red,1,5254.0,121333.0,34,100,34.65,3501.6738816738816
KR_7282435634,KR,1726466299006,14.18.616.8335,420,100,blue,0,4306.6,30463.0,6,21,15.48333333333333,1967.4703982777182
KR_7282435634,KR,1726466299006,14.18.616.8335,420,200,red,1,7097.8,55539.0,35,31,15.48333333333333,3587.018299246502
KR_7282481689,KR,1726467646240,14.18.616.8335,420,100,blue,0,4575.0,89176.0,16,67,33.53333333333333,2659.324055666004
KR_7282481689,KR,1726467646240,14.18.616.8335,420,200,red,1,4587.4,96812.0,34,66,33.53333333333333,2887.037773359841
KR_7282572321,KR,1726470113695,14.18.616.8335,420,100,blue,0,5498.8,221039.0,48,70,42.03333333333333,5258.659793814433
KR_7282572321,KR,1726470113695,14.18.616.8335,420,200,red,1,4890.0,232492.0,47,68,42.03333333333333,5531.134020618557
KR_7282679275,KR,1726472979967,14.18.616.8335,420,100,blue,0,5450.0,103095.0,31,82,32.03333333333333,3218.3662851196673
KR_7282679275,KR,1726472979967,14.18.616.8335,420,200,red,1,4933.4,112740.0,39,47,32.03333333333333,3519.4588969823103
KR_7283500878,KR,1726495023780,14.18.616.8335,420,100,blue,1,5910.4,73763.0,36,41,22.533333333333335,3273.505917159763
KR_7283500878,KR,1726495023780,14.18.616.8335,420,200,red,0,5011.0,59608.0,14,30,22.533333333333335,2645.325443786982
KR_7283586604,KR,1726496762176,14.18.616.8335,420,100,blue,1,5935.6,107215.0,39,61,26.8,4000.559701492537
KR_7283586604,KR,1726496762176,14.18.616.8335,420,200,red,0,4967.4,66260.0,12,61,26.8,2472.3880597014927
KR_7285872497,KR,1726585986612,14.18.616.8335,420,100,blue,0,5054.4,113370.0,29,63,36.68333333333333,3090.5043162199004
KR_7285872497,KR,1726585986612,14.18.616.8335,420,200,red,1,5444.8,142572.0,35,60,36.68333333333333,3886.5606542480696
KR_7290261771,KR,1726813897837,14.18.618.2357,420,100,blue,0,5243.4,191047.0,52,70,39.483333333333334,4838.674546222034
KR_7290261771,KR,1726813897837,14.18.618.2357,420,200,red,1,5486.2,200107.0,46,81,39.483333333333334,5068.138455044323
KR_7290333573,KR,1726816898173,14.18.618.2357,420,100,blue,1,5759.6,189601.0,41,74,36.56666666666667,5185.077484047401
KR_7290333573,KR,1726816898173,14.18.618.2357,420,200,red,0,4620.0,138278.0,40,80,36.56666666666667,3781.5314494074746
KR_7290377585,KR,1726818885477,14.18.618.2357,420,100,blue,0,5112.8,97523.0,24,65,27.53333333333334,3541.9975786924933
KR_7290377585,KR,1726818885477,14.18.618.2357,420,200,red,1,4998.0,114071.0,34,43,27.53333333333334,4143.014527845035
KR_7290436291,KR,1726821155922,14.18.618.2357,420,100,blue,0,5145.2,71927.0,23,46,26.233333333333338,2741.817026683608
KR_7290436291,KR,1726821155922,14.18.618.2357,420,200,red,1,5347.4,93606.0,37,52,26.233333333333338,3568.2083862770005
KR_7290488148,KR,1726823109006,14.18.618.2357,420,100,blue,1,5607.4,200154.0,56,96,38.63333333333333,5180.862812769629
KR_7290488148,KR,1726823109006,14.18.618.2357,420,200,red,0,5286.8,183229.0,41,58,38.63333333333333,4742.769628990509
KR_7292086400,KR,1726895143219,14.18.618.2357,420,100,blue,1,5396.6,121718.0,36,71,34.7,3507.723342939481
KR_7292086400,KR,1726895143219,14.18.618.2357,420,200,red,0,5063.4,119906.0,24,75,34.7,3455.50432276657
KR_7292169860,KR,1726898311583,14.18.618.2357,420,100,blue,1,5413.6,168823.0,48,76,38.31666666666667,4405.993910395824
KR_7292169860,KR,1726898311583,14.18.618.2357,420,200,red,0,5236.6,177637.0,33,67,38.31666666666667,4636.024358416703
KR_7301917281,KR,1727453065400,14.19.621.6353,420,100,blue,0,4983.6,123535.0,28,50,33.45,3693.1240657698054
KR_7301917281,KR,1727453065400,14.19.621.6353,420,200,red,1,6152.6,130294.0,39,72,33.45,3895.1868460388637
KR_7302460615,KR,1727499587949,14.19.621.6353,420,100,blue,1,6435.8,99603.0,40,36,25.533333333333335,3900.900783289817
KR_7302460615,KR,1727499587949,14.19.621.6353,420,200,red,0,5324.2,84588.0,22,44,25.533333333333335,3312.8459530026107
KR_7302507332,KR,1727501645003,14.19.621.6353,420,100,blue,0,4576.6,44928.0,10,59,23.016666666666666,1951.9768283852281
KR_7302507332,KR,1727501645003,14.19.621.6353,420,200,red,1,5731.2,59493.0,23,36,23.016666666666666,2584.7791455467054
KR_7302546685,KR,1727503410073,14.19.621.6353,420,100,blue,0,4977.4,60063.0,7,65,25.516666666666666,2353.8732854343566
KR_7302546685,KR,1727503410073,14.19.621.6353,420,200,red,1,5429.2,91300.0,33,76,25.516666666666666,3578.0535597648595
KR_7304209479,KR,1727587017547,14.19.621.6353,420,100,blue,1,5642.8,40702.0,20,28,14.216666666666665,2862.9777256740917
KR_7304209479,KR,1727587017547,14.19.621.6353,420,200,red,0,4699.8,30819.0,7,21,14.216666666666665,2167.807737397421
KR_7304513545,KR,1727598125285,14.19.621.6353,420,100,blue,1,5682.0,115006.0,35,51,26.93333333333333,4270.024752475248
KR_7304513545,KR,1727598125285,14.19.621.6353,420,200,red,0,4721.2,67804.0,17,60,26.93333333333333,2517.475247524753
KR_7306049712,KR,1727692409649,14.19.621.6353,420,100,blue,1,5578.0,122886.0,40,57,31.81666666666667,3862.315348349921
KR_7306049712,KR,1727692409649,14.19.621.6353,420,200,red,0,5203.8,143062.0,42,56,31.81666666666667,4496.448402304871
KR_7306112274,KR,1727694613413,14.19.621.6353,420,100,blue,0,4865.6,71986.0,22,41,24.95,2885.2104208416836
KR_7306112274,KR,1727694613413,14.19.621.6353,420,200,red,1,5561.8,97019.0,30,58,24.95,3888.5370741482966
KR_7306150739,KR,1727696397126,14.19.621.6353,420,100,blue,0,5470.2,47478.0,16,25,17.616666666666667,2695.061494796594
KR_7306150739,KR,1727696397126,14.19.621.6353,420,200,red,1,6521.4,61070.0,35,24,17.616666666666667,3466.603595080416
KR_7306190524,KR,1727697783681,14.19.621.6353,420,100,blue,0,4608.6,86776.0,16,43,27.81666666666667,3119.5686039544635
KR_7306190524,KR,1727697783681,14.19.621.6353,420,200,red,1,5942.4,101064.0,37,50,27.81666666666667,3633.2174955062906
KR_7306346157,KR,1727702350816,14.19.621.6353,420,100,blue,0,5607.0,62149.0,20,51,24.366666666666667,2550.5745554035566
KR_7306346157,KR,1727702350816,14.19.621.6353,420,200,red,1,5698.2,94983.0,32,54,24.366666666666667,3898.0711354309165
KR_7306464468,KR,1727705573254,14.19.621.6353,420,100,blue,1,6133.6,48677.0,23,36,16.883333333333333,2883.1391905231985
KR_7306464468,KR,1727705573254,14.19.621.6353,420,200,red,0,4423.4,30629.0,7,32,16.883333333333333,1814.1559723593289
KR_7306517203,KR,1727706937570,14.19.621.6353,420,100,blue,1,4755.4,38131.0,14,30,17.416666666666668,2189.33971291866
KR_7306517203,KR,1727706937570,14.19.621.6353,420,200,red,0,4373.6,29566.0,5,27,17.416666666666668,1697.5693779904304
KR_7306707734,KR,1727713328434,14.19.621.6353,420,100,blue,0,4689.2,114082.0,22,95,37.85,3014.0554821664464
KR_7306707734,KR,1727713328434,14.19.621.6353,420,200,red,1,5316.8,126582.0,39,95,37.85,3344.3064729194184
KR_7306781012,KR,1727716036130,14.19.621.6353,420,100,blue,1,5599.4,107171.0,37,62,30.1,3560.498338870432
KR_7306781012,KR,1727716036130,14.19.621.6353,420,200,red,0,5360.8,110511.0,26,66,30.1,3671.461794019933
KR_7306812673,KR,1727718166790,14.19.621.6353,420,100,blue,1,5229.2,138215.0,44,89,38.233333333333334,3615.0392327811683
KR_7306812673,KR,1727718166790,14.19.621.6353,420,200,red,0,5351.6,137826.0,33,73,38.233333333333334,3604.8648648648646
KR_7307160845,KR,1727756640730,14.19.621.6353,420,100,blue,1,5132.6,84334.0,32,67,26.05,3237.389635316699
KR_7307160845,KR,1727756640730,14.19.621.6353,420,200,red,0,5166.2,59483.0,15,54,26.05,2283.41650671785
KR_7307211017,KR,1727758520984,14.19.621.6353,420,100,blue,0,500.0,237.0,0,0,1.7166666666666663,138.0582524271845
KR_7307211017,KR,1727758520984,14.19.621.6353,420,200,red,1,500.0,266.0,0,0,1.7166666666666663,154.95145631067965
KR_7307223015,KR,1727759055801,14.19.621.6353,420,100,blue,1,5728.0,107457.0,37,58,27.416666666666668,3919.404255319149
KR_7307223015,KR,1727759055801,14.19.621.6353,420,200,red,0,5877.8,85044.0,27,72,27.416666666666668,3101.9088145896653
KR_7307241144,KR,1727759990701,14.19.621.6353,420,100,blue,0,4498.0,23695.0,5,26,16.716666666666665,1417.4476570289135
KR_7307241144,KR,1727759990701,14.19.621.6353,420,200,red,1,5211.8,35579.0,13,33,16.716666666666665,2128.354935194417
KR_7307313237,KR,1727762869294,14.19.621.6353,420,100,blue,1,5706.8,59653.0,19,35,20.65,2888.765133171913
KR_7307313237,KR,1727762869294,14.19.621.6353,420,200,red,0,5115.6,49516.0,11,46,20.65,2397.8692493946733
KR_7307337887,KR,1727764177438,14.19.621.6353,420,100,blue,1,5279.4,114292.0,41,64,33.43333333333333,3418.5044865403793
KR_7307337887,KR,1727764177438,14.19.621.6353,420,200,red,0,5032.4,105040.0,28,57,33.43333333333333,3141.774675972084
KR_7307354813,KR,1727764811242,14.19.621.6353,420,100,blue,1,5154.4,60299.0,20,49,21.7,2778.7557603686637
KR_7307354813,KR,1727764811242,14.19.621.6353,420,200,red,0,5068.4,44630.0,11,50,21.7,2056.6820276497697
KR_7307416023,KR,1727766641704,14.19.621.6353,420,100,blue,1,6512.4,50039.0,22,30,15.366666666666669,3256.334056399132
KR_7307416023,KR,1727766641704,14.19.621.6353,420,200,red,0,4285.2,27958.0,3,24,15.366666666666669,1819.39262472885
KR_7307441867,KR,1727768048934,14.19.621.6353,420,100,blue,0,4862.4,103021.0,28,50,33.6,3066.1011904761904
KR_7307441867,KR,1727768048934,14.19.621.6353,420,200,red,1,5182.6,128426.0,39,60,33.6,3822.2023809523807
KR_7308821943,KR,1727853289119,14.19.622.3713,420,100,blue,1,5635.4,97674.0,30,58,29.166666666666668,3348.822857142857
KR_7308821943,KR,1727853289119,14.19.622.3713,420,200,red,0,5703.2,80677.0,21,77,29.166666666666668,2766.0685714285714
KR_7310663174,KR,1727950022930,14.19.622.3713,420,100,blue,1,4789.4,137108.0,29,87,40.333333333333336,3399.371900826446
KR_7310663174,KR,1727950022930,14.19.622.3713,420,200,red,0,4717.6,127632.0,14,84,40.333333333333336,3164.4297520661157
KR_7310906900,KR,1727958097445,14.19.622.3713,420,100,blue,1,5112.8,173433.0,32,97,47.95,3616.9551616266945
KR_7310906900,KR,1727958097445,14.19.622.3713,420,200,red,0,4325.2,159643.0,34,151,47.95,3329.3639207507817
KR_7312688552,KR,1728056336589,14.19.622.3713,420,100,blue,1,5556.8,110738.0,43,76,29.416666666666668,3764.4645892351273
KR_7312688552,KR,1728056336589,14.19.622.3713,420,200,red,0,5524.2,102436.0,32,60,29.416666666666668,3482.2436260623226
KR_7312757246,KR,1728058544003,14.19.622.3713,420,100,blue,0,5090.8,90010.0,23,60,29.56666666666667,3044.3066516347235
KR_7312757246,KR,1728058544003,14.19.622.3713,420,200,red,1,5275.6,104012.0,34,64,29.56666666666667,3517.8804960541147
KR_7312800454,KR,1728060668968,14.19.622.3713,420,100,blue,1,5200.0,79881.0,23,54,27.516666666666662,2903.004239854634
KR_7312800454,KR,1728060668968,14.19.622.3713,420,200,red,0,4507.2,56501.0,14,46,27.516666666666662,2053.3373712901275
KR_7312839883,KR,1728062817561,14.19.622.3713,420,100,blue,1,5144.6,132730.0,42,55,34.18333333333333,3882.8863968795713
KR_7312839883,KR,1728062817561,14.19.622.3713,420,200,red,0,5298.4,137343.0,32,77,34.18333333333333,4017.835202340322
KR_7313041338,KR,1728091300600,14.19.622.3713,420,100,blue,1,5748.0,50588.0,25,27,16.316666666666666,3100.388151174668
KR_7313041338,KR,1728091300600,14.19.622.3713,420,200,red,0,4247.8,26461.0,2,31,16.316666666666666,1621.7160367722165
KR_7313094160,KR,1728095914005,14.19.622.3713,420,100,blue,1,5674.2,35751.0,17,30,15.883333333333331,2250.849947534103
KR_7313094160,KR,1728095914005,14.19.622.3713,420,200,red,0,4729.6,26283.0,6,34,15.883333333333331,1654.753410283316
KR_7313110629,KR,1728097566226,14.19.622.3713,420,100,blue,0,5820.6,107838.0,34,65,32.016666666666666,3368.183237896929
KR_7313110629,KR,1728097566226,14.19.622.3713,420,200,red,1,5580.2,154408.0,44,100,32.016666666666666,4822.738157209787
KR_7313168126,KR,1728100822738,14.19.622.3713,420,100,blue,0,4833.8,32936.0,8,33,15.333333333333334,2148.0
KR_7313168126,KR,1728100822738,14.19.622.3713,420,200,red,1,6160.4,50312.0,19,35,15.333333333333334,3281.2173913043475
KR_7316218481,KR,1728269202106,14.19.622.3713,420,100,blue,1,5485.0,82497.0,38,60,25.433333333333334,3243.656618610747
KR_7316218481,KR,1728269202106,14.19.622.3713,420,200,red,0,5187.8,70389.0,16,57,25.433333333333334,2767.5884665792923
KR_7316239242,KR,1728271216414,14.19.622.3713,420,100,blue,0,5068.0,62344.0,14,60,23.533333333333335,2649.178470254957
KR_7316239242,KR,1728271216414,14.19.622.3713,420,200,red,1,4971.2,67129.0,20,48,23.533333333333335,2852.5070821529744
KR_7317373937,KR,1728356349704,14.19.622.3713,420,100,blue,1,5068.6,68705.0,23,62,24.1,2850.829875518672
KR_7317373937,KR,1728356349704,14.19.622.3713,420,200,red,0,5280.8,57830.0,9,50,24.1,2399.585062240664
KR_7318749211,KR,1728442671514,14.20.623.6777,420,100,blue,1,5675.0,59626.0,25,62,22.65,2632.4944812362032
KR_7318749211,KR,1728442671514,14.20.623.6777,420,200,red,0,5380.6,46889.0,11,38,22.65,2070.1545253863137
KR_7318785082,KR,1728444518651,14.20.623.6777,420,100,blue,1,5249.0,84853.0,33,62,27.05,3136.894639556377
KR_7318785082,KR,1728444518651,14.20.623.6777,420,200,red,0,5240.0,78664.0,18,56,27.05,2908.0961182994456
KR_7318801551,KR,1728446452624,14.20.623.6777,420,100,blue,1,5716.8,113368.0,42,59,26.46666666666666,4283.425692695215
KR_7318801551,KR,1728446452624,14.20.623.6777,420,200,red,0,5366.8,87606.0,27,52,26.46666666666666,3310.050377833754
KR_7318806187,KR,1728446234508,14.20.623.6777,420,100,blue,0,5177.6,58654.0,18,33,22.333333333333332,2626.2985074626868
KR_7318806187,KR,1728446234508,14.20.623.6777,420,200,red,1,6114.0,85347.0,39,48,22.333333333333332,3821.5074626865676
KR_7318851758,KR,1728448936459,14.20.623.6777,420,100,blue,0,4707.2,109686.0,22,89,36.43333333333333,3010.5946935041175
KR_7318851758,KR,1728448936459,14.20.623.6777,420,200,red,1,5240.0,144322.0,36,112,36.43333333333333,3961.2625800548954
KR_7318900978,KR,1728451596681,14.20.623.6777,420,100,blue,1,5592.6,137406.0,35,65,35.916666666666664,3825.6890951276105
KR_7318900978,KR,1728451596681,14.20.623.6777,420,200,red,0,4992.4,163539.0,20,98,35.916666666666664,4553.2900232018565
KR_7318951353,KR,1728453098930,14.20.623.6777,420,100,blue,1,6563.4,92239.0,31,57,28.06666666666667,3286.425178147268
KR_7318951353,KR,1728453098930,14.20.623.6777,420,200,red,0,5080.6,68644.0,28,72,28.06666666666667,2445.7482185273157
KR_7318992636,KR,1728454972711,14.20.623.6777,420,100,blue,1,5414.4,160487.0,49,92,37.016666666666666,4335.533543448897
KR_7318992636,KR,1728454972711,14.20.623.6777,420,200,red,0,5369.2,139856.0,32,67,37.016666666666666,3778.1900045024763
KR_7319086138,KR,1728458472676,14.20.623.6777,420,100,blue,1,504.2,575.0,0,1,1.8,319.44444444444446
KR_7319086138,KR,1728458472676,14.20.623.6777,420,200,red,0,500.0,462.0,0,1,1.8,256.6666666666667
KR_7324593765,KR,1728794266099,14.20.623.6777,420,100,blue,0,4927.8,100486.0,26,60,28.85,3483.050259965338
KR_7324593765,KR,1728794266099,14.20.623.6777,420,200,red,1,5699.6,135681.0,41,53,28.85,4702.980935875216
KR_7324653178,KR,1728796572027,14.20.623.6777,420,100,blue,1,6103.0,48555.0,26,29,15.566666666666666,3119.164882226981
KR_7324653178,KR,1728796572027,14.20.623.6777,420,200,red,0,4738.0,30935.0,7,22,15.566666666666666,1987.2591006423984
KR_7324671917,KR,1728797762636,14.20.623.6777,420,100,blue,1,6639.2,38253.0,22,33,15.51666666666667,2465.284640171858
KR_7324671917,KR,1728797762636,14.20.623.6777,420,200,red,0,4343.4,25677.0,6,27,15.51666666666667,1654.801288936627
KR_7324709374,KR,1728799063111,14.20.623.6777,420,100,blue,1,5606.4,123101.0,43,73,32.166666666666664,3826.974093264249
KR_7324709374,KR,1728799063111,14.20.623.6777,420,200,red,0,5426.2,118812.0,24,68,32.166666666666664,3693.637305699482
KR_7324765875,KR,1728801477484,14.20.623.6777,420,100,blue,1,5097.0,92754.0,33,61,26.616666666666667,3484.8090169067
KR_7324765875,KR,1728801477484,14.20.623.6777,420,200,red,0,5805.4,81212.0,19,52,26.616666666666667,3051.170945522855
KR_7324840055,KR,1728803758031,14.20.623.6777,420,100,blue,1,6304.6,100585.0,34,43,24.666666666666668,4077.77027027027
KR_7324840055,KR,1728803758031,14.20.623.6777,420,200,red,0,5092.6,73343.0,19,48,24.666666666666668,2973.3648648648646
KR_7344587624,KR,1730119031066,14.21.629.951,420,100,blue,0,4509.2,61355.0,17,84,31.05,1976.0064412238326
KR_7344587624,KR,1730119031066,14.21.629.951,420,200,red,1,5350.2,92156.0,30,59,31.05,2967.987117552335
KR_7344665787,KR,1730121703489,14.21.629.951,420,100,blue,0,4662.2,86442.0,16,68,36.6,2361.8032786885246
KR_7344665787,KR,1730121703489,14.21.629.951,420,200,red,1,5294.2,122991.0,46,107,36.6,3360.4098360655735
KR_7344744942,KR,1730124494566,14.21.629.951,420,100,blue,1,5421.8,131826.0,40,52,29.983333333333338,4396.642579210672
KR_7344744942,KR,1730124494566,14.21.629.951,420,200,red,0,5564.6,79242.0,21,45,29.983333333333338,2642.8682601445244
KR_7347322588,KR,1730328974043,14.21.630.3012,420,100,blue,1,5468.4,99006.0,31,53,27.75,3567.7837837837837
KR_7347322588,KR,1730328974043,14.21.630.3012,420,200,red,0,5309.0,73974.0,24,65,27.75,2665.7297297297296
KR_7347330680,KR,1730331298654,14.21.630.3012,420,100,blue,0,4809.4,93644.0,27,49,33.05,2833.403933434191
KR_7347330680,KR,1730331298654,14.21.630.3012,420,200,red,1,5445.8,97515.0,32,45,33.05,2950.52950075643
KR_7347346141,KR,1730333834153,14.21.630.3012,420,100,blue,0,5768.2,219495.0,54,63,44.416666666666664,4941.72607879925
KR_7347346141,KR,1730333834153,14.21.630.3012,420,200,red,1,5144.0,214669.0,51,102,44.416666666666664,4833.073170731707
KR_7347356963,KR,1730337246390,14.21.630.3012,420,100,blue,0,5451.2,56337.0,13,34,23.066666666666666,2442.3554913294797
KR_7347356963,KR,1730337246390,14.21.630.3012,420,200,red,1,5632.0,65603.0,28,40,23.066666666666666,2844.0606936416184
KR_7347620492,KR,1730361990812,14.21.630.3012,420,100,blue,1,5520.2,120804.0,47,58,28.03333333333334,4309.298454221164
KR_7347620492,KR,1730361990812,14.21.630.3012,420,200,red,0,5335.2,82291.0,28,71,28.03333333333334,2935.469678953626
KR_7348554213,KR,1730431571954,14.21.630.3012,420,100,blue,1,4863.4,163683.0,38,77,33.8,4842.6923076923085
KR_7348554213,KR,1730431571954,14.21.630.3012,420,200,red,0,5453.2,124429.0,27,76,33.8,3681.331360946746
KR_7349574097,KR,1730476964466,14.21.630.3012,420,100,blue,1,6042.4,200390.0,52,80,39.2,5111.989795918367
KR_7349574097,KR,1730476964466,14.21.630.3012,420,200,red,0,5240.8,155995.0,39,65,39.2,3979.4642857142853
KR_7349643151,KR,1730479831233,14.21.630.3012,420,100,blue,1,4828.6,150395.0,36,97,37.96666666666667,3961.2379280070236
KR_7349643151,KR,1730479831233,14.21.630.3012,420,200,red,0,5249.2,130217.0,24,87,37.96666666666667,3429.771729587357
KR_7350574503,KR,1730545348104,14.21.630.3012,420,100,blue,1,5601.8,46352.0,16,50,19.316666666666666,2399.585849870578
KR_7350574503,KR,1730545348104,14.21.630.3012,420,200,red,0,4592.2,32122.0,7,35,19.316666666666666,1662.916307161346
KR_7353421680,KR,1730721538704,14.21.630.3012,420,100,blue,0,4585.6,40733.0,11,33,22.083333333333332,1844.51320754717
KR_7353421680,KR,1730721538704,14.21.630.3012,420,200,red,1,6175.2,46712.0,26,32,22.083333333333332,2115.2603773584906
KR_7357826692,KR,1731047469253,14.22.633.1362,420,100,blue,1,4329.6,128552.0,30,83,34.61666666666667,3713.5869041887336
KR_7357826692,KR,1731047469253,14.22.633.1362,420,200,red,0,5443.6,114256.0,31,83,34.61666666666667,3300.606644198363
KR_7357869773,KR,1731049952255,14.22.633.1362,420,100,blue,1,4965.0,164319.0,36,79,37.43333333333333,4389.643811219947
KR_7357869773,KR,1731049952255,14.22.633.1362,420,200,red,0,5016.8,142392.0,29,80,37.43333333333333,3803.8824577025825
KR_7360220046,KR,1731160056221,14.22.633.1362,420,100,blue,1,5524.4,50615.0,21,39,19.433333333333334,2604.5454545454545
KR_7360220046,KR,1731160056221,14.22.633.1362,420,200,red,0,4205.8,35079.0,5,28,19.433333333333334,1805.0943396226414
KR_7360281746,KR,1731161713819,14.22.633.1362,420,100,blue,1,4637.4,150730.0,38,117,38.4,3925.260416666667
KR_7360281746,KR,1731161713819,14.22.633.1362,420,200,red,0,5005.0,135275.0,22,73,38.4,3522.7864583333335
KR_7374093901,KR,1732021047616,14.22.635.4945,420,100,blue,1,5419.6,113480.0,36,90,30.133333333333333,3765.929203539823
KR_7374093901,KR,1732021047616,14.22.635.4945,420,200,red,0,5575.2,74208.0,18,54,30.133333333333333,2462.6548672566373
KR_7400968326,KR,1733387050054,14.23.636.9832,420,100,blue,1,5468.6,83193.0,28,56,26.416666666666668,3149.2618296529968
KR_7400968326,KR,1733387050054,14.23.636.9832,420,200,red,0,4689.0,69006.0,17,58,26.416666666666668,2612.2145110410092
KR_7401007493,KR,1733388926437,14.23.636.9832,420,100,blue,0,6124.0,112593.0,35,52,29.18333333333333,3858.1267846944606
KR_7401007493,KR,1733388926437,14.23.636.9832,420,200,red,1,5492.6,115548.0,38,75,29.18333333333333,3959.3832095945177
KR_7401059101,KR,1733390964926,14.23.636.9832,420,100,blue,1,5917.2,74228.0,25,51,25.5,2910.901960784314
KR_7401059101,KR,1733390964926,14.23.636.9832,420,200,red,0,4610.0,55460.0,13,56,25.5,2174.901960784314
KR_7422622757,KR,1734398992371,14.24.644.2327,420,100,blue,0,4372.4,22910.0,5,23,15.366666666666669,1490.8893709327547
KR_7422622757,KR,1734398992371,14.24.644.2327,420,200,red,1,5346.2,27155.0,11,23,15.366666666666669,1767.1366594360084
KR_7422640239,KR,1734400316774,14.24.644.2327,420,100,blue,1,6608.4,54077.0,26,29,15.683333333333334,3448.055260361318
KR_7422640239,KR,1734400316774,14.24.644.2327,420,200,red,0,4365.6,36015.0,5,24,15.683333333333334,2296.386822529224
KR_7444543173,KR,1735466162987,14.24.644.2327,420,100,blue,1,5479.4,164868.0,42,63,33.85,4870.546528803545
KR_7444543173,KR,1735466162987,14.24.644.2327,420,200,red,0,5259.8,134793.0,34,65,33.85,3982.0679468242242
KR_7444626456,KR,1735468572488,14.24.644.2327,420,100,blue,0,4260.8,29681.0,4,30,17.316666666666666,1714.0134744947065
KR_7444626456,KR,1735468572488,14.24.644.2327,420,200,red,1,5514.0,42917.0,12,36,17.316666666666666,2478.363811357074
KR_7444812027,KR,1735473310783,14.24.644.2327,420,100,blue,1,5810.2,49953.0,20,51,20.55,2430.802919708029
KR_7444812027,KR,1735473310783,14.24.644.2327,420,200,red,0,4888.6,36764.0,8,40,20.55,1789.0024330900242
KR_7444877551,KR,1735474903408,14.24.644.2327,420,100,blue,1,5686.8,100178.0,32,37,25.15,3983.2206759443343
KR_7444877551,KR,1735474903408,14.24.644.2327,420,200,red,0,5205.0,73367.0,25,60,25.15,2917.1769383697815
KR_7444985881,KR,1735477558495,14.24.644.2327,420,100,blue,1,5482.2,91310.0,29,55,29.15,3132.418524871355
KR_7444985881,KR,1735477558495,14.24.644.2327,420,200,red,0,4858.2,97363.0,23,90,29.15,3340.0686106346484
KR_7445101816,KR,1735480275201,14.24.644.2327,420,100,blue,0,5483.8,192241.0,47,86,42.63333333333333,4509.171227521501
KR_7445101816,KR,1735480275201,14.24.644.2327,420,200,red,1,5693.0,188631.0,52,93,42.63333333333333,4424.495699765442
KR_7446010150,KR,1735541067213,14.24.644.2327,420,100,blue,0,5397.8,150267.0,35,91,38.36666666666667,3916.602953953084
KR_7446010150,KR,1735541067213,14.24.644.2327,420,200,red,1,5372.2,162042.0,35,68,38.36666666666667,4223.509991311903
KR_7446309753,KR,1735553345971,14.24.644.2327,420,100,blue,1,5784.6,111136.0,45,64,28.9,3845.536332179931
KR_7446309753,KR,1735553345971,14.24.644.2327,420,200,red,0,5593.4,92958.0,27,64,28.9,3216.5397923875435
KR_7446370760,KR,1735555511741,14.24.644.2327,420,100,blue,0,5073.0,38376.0,11,31,16.116666666666667,2381.137538779731
KR_7446370760,KR,1735555511741,14.24.644.2327,420,200,red,1,6252.8,50188.0,19,32,16.116666666666667,3114.0434332988625
KR_7446408919,KR,1735556800603,14.24.644.2327,420,100,blue,1,4859.8,168450.0,38,104,37.35,4510.04016064257
KR_7446408919,KR,1735556800603,14.24.644.2327,420,200,red,0,5940.4,142460.0,38,99,37.35,3814.190093708166
KR_7448342090,KR,1735648753096,14.24.644.2327,420,100,blue,0,5329.4,169974.0,35,85,40.71666666666667,4174.555873925501
KR_7448342090,KR,1735648753096,14.24.644.2327,420,200,red,1,5889.4,163307.0,48,112,40.71666666666667,4010.814572247237
KR_7457814323,KR,1736084591474,14.24.644.2327,420,100,blue,1,5640.8,148226.0,41,70,36.13333333333333,4102.19557195572
KR_7457814323,KR,1736084591474,14.24.644.2327,420,200,red,0,5171.8,149142.0,21,72,36.13333333333333,4127.546125461255
KR_7457916307,KR,1736087150192,14.24.644.2327,420,100,blue,1,6152.8,73096.0,31,46,20.95,3489.069212410501
KR_7457916307,KR,1736087150192,14.24.644.2327,420,200,red,0,5282.6,56906.0,17,34,20.95,2716.276849642005
KR_7457971712,KR,1736088802066,14.24.644.2327,420,100,blue,0,4600.4,148906.0,32,74,36.11666666666667,4122.916474388556
KR_7457971712,KR,1736088802066,14.24.644.2327,420,200,red,1,6344.2,173912.0,59,82,36.11666666666667,4815.283802491925
KR_7460563735,KR,1736245350693,14.24.644.2327,420,100,blue,1,5561.8,145053.0,42,93,35.35,4103.338048090523
KR_7460563735,KR,1736245350693,14.24.644.2327,420,200,red,0,4801.2,123258.0,24,89,35.35,3486.789250353607
KR_7466243168,KR,1736558795022,15.1.648.3927,420,100,blue,1,6350.8,48054.0,23,25,16.066666666666666,2990.9128630705395
KR_7466243168,KR,1736558795022,15.1.648.3927,420,200,red,0,5016.4,26261.0,7,34,16.066666666666666,1634.5020746887967
KR_7476903942,KR,1737139662232,15.1.649.4112,420,100,blue,0,6166.4,108657.0,33,65,28.266666666666662,3843.9976415094347
KR_7476903942,KR,1737139662232,15.1.649.4112,420,200,red,1,5491.4,119074.0,37,73,28.266666666666662,4212.523584905661
KR_7494049116,KR,1738038499092,15.2.652.1536,420,100,blue,1,4994.6,134890.0,36,65,34.0,3967.3529411764707
KR_7494049116,KR,1738038499092,15.2.652.1536,420,200,red,0,5141.4,124154.0,29,45,34.0,3651.5882352941176
KR_7509858441,KR,1738844999793,15.3.654.407,420,100,blue,0,5483.4,74647.0,25,42,23.616666666666667,3160.7762879322513
KR_7509858441,KR,1738844999793,15.3.654.407,420,200,red,1,6695.8,94310.0,41,44,23.616666666666667,3993.3662667607623
KR_7520094354,KR,1739435050895,15.3.656.4086,420,100,blue,1,5094.6,139447.0,30,71,32.96666666666667,4229.939332659252
KR_7520094354,KR,1739435050895,15.3.656.4086,420,200,red,0,5034.2,109976.0,26,79,32.96666666666667,3335.9757330637003
KR_7524720929,KR,1739691708076,15.3.656.4086,420,100,blue,1,5962.0,43318.0,22,24,16.833333333333332,2573.3465346534654
KR_7524720929,KR,1739691708076,15.3.656.4086,420,200,red,0,5238.0,35662.0,18,27,16.833333333333332,2118.5346534653468
KR_7524766817,KR,1739693143561,15.3.656.4086,420,100,blue,1,5699.8,70580.0,35,47,22.583333333333332,3125.3136531365317
KR_7524766817,KR,1739693143561,15.3.656.4086,420,200,red,0,5495.0,48625.0,17,33,22.583333333333332,2153.1365313653137
KR_7524818280,KR,1739694970418,15.3.656.4086,420,100,blue,1,6672.4,87585.0,43,38,22.6,3875.442477876106
KR_7524818280,KR,1739694970418,15.3.656.4086,420,200,red,0,5372.8,56275.0,19,33,22.6,2490.0442477876104
KR_7524860923,KR,1739696629579,15.3.656.4086,420,100,blue,1,5034.2,167809.0,42,79,44.916666666666664,3736.0074211502783
KR_7524860923,KR,1739696629579,15.3.656.4086,420,200,red,0,5085.0,174916.0,41,88,44.916666666666664,3894.2337662337663
KR_7524954135,KR,1739699834320,15.3.656.4086,420,100,blue,1,707.8,1169.0,0,2,2.433333333333333,480.41095890410963
KR_7524954135,KR,1739699834320,15.3.656.4086,420,200,red,0,777.2,1720.0,1,0,2.433333333333333,706.8493150684932
KR_7524975228,KR,1739700700343,15.3.656.4086,420,100,blue,0,4526.6,41056.0,8,43,20.533333333333335,1999.4805194805192
KR_7524975228,KR,1739700700343,15.3.656.4086,420,200,red,1,5272.0,54083.0,22,37,20.533333333333335,2633.9123376623374
KR_7525016852,KR,1739702312256,15.3.656.4086,420,100,blue,1,5287.8,104569.0,36,68,29.333333333333332,3564.852272727273
KR_7525016852,KR,1739702312256,15.3.656.4086,420,200,red,0,4978.6,72447.0,15,50,29.333333333333332,2469.784090909091
KR_7551285848,KR,1741329116791,15.5.662.6652,420,100,blue,1,5482.0,139051.0,38,78,30.666666666666668,4534.271739130435
KR_7551285848,KR,1741329116791,15.5.662.6652,420,200,red,0,5215.0,112374.0,26,56,30.666666666666668,3664.369565217391
KR_7551471061,KR,1741339948316,15.5.662.6652,420,100,blue,0,5279.4,89825.0,22,55,28.25,3179.646017699115
KR_7551471061,KR,1741339948316,15.5.662.6652,420,200,red,1,5621.2,134620.0,43,51,28.25,4765.309734513275
KR_7555511611,KR,1741586879102,15.5.662.6652,420,100,blue,1,5421.0,120680.0,29,56,27.666666666666668,4361.9277108433735
KR_7555511611,KR,1741586879102,15.5.662.6652,420,200,red,0,4496.0,73851.0,15,37,27.666666666666668,2669.313253012048
KR_7556555372,KR,1741676041164,15.5.662.6652,420,100,blue,0,5045.6,159531.0,28,97,40.016666666666666,3986.6139108704706
KR_7556555372,KR,1741676041164,15.5.662.6652,420,200,red,1,5005.4,163854.0,41,90,40.016666666666666,4094.643898375677
KR_7556592717,KR,1741679199860,15.5.662.6652,420,100,blue,1,5598.0,174713.0,37,64,33.11666666666667,5275.681932561651
KR_7556592717,KR,1741679199860,15.5.662.6652,420,200,red,0,5356.8,104075.0,31,65,33.11666666666667,3142.6774031202817
KR_7556631274,KR,1741681646083,15.5.662.6652,420,100,blue,0,3978.2,18441.0,2,30,15.2,1213.2236842105265
KR_7556631274,KR,1741681646083,15.5.662.6652,420,200,red,1,5864.8,35386.0,17,30,15.2,2328.0263157894738
KR_7557720531,KR,1741774677775,15.5.662.6652,420,100,blue,0,4986.8,107186.0,28,60,31.15,3440.9630818619585
KR_7557720531,KR,1741774677775,15.5.662.6652,420,200,red,1,5603.4,123120.0,42,86,31.15,3952.4879614767256
KR_7557759518,KR,1741776819318,15.5.662.6652,420,100,blue,0,5620.8,164222.0,40,129,38.583333333333336,4256.293736501079
KR_7557759518,KR,1741776819318,15.5.662.6652,420,200,red,1,5923.8,234234.0,58,96,38.583333333333336,6070.859611231102
KR_7560600518,KR,1742002946552,15.5.662.6652,420,100,blue,0,5242.4,57928.0,19,41,22.233333333333334,2605.457271364318
KR_7560600518,KR,1742002946552,15.5.662.6652,420,200,red,1,5485.2,78438.0,32,34,22.233333333333334,3527.9460269865067
KR_7562383299,KR,1742104250222,15.5.662.6652,420,100,blue,1,5949.6,94723.0,35,57,25.366666666666667,3734.1524310118266
KR_7562383299,KR,1742104250222,15.5.662.6652,420,200,red,0,5255.6,74530.0,20,65,25.366666666666667,2938.107752956636
KR_7562429251,KR,1742106094592,15.5.662.6652,420,100,blue,1,6517.0,33681.0,20,30,15.683333333333334,2147.5664187035068
KR_7562429251,KR,1742106094592,15.5.662.6652,420,200,red,0,4468.0,24972.0,7,23,15.683333333333334,1592.2635494155154
KR_7562462823,KR,1742107578323,15.5.662.6652,420,100,blue,1,5497.0,98098.0,34,51,28.03333333333334,3499.3341260404272
KR_7562462823,KR,1742107578323,15.5.662.6652,420,200,red,0,4733.6,76168.0,14,48,28.03333333333334,2717.0511296076097
KR_7562525189,KR,1742109696129,15.5.662.6652,420,100,blue,1,5734.0,72121.0,34,38,19.533333333333335,3692.201365187713
KR_7562525189,KR,1742109696129,15.5.662.6652,420,200,red,0,5298.0,47553.0,14,35,19.533333333333335,2434.4539249146756
KR_7564037657,KR,1742212231145,15.5.662.6652,420,100,blue,1,5661.6,112099.0,31,54,27.333333333333332,4101.182926829269
KR_7564037657,KR,1742212231145,15.5.662.6652,420,200,red,0,4881.2,107010.0,18,62,27.333333333333332,3915.0
KR_7564092569,KR,1742214334606,15.5.662.6652,420,100,blue,1,5587.8,112626.0,38,73,29.8,3779.3959731543623
KR_7564092569,KR,1742214334606,15.5.662.6652,420,200,red,0,5463.2,112999.0,32,61,29.8,3791.912751677852
KR_7566094303,KR,1742384680160,15.6.664.9480,420,100,blue,1,5695.4,58114.0,23,45,21.033333333333335,2762.9477020602217
KR_7566094303,KR,1742384680160,15.6.664.9480,420,200,red,0,4781.0,47542.0,8,41,21.033333333333335,2260.3169572107763
KR_7566137125,KR,1742386347024,15.6.664.9480,420,100,blue,0,5751.0,144518.0,29,135,40.93333333333333,3530.57003257329
KR_7566137125,KR,1742386347024,15.6.664.9480,420,200,red,1,5032.6,161126.0,39,93,40.93333333333333,3936.3029315960916
KR_7566211575,KR,1742389379046,15.6.664.9480,420,100,blue,1,5199.6,92565.0,24,49,28.233333333333338,3278.571428571428
KR_7566211575,KR,1742389379046,15.6.664.9480,420,200,red,0,5270.8,87361.0,22,55,28.233333333333338,3094.2502951593856
KR_7568392922,KR,1742564957475,15.6.667.359,420,100,blue,0,5341.4,101095.0,30,62,31.96666666666666,3162.513034410845
KR_7568392922,KR,1742564957475,15.6.667.359,420,200,red,1,5732.0,122144.0,30,59,31.96666666666666,3820.9801876955166
KR_7569169982,KR,1742623675743,15.6.667.3303,420,100,blue,1,5083.0,109798.0,31,51,26.116666666666667,4204.135290363753
KR_7569169982,KR,1742623675743,15.6.667.3303,420,200,red,0,5298.6,75900.0,15,63,26.116666666666667,2906.190172303765
KR_7569226332,KR,1742626016806,15.6.667.3303,420,100,blue,1,4941.8,155190.0,31,99,37.31666666666667,4158.731576596694
KR_7569226332,KR,1742626016806,15.6.667.3303,420,200,red,0,5087.6,144491.0,32,87,37.31666666666667,3872.023224653863
KR_7569394026,KR,1742633044193,15.6.667.3303,420,100,blue,0,5245.0,147881.0,31,64,37.55,3938.2423435419446
KR_7569394026,KR,1742633044193,15.6.667.3303,420,200,red,1,5385.4,160477.0,32,94,37.55,4273.688415446072
KR_7569449199,KR,1742635605080,15.6.667.3303,420,100,blue,0,5084.4,101078.0,21,44,29.9,3380.5351170568565
KR_7569449199,KR,1742635605080,15.6.667.3303,420,200,red,1,5988.4,115258.0,46,87,29.9,3854.7826086956525
KR_7569495754,KR,1742637855549,15.6.667.3303,420,100,blue,1,5500.8,143251.0,39,67,31.06666666666667,4611.083690987124
KR_7569495754,KR,1742637855549,15.6.667.3303,420,200,red,0,5612.8,109242.0,33,74,31.06666666666667,3516.3733905579397
KR_7571314594,KR,1742733640322,15.6.667.3303,420,100,blue,0,4763.2,45412.0,11,39,22.933333333333334,1980.1744186046512
KR_7571314594,KR,1742733640322,15.6.667.3303,420,200,red,1,6223.0,76317.0,30,51,22.933333333333334,3327.7761627906975
KR_7571371528,KR,1742735497792,15.6.667.3303,420,100,blue,1,5426.2,88824.0,28,68,27.866666666666667,3187.464114832536
KR_7571371528,KR,1742735497792,15.6.667.3303,420,200,red,0,5234.0,81692.0,18,51,27.866666666666667,2931.531100478469
KR_7571378004,KR,1742735476227,15.6.667.3303,420,100,blue,1,5812.8,125049.0,37,57,29.116666666666667,4294.756725815684
KR_7571378004,KR,1742735476227,15.6.667.3303,420,200,red,0,5304.0,97074.0,24,52,29.116666666666667,3333.966800228964
KR_7571460259,KR,1742738246268,15.6.667.3303,420,100,blue,0,5167.0,99202.0,29,46,30.633333333333333,3238.367791077258
KR_7571460259,KR,1742738246268,15.6.667.3303,420,200,red,1,6097.8,132899.0,45,79,30.633333333333333,4338.378672470076
KR_7571527096,KR,1742740534944,15.6.667.3303,420,100,blue,0,5558.0,58981.0,20,45,21.766666666666666,2709.693721286371
KR_7571527096,KR,1742740534944,15.6.667.3303,420,200,red,1,5608.2,75390.0,31,54,21.766666666666666,3463.5528330781012
KR_7572891885,KR,1742878024995,15.6.667.3303,420,100,blue,0,5091.0,53795.0,13,61,25.633333333333333,2098.634590377113
KR_7572891885,KR,1742878024995,15.6.667.3303,420,200,red,1,5313.8,73170.0,25,71,25.633333333333333,2854.486345903771
KR_7572912761,KR,1742879994347,15.6.667.3303,420,100,blue,1,6241.8,83615.0,27,55,26.35,3173.244781783681
KR_7572912761,KR,1742879994347,15.6.667.3303,420,200,red,0,4973.2,69447.0,17,60,26.35,2635.559772296015
KR_7572942222,KR,1742882373708,15.6.667.3303,420,100,blue,0,5469.2,126299.0,29,89,33.1,3815.679758308157
KR_7572942222,KR,1742882373708,15.6.667.3303,420,200,red,1,5658.8,140680.0,29,87,33.1,4250.151057401812
KR_7574071450,KR,1742980478850,15.6.668.2516,420,100,blue,1,5786.4,72195.0,23,47,21.816666666666666,3309.1673032849503
KR_7574071450,KR,1742980478850,15.6.668.2516,420,200,red,0,4721.4,50798.0,7,35,21.816666666666666,2328.4033613445376
KR_7574097377,KR,1742982257767,15.6.668.2516,420,100,blue,1,5697.0,162008.0,45,97,38.0,4263.368421052632
KR_7574097377,KR,1742982257767,15.6.668.2516,420,200,red,0,4991.2,158638.0,27,87,38.0,4174.684210526316
KR_7574142973,KR,1742985128196,15.6.668.2516,420,100,blue,0,5425.4,167835.0,50,72,38.583333333333336,4349.935205183585
KR_7574142973,KR,1742985128196,15.6.668.2516,420,200,red,1,5669.4,184187.0,39,68,38.583333333333336,4773.745140388769
KR_7576094874,KR,1743154262892,15.6.668.2516,420,100,blue,0,4856.0,114767.0,26,80,32.55,3525.867895545315
KR_7576094874,KR,1743154262892,15.6.668.2516,420,200,red,1,5551.4,131447.0,35,80,32.55,4038.310291858679
KR_7579957018,KR,1743412450519,15.6.668.2516,420,100,blue,0,5703.2,142995.0,30,75,34.56666666666667,4136.78881388621
KR_7579957018,KR,1743412450519,15.6.668.2516,420,200,red,1,5014.2,112491.0,28,68,34.56666666666667,3254.3201542912243
KR_7579985782,KR,1743414951533,15.6.668.2516,420,100,blue,0,5441.8,72298.0,19,47,25.733333333333338,2809.507772020725
KR_7579985782,KR,1743414951533,15.6.668.2516,420,200,red,1,6278.0,130973.0,53,49,25.733333333333338,5089.624352331605
KR_7581946023,KR,1743592661069,15.7.669.24,420,100,blue,1,5629.6,124383.0,39,52,28.81666666666667,4316.356275303643
KR_7581946023,KR,1743592661069,15.7.669.24,420,200,red,0,5025.8,107306.0,27,58,28.81666666666667,3723.7478311162517
KR_7581998904,KR,1743594790436,15.7.669.24,420,100,blue,1,5827.0,101740.0,34,58,25.466666666666665,3995.0261780104715
KR_7581998904,KR,1743594790436,15.7.669.24,420,200,red,0,4763.6,72130.0,16,46,25.466666666666665,2832.3298429319375
KR_7582125389,KR,1743598738777,15.7.669.24,420,100,blue,0,4510.2,31704.0,7,17,15.26666666666667,2076.6812227074233
KR_7582125389,KR,1743598738777,15.7.669.24,420,200,red,1,7125.2,46872.0,25,26,15.26666666666667,3070.218340611353
KR_7582171629,KR,1743600109525,15.7.669.24,420,100,blue,1,6165.0,40164.0,21,33,15.283333333333335,2627.9607415485275
KR_7582171629,KR,1743600109525,15.7.669.24,420,200,red,0,5219.6,34883.0,13,22,15.283333333333335,2282.420937840785
KR_7582213586,KR,1743601364604,15.7.669.24,420,100,blue,1,4961.2,96706.0,31,77,36.25,2667.751724137931
KR_7582213586,KR,1743601364604,15.7.669.24,420,200,red,0,4896.4,95742.0,20,93,36.25,2641.158620689655
KR_7590975412,KR,1744094031308,15.7.670.3172,420,100,blue,1,5366.2,71918.0,21,52,23.016666666666666,3124.605358435916
KR_7590975412,KR,1744094031308,15.7.670.3172,420,200,red,0,5210.8,50237.0,10,37,23.016666666666666,2182.6357711803043
KR_7592487675,KR,1744193579074,15.7.670.3172,420,100,blue,1,5415.6,94853.0,28,59,24.133333333333333,3930.3729281767955
KR_7592487675,KR,1744193579074,15.7.670.3172,420,200,red,0,5033.8,67909.0,15,48,24.133333333333333,2813.9088397790056
KR_7592524914,KR,1744195471088,15.7.670.3172,420,100,blue,0,5137.8,126910.0,28,79,31.833333333333332,3986.7015706806283
KR_7592524914,KR,1744195471088,15.7.670.3172,420,200,red,1,5050.6,153192.0,29,60,31.833333333333332,4812.314136125655
KR_7592581851,KR,1744197832001,15.7.670.3172,420,100,blue,1,4825.8,119707.0,29,93,31.35,3818.4051036682613
KR_7592581851,KR,1744197832001,15.7.670.3172,420,200,red,0,5385.6,99257.0,18,72,31.35,3166.092503987241
KR_7595065929,KR,1744368905251,15.7.672.4034,420,100,blue,0,5000.8,65385.0,14,58,27.116666666666667,2411.247695144438
KR_7595065929,KR,1744368905251,15.7.672.4034,420,200,red,1,5569.4,92164.0,33,64,27.116666666666667,3398.79532882606
KR_7595121308,KR,1744370964264,15.7.672.4034,420,100,blue,1,5219.8,78768.0,19,70,28.65,2749.3193717277486
KR_7595121308,KR,1744370964264,15.7.672.4034,420,200,red,0,5271.0,63613.0,13,79,28.65,2220.349040139616
KR_7596073062,KR,1744427752485,15.7.672.4034,420,100,blue,1,5839.0,54873.0,21,31,15.966666666666665,3436.722338204593
KR_7596073062,KR,1744427752485,15.7.672.4034,420,200,red,0,5649.8,37949.0,11,25,15.966666666666665,2376.764091858038
KR_7596098661,KR,1744429558133,15.7.672.4034,420,100,blue,0,4944.4,25964.0,10,35,15.683333333333334,1655.5154091392135
KR_7596098661,KR,1744429558133,15.7.672.4034,420,200,red,1,6041.4,39104.0,13,32,15.683333333333334,2493.347502656748
KR_7596120995,KR,1744430884965,15.7.672.4034,420,100,blue,1,5479.0,85648.0,29,49,20.466666666666665,4184.755700325733
KR_7596120995,KR,1744430884965,15.7.672.4034,420,200,red,0,4620.0,70865.0,12,37,20.466666666666665,3462.4592833876222
KR_7596159839,KR,1744432804632,15.7.672.4034,420,100,blue,0,5262.0,111569.0,31,52,28.18333333333333,3958.6871673565943
KR_7596159839,KR,1744432804632,15.7.672.4034,420,200,red,1,5196.8,111950.0,24,54,28.18333333333333,3972.2057953873455
KR_7596649990,KR,1744452068426,15.7.672.4034,420,100,blue,1,5655.8,92437.0,36,62,26.53333333333334,3483.806532663316
KR_7596649990,KR,1744452068426,15.7.672.4034,420,200,red,0,5286.8,72177.0,27,49,26.53333333333334,2720.2386934673364
KR_7600240050,KR,1744639429324,15.7.672.4034,420,100,blue,0,5487.8,86163.0,18,60,31.583333333333332,2728.1160949868076
KR_7600240050,KR,1744639429324,15.7.672.4034,420,200,red,1,5180.6,99106.0,37,101,31.583333333333332,3137.920844327177
KR_7603924774,KR,1744902553285,15.8.673.8244,420,100,blue,0,5082.6,129104.0,27,83,35.766666666666666,3609.6178937558248
KR_7603924774,KR,1744902553285,15.8.673.8244,420,200,red,1,5439.6,146051.0,38,91,35.766666666666666,4083.4389561975768
KR_7605029635,KR,1744983954076,15.8.674.8619,420,100,blue,0,4855.0,148095.0,32,82,35.983333333333334,4115.655396016674
KR_7605029635,KR,1744983954076,15.8.674.8619,420,200,red,1,4908.4,133686.0,30,88,35.983333333333334,3715.220009263548
KR_7605124396,KR,1744986595078,15.8.674.8619,420,100,blue,0,4817.8,100066.0,17,69,29.68333333333333,3371.1173498034814
KR_7605124396,KR,1744986595078,15.8.674.8619,420,200,red,1,5646.0,100517.0,24,55,29.68333333333333,3386.3110612015726
KR_7607996204,KR,1745143374188,15.8.675.10,420,100,blue,1,6106.6,83708.0,37,38,22.75,3679.4725274725274
KR_7607996204,KR,1745143374188,15.8.675.10,420,200,red,0,5486.6,55468.0,21,46,22.75,2438.153846153846
KR_7608292648,KR,1745153397553,15.8.675.10,420,100,blue,1,5629.4,179016.0,38,133,45.03333333333333,3975.1887490747595
KR_7608292648,KR,1745153397553,15.8.675.10,420,200,red,0,5054.6,201265.0,42,99,45.03333333333333,4469.245003700962
KR_7611989258,KR,1745414368196,15.8.675.10,420,100,blue,0,4916.2,68900.0,18,61,26.85,2566.1080074487895
KR_7611989258,KR,1745414368196,15.8.675.10,420,200,red,1,5061.8,98670.0,29,58,26.85,3674.8603351955308
KR_7612051627,KR,1745416572442,15.8.675.10,420,100,blue,0,4593.4,48995.0,12,47,22.316666666666666,2195.444361463779
KR_7612051627,KR,1745416572442,15.8.675.10,420,200,red,1,5798.0,72983.0,33,39,22.316666666666666,3270.3360716952952
KR_7614303830,KR,1745581364151,15.8.675.10,420,100,blue,0,4787.0,79298.0,20,66,28.5,2782.3859649122805
KR_7614303830,KR,1745581364151,15.8.675.10,420,200,red,1,5567.8,118280.0,33,51,28.5,4150.175438596491
KR_7614435114,KR,1745586072260,15.8.675.10,420,100,blue,0,5209.8,51144.0,17,40,23.366666666666667,2188.758915834522
KR_7614435114,KR,1745586072260,15.8.675.10,420,200,red,1,5785.4,67712.0,31,52,23.366666666666667,2897.8031383737516
KR_7615179634,KR,1745637171538,15.8.675.10,420,100,blue,1,5660.8,136399.0,46,88,35.15,3880.4836415362734
KR_7615179634,KR,1745637171538,15.8.675.10,420,200,red,0,4821.8,115020.0,33,83,35.15,3272.2617354196304
KR_7615988980,KR,1745672202639,15.8.675.10,420,100,blue,0,5123.2,88445.0,22,61,28.833333333333332,3067.456647398844
KR_7615988980,KR,1745672202639,15.8.675.10,420,200,red,1,5302.2,121217.0,42,63,28.833333333333332,4204.0578034682085
KR_7616086312,KR,1745674802298,15.8.675.10,420,100,blue,0,5219.0,115799.0,26,48,30.633333333333333,3780.1632208922742
KR_7616086312,KR,1745674802298,15.8.675.10,420,200,red,1,5618.0,141126.0,43,57,30.633333333333333,4606.942328618064
KR_7616271457,KR,1745680286617,15.8.675.10,420,100,blue,0,4625.8,50826.0,13,39,22.65,2243.973509933775
KR_7616271457,KR,1745680286617,15.8.675.10,420,200,red,1,6014.4,88680.0,35,37,22.65,3915.2317880794703
KR_7616328662,KR,1745682166015,15.8.675.10,420,100,blue,0,5911.8,111128.0,30,58,30.166666666666668,3683.8011049723755
KR_7616328662,KR,1745682166015,15.8.675.10,420,200,red,1,5599.8,117843.0,41,65,30.166666666666668,3906.3977900552486
KR_7616720541,KR,1745718729537,15.8.675.10,420,100,blue,1,3491.2,12412.0,8,15,8.916666666666666,1392.0
KR_7616720541,KR,1745718729537,15.8.675.10,420,200,red,0,2553.6,9375.0,3,10,8.916666666666666,1051.4018691588785
KR_7616734421,KR,1745719783255,15.8.675.10,420,100,blue,1,5654.4,22597.0,10,35,15.166666666666666,1489.912087912088
KR_7616734421,KR,1745719783255,15.8.675.10,420,200,red,0,4301.8,22163.0,6,31,15.166666666666666,1461.2967032967033
KR_7616750651,KR,1745721162978,15.8.675.10,420,100,blue,0,5468.6,156212.0,39,95,36.766666666666666,4248.739800543971
KR_7616750651,KR,1745721162978,15.8.675.10,420,200,red,1,5310.6,191868.0,48,79,36.766666666666666,5218.531278331822
KR_7616862256,KR,1745728002429,15.8.675.10,420,100,blue,1,5107.4,119466.0,31,57,35.583333333333336,3357.35831381733
KR_7616862256,KR,1745728002429,15.8.675.10,420,200,red,0,5125.0,141003.0,28,69,35.583333333333336,3962.613583138173
KR_7616975630,KR,1745733430836,15.8.675.10,420,100,blue,1,5248.2,125461.0,31,75,33.43333333333333,3752.5722831505486
KR_7616975630,KR,1745733430836,15.8.675.10,420,200,red,0,5289.6,97948.0,20,64,33.43333333333333,2929.651046859422
KR_7617153520,KR,1745740585947,15.8.675.10,420,100,blue,0,5510.2,122582.0,36,61,31.983333333333338,3832.683689421573
KR_7617153520,KR,1745740585947,15.8.675.10,420,200,red,1,5809.0,157025.0,53,77,31.983333333333338,4909.588327253778
KR_7617343474,KR,1745748153512,15.8.675.10,420,100,blue,0,4906.2,74913.0,16,38,26.366666666666667,2841.2010113780025
KR_7617343474,KR,1745748153512,15.8.675.10,420,200,red,1,5353.6,85113.0,30,60,26.366666666666667,3228.0530973451328
KR_7617409993,KR,1745750752834,15.8.675.10,420,100,blue,1,5531.4,92959.0,32,57,27.53333333333334,3376.2348668280865
KR_7617409993,KR,1745750752834,15.8.675.10,420,200,red,0,4988.6,66786.0,14,61,27.53333333333334,2425.6416464891036
KR_7617473382,KR,1745752893025,15.8.675.10,420,100,blue,1,5954.0,164618.0,52,89,37.28333333333333,4415.324094769781
KR_7617473382,KR,1745752893025,15.8.675.10,420,200,red,0,5228.8,157983.0,42,83,37.28333333333333,4237.362539114886
KR_7617665379,KR,1745758942474,15.8.675.10,420,100,blue,1,5829.8,118626.0,42,73,27.883333333333333,4254.369396294082
KR_7617665379,KR,1745758942474,15.8.675.10,420,200,red,0,5477.4,108975.0,25,55,27.883333333333333,3908.24865511058
KR_7617718688,KR,1745760599246,15.8.675.10,420,100,blue,1,5323.2,98500.0,32,67,28.366666666666667,3472.385428907168
KR_7617718688,KR,1745760599246,15.8.675.10,420,200,red,0,4951.6,65195.0,15,63,28.366666666666667,2298.296122209166
KR_7617806946,KR,1745763438971,15.8.675.10,420,100,blue,1,3883.6,18867.0,10,13,9.833333333333334,1918.677966101695
KR_7617806946,KR,1745763438971,15.8.675.10,420,200,red,0,3115.2,13884.0,5,17,9.833333333333334,1411.9322033898304
KR_7617837892,KR,1745764526630,15.8.675.10,420,100,blue,0,1826.4,6708.0,3,7,6.033333333333333,1111.8232044198896
KR_7617837892,KR,1745764526630,15.8.675.10,420,200,red,1,2110.2,8893.0,3,6,6.033333333333333,1473.9779005524863
KR_7619924380,KR,1745924711830,15.8.675.10,420,100,blue,0,6080.0,85125.0,25,31,20.95,4063.2458233890216
KR_7619924380,KR,1745924711830,15.8.675.10,420,200,red,1,4944.8,75871.0,22,52,20.95,3621.5274463007163
KR_7619962246,KR,1745926284541,15.8.675.10,420,100,blue,1,5017.4,89594.0,20,78,27.56666666666667,3250.084643288996
KR_7619962246,KR,1745926284541,15.8.675.10,420,200,red,0,6033.8,111582.0,23,56,27.56666666666667,4047.7146311970973
KR_7620887023,KR,1745997705171,15.9.677.4704,420,100,blue,1,5493.2,59404.0,17,47,19.333333333333332,3072.6206896551726
KR_7620887023,KR,1745997705171,15.9.677.4704,420,200,red,0,5163.8,37678.0,14,33,19.333333333333332,1948.8620689655174
KR_7622092075,KR,1746073099637,15.9.678.398,420,100,blue,1,5604.0,108701.0,38,68,30.53333333333334,3560.076419213973
KR_7622092075,KR,1746073099637,15.9.678.398,420,200,red,0,5688.0,92008.0,24,70,30.53333333333334,3013.3624454148467
KR_7623015571,KR,1746106725296,15.9.678.398,420,100,blue,1,5628.6,152532.0,39,63,35.11666666666667,4343.578547698149
KR_7623015571,KR,1746106725296,15.9.678.398,420,200,red,0,5012.2,132626.0,29,92,35.11666666666667,3776.7252017085902
KR_7625111683,KR,1746237513139,15.9.678.1456,420,100,blue,0,5923.4,85829.0,26,59,29.4,2919.3537414965986
KR_7625111683,KR,1746237513139,15.9.678.1456,420,200,red,1,5180.0,126513.0,32,62,29.4,4303.163265306122
KR_7625146286,KR,1746239838309,15.9.678.1456,420,100,blue,0,5572.6,103013.0,35,60,31.233333333333338,3298.175026680896
KR_7625146286,KR,1746239838309,15.9.678.1456,420,200,red,1,5436.6,168414.0,42,68,31.233333333333338,5392.123799359658
KR_7625225043,KR,1746244530917,15.9.678.1456,420,100,blue,1,6040.2,119768.0,51,55,30.56666666666667,3918.255179934569
KR_7625225043,KR,1746244530917,15.9.678.1456,420,200,red,0,5069.6,98787.0,27,78,30.56666666666667,3231.85387131952
KR_7625571324,KR,1746259107567,15.9.678.1456,420,100,blue,0,5307.4,45405.0,15,26,16.15,2811.455108359133
KR_7625571324,KR,1746259107567,15.9.678.1456,420,200,red,1,5179.6,32344.0,13,38,16.15,2002.7244582043345
KR_7625637537,KR,1746261742370,15.9.678.1456,420,100,blue,0,5272.8,56990.0,20,55,22.416666666666668,2542.3048327137544
KR_7625637537,KR,1746261742370,15.9.678.1456,420,200,red,1,5273.6,60003.0,22,45,22.416666666666668,2676.71375464684
KR_7625681760,KR,1746263484507,15.9.678.1456,420,100,blue,1,5422.0,28337.0,11,32,15.416666666666666,1838.0756756756757
KR_7625681760,KR,1746263484507,15.9.678.1456,420,200,red,0,4648.6,24454.0,4,23,15.416666666666666,1586.2054054054054
KR_7625719224,KR,1746264715230,15.9.678.1456,420,100,blue,0,4468.0,31323.0,7,22,15.283333333333335,2049.4874591057796
KR_7625719224,KR,1746264715230,15.9.678.1456,420,200,red,1,5701.0,43071.0,22,23,15.283333333333335,2818.1679389312976
KR_7626995761,KR,1746334986391,15.9.678.1456,420,100,blue,1,712.8,671.0,0,1,2.3666666666666667,283.5211267605634
KR_7626995761,KR,1746334986391,15.9.678.1456,420,200,red,0,748.4,2040.0,1,3,2.3666666666666667,861.9718309859155
KR_7627061395,KR,1746337824240,15.9.678.1456,420,100,blue,0,5174.4,67831.0,17,42,22.833333333333332,2970.7007299270076
KR_7627061395,KR,1746337824240,15.9.678.1456,420,200,red,1,5813.8,85198.0,32,46,22.833333333333332,3731.299270072993
KR_7632225074,KR,1746616652590,15.9.678.1456,420,100,blue,1,6229.0,58739.0,27,30,18.683333333333334,3143.9250669045496
KR_7632225074,KR,1746616652590,15.9.678.1456,420,200,red,0,5347.4,49481.0,19,32,18.683333333333334,2648.4032114183765
KR_7634443857,KR,1746786086383,15.9.678.1456,420,100,blue,0,5155.0,133370.0,37,60,31.516666666666662,4231.729243786357
KR_7634443857,KR,1746786086383,15.9.678.1456,420,200,red,1,5884.0,114201.0,39,69,31.516666666666662,3623.5113696456906
KR_7638563031,KR,1747010804201,15.9.678.1456,420,100,blue,1,4842.8,214650.0,48,72,41.78333333333333,5137.215795771839
KR_7638563031,KR,1747010804201,15.9.678.1456,420,200,red,0,5069.0,214180.0,47,91,41.78333333333333,5125.967291583566
KR_7638630774,KR,1747020990934,15.9.678.1456,420,100,blue,1,5889.8,33030.0,14,32,15.98333333333333,2066.527632950991
KR_7638630774,KR,1747020990934,15.9.678.1456,420,200,red,0,5605.0,39704.0,16,22,15.98333333333333,2484.0875912408765
KR_7638652148,KR,1747022463137,15.9.678.1456,420,100,blue,0,4465.0,26322.0,4,20,15.55,1692.733118971061
KR_7638652148,KR,1747022463137,15.9.678.1456,420,200,red,1,5424.2,32621.0,15,33,15.55,2097.813504823151
KR_7638666181,KR,1747023772695,15.9.678.1456,420,100,blue,0,4447.0,89785.0,17,53,29.15,3080.1029159519726
KR_7638666181,KR,1747023772695,15.9.678.1456,420,200,red,1,6023.6,100999.0,36,81,29.15,3464.802744425386
KR_7638689085,KR,1747025887323,15.9.678.1456,420,100,blue,0,5984.6,130286.0,35,90,33.4,3900.7784431137725
KR_7638689085,KR,1747025887323,15.9.678.1456,420,200,red,1,5495.8,133085.0,39,66,33.4,3984.5808383233534
KR_7638978958,KR,1747045770294,15.9.678.1456,420,100,blue,1,6718.2,81054.0,34,37,22.883333333333333,3542.053896576839
KR_7638978958,KR,1747045770294,15.9.678.1456,420,200,red,0,4848.4,64539.0,13,43,22.883333333333333,2820.3495994173345
KR_7639021366,KR,1747047617771,15.9.678.1456,420,100,blue,1,5820.6,72242.0,25,60,27.333333333333332,2643.0
KR_7639021366,KR,1747047617771,15.9.678.1456,420,200,red,0,5235.6,59085.0,11,71,27.333333333333332,2161.6463414634145
KR_7639062536,KR,1747049521008,15.9.678.1456,420,100,blue,0,5196.8,116065.0,19,72,34.5,3364.2028985507245
KR_7639062536,KR,1747049521008,15.9.678.1456,420,200,red,1,5356.2,124000.0,41,90,34.5,3594.2028985507245
KR_7639998019,KR,1747127021066,15.9.678.1456,420,100,blue,1,5495.2,153585.0,47,67,31.916666666666668,4812.062663185378
KR_7639998019,KR,1747127021066,15.9.678.1456,420,200,red,0,5307.6,123996.0,33,59,31.916666666666668,3884.9921671018274
KR_7640041180,KR,1747129611837,15.9.678.1456,420,100,blue,1,6460.0,48807.0,26,26,15.8,3089.0506329113923
KR_7640041180,KR,1747129611837,15.9.678.1456,420,200,red,0,4391.6,27897.0,2,22,15.8,1765.632911392405
KR_7640067241,KR,1747131114729,15.9.678.1456,420,100,blue,1,4903.4,124464.0,32,78,33.18333333333333,3750.798593671522
KR_7640067241,KR,1747131114729,15.9.678.1456,420,200,red,0,5434.6,124133.0,35,70,33.18333333333333,3740.8237066800607
KR_7640105927,KR,1747133457288,15.9.678.1456,420,100,blue,1,5481.0,139572.0,39,61,29.96666666666666,4657.57508342603
KR_7640105927,KR,1747133457288,15.9.678.1456,420,200,red,0,5665.8,101548.0,36,67,29.96666666666666,3388.698553948833
KR_7640998249,KR,1747206820091,15.10.680.4378,420,100,blue,0,6064.2,83676.0,33,51,23.233333333333334,3601.5494978479196
KR_7640998249,KR,1747206820091,15.10.680.4378,420,200,red,1,6670.4,92341.0,43,48,23.233333333333334,3974.5050215208034
KR_7641055754,KR,1747210547349,15.10.680.4378,420,100,blue,1,6371.4,100160.0,39,59,26.45,3786.7674858223063
KR_7641055754,KR,1747210547349,15.10.680.4378,420,200,red,0,5358.4,64357.0,17,58,26.45,2433.156899810964
KR_7641088471,KR,1747212493946,15.10.680.4378,420,100,blue,1,5718.6,141869.0,38,75,31.1,4561.704180064308
KR_7641088471,KR,1747212493946,15.10.680.4378,420,200,red,0,5469.2,94869.0,22,58,31.1,3050.450160771704
KR_7641140701,KR,1747215796103,15.10.680.4378,420,100,blue,1,5911.0,38227.0,20,23,15.3,2498.4967320261435
KR_7641140701,KR,1747215796103,15.10.680.4378,420,200,red,0,4664.4,33750.0,5,24,15.3,2205.8823529411766
KR_7641170028,KR,1747217125693,15.10.680.4378,420,100,blue,1,5624.0,87567.0,30,59,28.133333333333333,3112.571090047393
KR_7641170028,KR,1747217125693,15.10.680.4378,420,200,red,0,5561.2,62918.0,22,62,28.133333333333333,2236.4218009478673
KR_7641214054,KR,1747219363155,15.10.680.4378,420,100,blue,0,5529.4,151866.0,37,68,34.45,4408.301886792452
KR_7641214054,KR,1747219363155,15.10.680.4378,420,200,red,1,5702.4,181429.0,48,72,34.45,5266.44412191582
KR_7641257500,KR,1747221843123,15.10.680.4378,420,100,blue,1,5129.8,110310.0,37,68,28.983333333333338,3805.9804485336394
KR_7641257500,KR,1747221843123,15.10.680.4378,420,200,red,0,5464.4,78004.0,15,64,28.983333333333338,2691.3398504887864
KR_7643534934,KR,1747391310346,15.10.680.4378,420,100,blue,1,5921.8,102126.0,37,59,26.85,3803.575418994413
KR_7643534934,KR,1747391310346,15.10.680.4378,420,200,red,0,5828.4,87229.0,24,62,26.85,3248.752327746741
KR_7643590019,KR,1747393344276,15.10.680.4378,420,100,blue,0,5720.8,68631.0,19,34,19.583333333333332,3504.56170212766
KR_7643590019,KR,1747393344276,15.10.680.4378,420,200,red,1,6812.4,71051.0,34,39,19.583333333333332,3628.136170212766
KR_7643625296,KR,1747394832863,15.10.680.4378,420,100,blue,1,5359.8,144187.0,40,68,31.56666666666667,4567.697993664202
KR_7643625296,KR,1747394832863,15.10.680.4378,420,200,red,0,5593.6,117441.0,34,67,31.56666666666667,3720.411826821541
KR_7643968987,KR,1747405481589,15.10.680.4378,420,100,blue,0,5432.6,33439.0,11,27,15.183333333333334,2202.3490669593853
KR_7643968987,KR,1747405481589,15.10.680.4378,420,200,red,1,5485.8,36014.0,17,41,15.183333333333334,2371.9429198682765
KR_7644057103,KR,1747407540274,15.10.680.4378,420,100,blue,1,5785.4,83409.0,26,93,28.31666666666667,2945.579752795762
KR_7644057103,KR,1747407540274,15.10.680.4378,420,200,red,0,5075.0,70010.0,13,41,28.31666666666667,2472.395526780459
KR_7644120188,KR,1747409603017,15.10.680.4378,420,100,blue,0,5289.4,85980.0,22,65,29.583333333333332,2906.366197183099
KR_7644120188,KR,1747409603017,15.10.680.4378,420,200,red,1,6136.6,128794.0,43,102,29.583333333333332,4353.6
KR_7644179627,KR,1747411710827,15.10.680.4378,420,100,blue,1,5571.0,82831.0,38,75,24.8,3339.9596774193546
KR_7644179627,KR,1747411710827,15.10.680.4378,420,200,red,0,5128.8,79668.0,20,52,24.8,3212.4193548387098
KR_7644233413,KR,1747413764888,15.10.680.4378,420,100,blue,1,6582.0,72372.0,29,54,22.483333333333334,3218.9177168272795
KR_7644233413,KR,1747413764888,15.10.680.4378,420,200,red,0,4620.2,45082.0,10,43,22.483333333333334,2005.1297257227575
KR_7645973644,KR,1747506738987,15.10.680.4378,420,100,blue,0,6547.0,146873.0,41,50,30.766666666666662,4773.7703141928505
KR_7645973644,KR,1747506738987,15.10.680.4378,420,200,red,1,4985.0,132970.0,35,59,30.766666666666662,4321.885157096425
KR_7647956175,KR,1747649552227,15.10.680.4378,420,100,blue,0,4639.8,45642.0,7,47,23.216666666666665,1965.9152907394114
KR_7647956175,KR,1747649552227,15.10.680.4378,420,200,red,1,5462.0,67435.0,29,52,23.216666666666665,2904.5944005743004
KR_7647995600,KR,1747651663028,15.10.680.4378,420,100,blue,0,4915.0,63061.0,10,61,25.1,2512.390438247012
KR_7647995600,KR,1747651663028,15.10.680.4378,420,200,red,1,6057.8,84135.0,33,54,25.1,3351.99203187251
KR_7648034912,KR,1747653556908,15.10.680.4378,420,100,blue,1,5345.8,168540.0,51,85,39.36666666666667,4281.287044877223
KR_7648034912,KR,1747653556908,15.10.680.4378,420,200,red,0,5900.8,186382.0,43,105,39.36666666666667,4734.513124470787
KR_7648114807,KR,1747656721903,15.10.680.4378,420,100,blue,0,4583.6,70479.0,18,58,27.75,2539.7837837837837
KR_7648114807,KR,1747656721903,15.10.680.4378,420,200,red,1,6106.0,108977.0,34,60,27.75,3927.099099099099
KR_7648157256,KR,1747658084223,15.10.680.4378,420,100,blue,1,5549.4,154664.0,41,80,36.416666666666664,4247.066361556064
KR_7648157256,KR,1747658084223,15.10.680.4378,420,200,red,0,5903.0,142515.0,37,63,36.416666666666664,3913.455377574371
KR_7648177452,KR,1747658879587,15.10.680.4378,420,100,blue,1,5547.2,93239.0,34,54,24.633333333333333,3785.0744248985116
KR_7648177452,KR,1747658879587,15.10.680.4378,420,200,red,0,5817.2,66263.0,21,57,24.633333333333333,2689.972936400541
KR_7648226608,KR,1747660606275,15.10.680.4378,420,100,blue,1,6003.4,34848.0,16,38,14.883333333333331,2341.4109742441215
KR_7648226608,KR,1747660606275,15.10.680.4378,420,200,red,0,4887.0,30572.0,8,22,14.883333333333331,2054.1097424412096
KR_7648235185,KR,1747660677363,15.10.680.4378,420,100,blue,1,5068.6,205933.0,40,113,42.38333333333333,4858.820290994888
KR_7648235185,KR,1747660677363,15.10.680.4378,420,200,red,0,5527.4,213247.0,44,111,42.38333333333333,5031.388124262682
KR_7650009764,KR,1747813398070,15.10.680.4378,420,100,blue,1,6326.4,101049.0,36,60,27.0,3742.5555555555557
KR_7650009764,KR,1747813398070,15.10.680.4378,420,200,red,0,4286.6,63346.0,15,38,27.0,2346.1481481481483
KR_7650042803,KR,1747815383902,15.10.680.4378,420,100,blue,1,5428.6,116327.0,47,54,29.43333333333333,3952.2197055492643
KR_7650042803,KR,1747815383902,15.10.680.4378,420,200,red,0,5075.8,93925.0,17,78,29.43333333333333,3191.109852774632
KR_7650079057,KR,1747817521205,15.10.680.4378,420,100,blue,0,4581.6,48618.0,11,40,22.85,2127.702407002188
KR_7650079057,KR,1747817521205,15.10.680.4378,420,200,red,1,5846.8,82891.0,29,45,22.85,3627.6148796498906
KR_7650104463,KR,1747819258009,15.10.680.4378,420,100,blue,0,4865.6,75919.0,20,72,29.0,2617.896551724138
KR_7650104463,KR,1747819258009,15.10.680.4378,420,200,red,1,5381.6,96705.0,34,62,29.0,3334.655172413793
KR_7655731428,KR,1748178873264,15.10.680.4378,420,100,blue,1,3788.4,18902.0,8,17,10.883333333333333,1736.7840735068914
KR_7655731428,KR,1748178873264,15.10.680.4378,420,200,red,0,3427.8,17742.0,4,15,10.883333333333333,1630.199081163859
KR_7656257612,KR,1748231983919,15.10.680.4378,420,100,blue,1,5908.2,74779.0,35,39,22.266666666666666,3358.3383233532936
KR_7656257612,KR,1748231983919,15.10.680.4378,420,200,red,0,4387.4,60071.0,12,31,22.266666666666666,2697.7994011976048
KR_7656270729,KR,1748233823472,15.10.680.4378,420,100,blue,1,6189.8,132747.0,46,69,34.516666666666666,3845.8812168034765
KR_7656270729,KR,1748233823472,15.10.680.4378,420,200,red,0,4962.6,112094.0,22,68,34.516666666666666,3247.5325929502656
KR_7658357091,KR,1748410089513,15.10.680.4378,420,100,blue,1,5402.0,158155.0,47,57,31.15,5077.2070626003215
KR_7658357091,KR,1748410089513,15.10.680.4378,420,200,red,0,5295.6,121680.0,38,75,31.15,3906.260032102729
KR_7659484432,KR,1748505643182,15.11.684.1658,420,100,blue,1,5701.8,36145.0,16,33,16.25,2224.3076923076924
KR_7659484432,KR,1748505643182,15.11.684.1658,420,200,red,0,4540.2,23871.0,6,32,16.25,1468.9846153846154
KR_7659661290,KR,1748516881706,15.11.684.1658,420,100,blue,0,5265.8,54506.0,15,51,21.133333333333333,2579.1482649842274
KR_7659661290,KR,1748516881706,15.11.684.1658,420,200,red,1,5440.6,65206.0,21,44,21.133333333333333,3085.4574132492116
KR_7659699111,KR,1748518681150,15.11.684.1658,420,100,blue,0,5344.6,124846.0,31,99,37.03333333333333,3371.1791179117913
KR_7659699111,KR,1748518681150,15.11.684.1658,420,200,red,1,5156.6,166807.0,46,98,37.03333333333333,4504.239423942395
KR_7670676100,KR,1749230262703,15.11.685.5259,420,100,blue,0,4683.8,38941.0,10,36,20.133333333333333,1934.155629139073
KR_7670676100,KR,1749230262703,15.11.685.5259,420,200,red,1,5666.4,71900.0,31,33,20.133333333333333,3571.1920529801328
KR_7670683286,KR,1749230786548,15.11.685.5259,420,100,blue,1,5037.8,117573.0,33,73,31.016666666666662,3790.639441160667
KR_7670683286,KR,1749230786548,15.11.685.5259,420,200,red,0,5521.8,120935.0,24,83,31.016666666666662,3899.0327780763037
KR_7670716287,KR,1749232946071,15.11.685.5259,420,100,blue,0,5141.0,88488.0,27,59,27.31666666666667,3239.3410616229403
KR_7670716287,KR,1749232946071,15.11.685.5259,420,200,red,1,5553.8,116389.0,34,60,27.31666666666667,4260.732153752288
KR_7671405947,KR,1749290686785,15.11.685.5259,420,100,blue,0,5506.8,74784.0,22,55,26.583333333333332,2813.1912225705332
KR_7671405947,KR,1749290686785,15.11.685.5259,420,200,red,1,6262.4,102826.0,40,48,26.583333333333332,3868.062695924765
KR_7671458112,KR,1749292744951,15.11.685.5259,420,100,blue,0,5750.4,48975.0,17,57,20.216666666666665,2422.5061830173127
KR_7671458112,KR,1749292744951,15.11.685.5259,420,200,red,1,6611.4,58161.0,26,49,20.216666666666665,2876.8837592745263
KR_7671489639,KR,1749294352762,15.11.685.5259,420,100,blue,1,6232.6,75107.0,30,40,22.2,3383.1981981981985
KR_7671489639,KR,1749294352762,15.11.685.5259,420,200,red,0,5084.2,60007.0,15,46,22.2,2703.018018018018
KR_7671527789,KR,1749296007280,15.11.685.5259,420,100,blue,1,5888.2,114234.0,40,56,24.0,4759.75
KR_7671527789,KR,1749296007280,15.11.685.5259,420,200,red,0,5217.6,79215.0,15,43,24.0,3300.625
KR_7671583546,KR,1749297920644,15.11.685.5259,420,100,blue,1,5833.4,90851.0,35,74,28.43333333333333,3195.2286049237987
KR_7671583546,KR,1749297920644,15.11.685.5259,420,200,red,0,4997.2,70890.0,15,57,28.43333333333333,2493.2004689331775
KR_7671970965,KR,1749310579702,15.11.685.5259,420,100,blue,1,6467.8,49603.0,22,29,15.866666666666669,3126.239495798319
KR_7671970965,KR,1749310579702,15.11.685.5259,420,200,red,0,4493.6,33254.0,5,24,15.866666666666669,2095.8403361344535
KR_7672009797,KR,1749311852488,15.11.685.5259,420,100,blue,1,5318.0,127890.0,31,79,33.03333333333333,3871.5438950555
KR_7672009797,KR,1749311852488,15.11.685.5259,420,200,red,0,5218.8,112638.0,25,75,33.03333333333333,3409.8284561049445
KR_7672068609,KR,1749314214896,15.11.685.5259,420,100,blue,0,5648.4,84471.0,28,51,27.4,3082.883211678832
KR_7672068609,KR,1749314214896,15.11.685.5259,420,200,red,1,6792.4,136304.0,40,62,27.4,4974.598540145986
KR_7672106909,KR,1749316285880,15.11.685.5259,420,100,blue,1,5373.0,125545.0,39,78,34.95,3592.1316165951357
KR_7672106909,KR,1749316285880,15.11.685.5259,420,200,red,0,5060.6,143328.0,30,78,34.95,4100.944206008583
KR_7672161328,KR,1749319081069,15.11.685.5259,420,100,blue,1,6027.2,134733.0,43,80,32.03333333333333,4206.024973985432
KR_7672161328,KR,1749319081069,15.11.685.5259,420,200,red,0,5202.2,123471.0,30,82,32.03333333333333,3854.4536940686785
KR_7674870986,KR,1749545645884,15.11.685.5259,420,100,blue,1,4756.6,246623.0,55,80,40.7,6059.533169533169
KR_7674870986,KR,1749545645884,15.11.685.5259,420,200,red,0,5244.6,182088.0,46,56,40.7,4473.906633906634
KR_7676780824,KR,1749722757031,15.12.688.6522,420,100,blue,0,4947.4,42356.0,17,65,27.833333333333332,1521.7724550898204
KR_7676780824,KR,1749722757031,15.12.688.6522,420,200,red,1,5109.0,70397.0,27,53,27.833333333333332,2529.2335329341317
KR_7676832320,KR,1749725464744,15.12.688.6522,420,100,blue,0,585.2,1331.0,1,1,1.7333333333333336,767.8846153846152
KR_7676832320,KR,1749725464744,15.12.688.6522,420,200,red,1,518.2,697.0,0,0,1.7333333333333336,402.1153846153845
KR_7676851300,KR,1749726468589,15.12.688.6522,420,100,blue,1,5512.2,115630.0,47,61,28.45,4064.323374340949
KR_7676851300,KR,1749726468589,15.12.688.6522,420,200,red,0,4750.6,73089.0,18,59,28.45,2569.0333919156415
KR_7678850818,KR,1749873004317,15.12.688.6522,420,100,blue,1,4526.0,139513.0,36,86,33.25,4195.87969924812
KR_7678850818,KR,1749873004317,15.12.688.6522,420,200,red,0,4945.0,123151.0,27,63,33.25,3703.7894736842104
KR_7679143994,KR,1749888839978,15.12.688.6522,420,100,blue,0,4509.2,85686.0,20,57,31.78333333333334,2695.941269008914
KR_7679143994,KR,1749888839978,15.12.688.6522,420,200,red,1,5089.0,115862.0,27,77,31.78333333333334,3645.3696906135283
KR_7679196192,KR,1749891111323,15.12.688.6522,420,100,blue,0,5535.2,68848.0,22,60,27.28333333333334,2523.4453268173484
KR_7679196192,KR,1749891111323,15.12.688.6522,420,200,red,1,6345.0,117969.0,38,63,27.28333333333334,4323.8485033598035
KR_7679250043,KR,1749893682543,15.12.688.6522,420,100,blue,0,5079.6,114236.0,29,67,30.18333333333333,3784.7377139701825
KR_7679250043,KR,1749893682543,15.12.688.6522,420,200,red,1,6269.8,143808.0,43,71,30.18333333333333,4764.483710657096
KR_7679284785,KR,1749895815366,15.12.688.6522,420,100,blue,1,5805.6,107125.0,39,54,25.55,4192.759295499021
KR_7679284785,KR,1749895815366,15.12.688.6522,420,200,red,0,5178.2,74140.0,17,57,25.55,2901.761252446184
KR_7679789093,KR,1749913828122,15.12.688.6522,420,100,blue,1,6234.0,68550.0,26,52,20.183333333333334,3396.3666391412057
KR_7679789093,KR,1749913828122,15.12.688.6522,420,200,red,0,5161.2,41643.0,11,48,20.183333333333334,2063.2369942196533
KR_7679825655,KR,1749915385709,15.12.688.6522,420,100,blue,0,4892.8,71650.0,10,53,25.733333333333338,2784.326424870466
KR_7679825655,KR,1749915385709,15.12.688.6522,420,200,red,1,5883.8,121476.0,32,49,25.733333333333338,4720.569948186528
KR_7679882520,KR,1749917245295,15.12.688.6522,420,100,blue,1,5938.6,66694.0,25,56,21.783333333333335,3061.6985462892117
KR_7679882520,KR,1749917245295,15.12.688.6522,420,200,red,0,5387.4,58602.0,15,53,21.783333333333335,2690.221882172915
KR_7684654826,KR,1750304804679,15.12.688.6522,420,100,blue,0,5507.8,123369.0,30,60,29.666666666666668,4158.505617977528
KR_7684654826,KR,1750304804679,15.12.688.6522,420,200,red,1,5865.8,136131.0,47,73,29.666666666666668,4588.685393258427
KR_7684670915,KR,1750306898080,15.12.688.6522,420,100,blue,0,2310.0,8196.0,2,12,7.65,1071.3725490196077
KR_7684670915,KR,1750306898080,15.12.688.6522,420,200,red,1,2840.8,12685.0,9,10,7.65,1658.1699346405228
KR_7684679767,KR,1750307715241,15.12.688.6522,420,100,blue,1,5911.8,93281.0,33,53,26.45,3526.691871455577
KR_7684679767,KR,1750307715241,15.12.688.6522,420,200,red,0,5450.4,69210.0,16,60,26.45,2616.635160680529
KR_7684703415,KR,1750309634911,15.12.688.6522,420,100,blue,1,6572.6,49989.0,27,34,15.3,3267.254901960784
KR_7684703415,KR,1750309634911,15.12.688.6522,420,200,red,0,5035.4,36384.0,11,26,15.3,2378.0392156862745
KR_7684713712,KR,1750310906819,15.12.688.6522,420,100,blue,0,5524.4,122505.0,31,78,32.25,3798.6046511627906
KR_7684713712,KR,1750310906819,15.12.688.6522,420,200,red,1,5207.6,127230.0,28,79,32.25,3945.1162790697676
KR_7685588722,KR,1750380830422,15.12.688.6522,420,100,blue,0,5272.2,79193.0,12,75,28.95,2735.509499136442
KR_7685588722,KR,1750380830422,15.12.688.6522,420,200,red,1,5497.8,95101.0,27,78,28.95,3285.008635578584
KR_7685603671,KR,1750383040147,15.12.688.6522,420,100,blue,1,6036.6,71667.0,28,67,23.866666666666667,3002.8072625698323
KR_7685603671,KR,1750383040147,15.12.688.6522,420,200,red,0,4955.8,51980.0,12,47,23.866666666666667,2177.9329608938547
KR_7685619116,KR,1750384871667,15.12.688.6522,420,100,blue,0,5536.0,144334.0,47,74,38.68333333333333,3731.16760017234
KR_7685619116,KR,1750384871667,15.12.688.6522,420,200,red,1,5981.4,156429.0,49,101,38.68333333333333,4043.8345540715213
KR_7685639019,KR,1750387651720,15.12.688.6522,420,100,blue,0,5740.8,118492.0,26,79,31.35,3779.649122807017
KR_7685639019,KR,1750387651720,15.12.688.6522,420,200,red,1,5272.6,118192.0,35,86,31.35,3770.0797448165868
KR_7685651733,KR,1750389941235,15.12.688.6522,420,100,blue,0,4793.4,91854.0,13,60,30.1,3051.627906976744
KR_7685651733,KR,1750389941235,15.12.688.6522,420,200,red,1,5321.8,82242.0,19,71,30.1,2732.2923588039866
KR_7685670599,KR,1750392093654,15.12.688.6522,420,100,blue,0,4937.4,99624.0,22,78,30.93333333333333,3220.6034482758623
KR_7685670599,KR,1750392093654,15.12.688.6522,420,200,red,1,5067.8,104635.0,37,60,30.93333333333333,3382.596982758621
KR_7685991690,KR,1750414834844,15.12.688.6522,420,100,blue,1,5843.0,110744.0,36,66,27.68333333333333,4000.3853100541846
KR_7685991690,KR,1750414834844,15.12.688.6522,420,200,red,0,4872.4,87010.0,28,67,27.68333333333333,3143.0463576158945
KR_7686036002,KR,1750416870939,15.12.688.6522,420,100,blue,0,5203.0,75322.0,18,54,27.366666666666667,2752.326431181486
KR_7686036002,KR,1750416870939,15.12.688.6522,420,200,red,1,5525.8,90492.0,30,64,27.366666666666667,3306.650426309379
KR_7686144333,KR,1750421742698,15.12.688.6522,420,100,blue,1,5373.4,161889.0,39,90,34.95,4632.017167381974
KR_7686144333,KR,1750421742698,15.12.688.6522,420,200,red,0,5421.6,155098.0,27,79,34.95,4437.711015736766
KR_7686210629,KR,1750424231012,15.12.688.6522,420,100,blue,1,4901.0,117490.0,30,67,30.03333333333334,3911.986681465038
KR_7686210629,KR,1750424231012,15.12.688.6522,420,200,red,0,5998.0,121470.0,35,51,30.03333333333334,4044.506104328523
KR_7686279813,KR,1750426551448,15.12.688.6522,420,100,blue,0,5352.4,57212.0,15,47,23.45,2439.7441364605543
KR_7686279813,KR,1750426551448,15.12.688.6522,420,200,red,1,5847.0,82157.0,29,51,23.45,3503.496801705757
KR_7686336511,KR,1750428338066,15.12.688.6522,420,100,blue,0,5116.6,71059.0,14,52,23.233333333333334,3058.493543758967
KR_7686336511,KR,1750428338066,15.12.688.6522,420,200,red,1,6413.6,80331.0,34,55,23.233333333333334,3457.5753228120516
KR_7686401808,KR,1750430502894,15.12.688.6522,420,100,blue,1,5441.4,98675.0,38,42,25.05,3939.121756487026
KR_7686401808,KR,1750430502894,15.12.688.6522,420,200,red,0,5344.6,87518.0,21,62,25.05,3493.7325349301395
KR_7686887105,KR,1750475580981,15.12.688.6522,420,100,blue,0,5191.8,143873.0,30,94,35.65,4035.708274894811
KR_7686887105,KR,1750475580981,15.12.688.6522,420,200,red,1,5492.4,140024.0,42,74,35.65,3927.741935483871
KR_7686913809,KR,1750478202144,15.12.688.6522,420,100,blue,0,5464.6,60316.0,17,51,21.933333333333334,2749.969604863222
KR_7686913809,KR,1750478202144,15.12.688.6522,420,200,red,1,5218.8,73478.0,23,65,21.933333333333334,3350.060790273556
KR_7686939487,KR,1750479944519,15.12.688.6522,420,100,blue,1,5978.6,129798.0,44,81,30.4,4269.671052631579
KR_7686939487,KR,1750479944519,15.12.688.6522,420,200,red,0,5103.0,109082.0,25,69,30.4,3588.2236842105267
KR_7686972672,KR,1750482116766,15.12.688.6522,420,100,blue,0,5402.4,54988.0,13,43,23.0,2390.782608695652
KR_7686972672,KR,1750482116766,15.12.688.6522,420,200,red,1,5832.0,68458.0,25,51,23.0,2976.4347826086955
KR_7687005457,KR,1750483938153,15.12.688.6522,420,100,blue,0,5746.2,112600.0,30,69,30.266666666666662,3720.264317180617
KR_7687005457,KR,1750483938153,15.12.688.6522,420,200,red,1,5817.4,145859.0,32,79,30.266666666666662,4819.129955947137
KR_7688667820,KR,1750582242454,15.12.688.6522,420,100,blue,0,5641.0,155356.0,37,81,37.18333333333333,4178.108471537427
KR_7688667820,KR,1750582242454,15.12.688.6522,420,200,red,1,5873.4,165588.0,48,76,37.18333333333333,4453.285522187361
KR_7688724982,KR,1750584862331,15.12.688.6522,420,100,blue,0,5235.2,75014.0,17,53,25.333333333333332,2961.0789473684213
KR_7688724982,KR,1750584862331,15.12.688.6522,420,200,red,1,6221.2,94571.0,39,60,25.333333333333332,3733.065789473684
KR_7689045272,KR,1750597639670,15.12.688.6522,420,100,blue,0,5538.4,150674.0,39,80,34.983333333333334,4307.022391615054
KR_7689045272,KR,1750597639670,15.12.688.6522,420,200,red,1,6326.6,146188.0,50,71,34.983333333333334,4178.789899952358
KR_7689113538,KR,1750600058083,15.12.688.6522,420,100,blue,1,5049.8,83408.0,30,52,22.916666666666668,3639.621818181818
KR_7689113538,KR,1750600058083,15.12.688.6522,420,200,red,0,5138.2,57317.0,19,33,22.916666666666668,2501.1054545454544
KR_7689156904,KR,1750601787424,15.12.688.6522,420,100,blue,0,5226.8,113949.0,27,66,29.56666666666667,3853.9684329199545
KR_7689156904,KR,1750601787424,15.12.688.6522,420,200,red,1,5431.2,98979.0,36,71,29.56666666666667,3347.6550169109355
KR_7689215462,KR,1750603990681,15.12.688.6522,420,100,blue,1,5818.2,142628.0,42,69,33.233333333333334,4291.715145436308
KR_7689215462,KR,1750603990681,15.12.688.6522,420,200,red,0,5552.0,121814.0,36,78,33.233333333333334,3665.4162487462386
KR_7689265414,KR,1750606354004,15.12.688.6522,420,100,blue,1,651.4,812.0,1,0,1.9333333333333331,420.00000000000006
KR_7689265414,KR,1750606354004,15.12.688.6522,420,200,red,0,567.6,924.0,0,2,1.9333333333333331,477.93103448275866
KR_7689272657,KR,1750606812396,15.12.688.6522,420,100,blue,1,6093.0,137918.0,42,62,29.25,4715.145299145299
KR_7689272657,KR,1750606812396,15.12.688.6522,420,200,red,0,5208.4,109235.0,22,59,29.25,3734.5299145299145
KR_7689607512,KR,1750656552704,15.12.688.6522,420,100,blue,1,5058.0,76157.0,26,64,27.56666666666667,2762.6481257557434
KR_7689607512,KR,1750656552704,15.12.688.6522,420,200,red,0,5466.4,63495.0,14,72,27.56666666666667,2303.325272067714
KR_7689626802,KR,1750658534914,15.12.688.6522,420,100,blue,1,5733.8,105101.0,32,66,27.56666666666667,3812.611850060459
KR_7689626802,KR,1750658534914,15.12.688.6522,420,200,red,0,5415.8,92856.0,26,76,27.56666666666667,3368.4159613059246
KR_7689655579,KR,1750660717821,15.12.688.6522,420,100,blue,1,4706.4,111838.0,31,69,30.016666666666662,3725.8634092171023
KR_7689655579,KR,1750660717821,15.12.688.6522,420,200,red,0,5099.2,107545.0,22,70,30.016666666666662,3582.842865074959
KR_7689684591,KR,1750662969035,15.12.688.6522,420,100,blue,0,2535.2,12812.0,0,19,10.05,1274.8258706467661
KR_7689684591,KR,1750662969035,15.12.688.6522,420,200,red,1,4100.8,23463.0,15,13,10.05,2334.6268656716416
KR_7689695873,KR,1750663854029,15.12.688.6522,420,100,blue,1,6178.6,120804.0,52,66,27.9,4329.89247311828
KR_7689695873,KR,1750663854029,15.12.688.6522,420,200,red,0,5189.2,88861.0,24,64,27.9,3184.982078853047
KR_7689721941,KR,1750665817836,15.12.688.6522,420,100,blue,1,5418.6,148612.0,41,86,35.55,4180.3656821378345
KR_7689721941,KR,1750665817836,15.12.688.6522,420,200,red,0,5799.4,116661.0,35,102,35.55,3281.6033755274266
KR_7689908762,KR,1750677630194,15.12.688.6522,420,100,blue,0,4657.8,77432.0,18,68,30.06666666666667,2575.343680709534
KR_7689908762,KR,1750677630194,15.12.688.6522,420,200,red,1,5867.4,121864.0,36,75,30.06666666666667,4053.126385809312
KR_7691975368,KR,1750853716243,15.13.691.9951,420,100,blue,1,5691.2,112931.0,35,60,30.483333333333338,3704.6801530891194
KR_7691975368,KR,1750853716243,15.13.691.9951,420,200,red,0,4516.4,89772.0,18,56,30.483333333333338,2944.953526517222
KR_7692027656,KR,1750856001307,15.13.691.9951,420,100,blue,1,5636.4,85131.0,36,51,25.1,3391.6733067729083
KR_7692027656,KR,1750856001307,15.13.691.9951,420,200,red,0,4559.6,64588.0,14,39,25.1,2573.227091633466
KR_7692078523,KR,1750857917330,15.13.691.9951,420,100,blue,0,4863.2,170305.0,34,98,38.11666666666667,4467.993003935287
KR_7692078523,KR,1750857917330,15.13.691.9951,420,200,red,1,4772.6,150658.0,40,71,38.11666666666667,3952.5491910800174
KR_7693488211,KR,1750990218547,15.13.693.1306,420,100,blue,0,4839.8,85034.0,17,73,29.46666666666666,2885.7692307692314
KR_7693488211,KR,1750990218547,15.13.693.1306,420,200,red,1,4961.2,114371.0,36,87,29.46666666666666,3881.3687782805437
KR_7693495898,KR,1750992446797,15.13.693.1306,420,100,blue,1,6170.2,29396.0,16,32,15.283333333333335,1923.4023991275897
KR_7693495898,KR,1750992446797,15.13.693.1306,420,200,red,0,4793.8,23762.0,5,25,15.283333333333335,1554.7655398037075
KR_7693506789,KR,1750993698525,15.13.693.1306,420,100,blue,0,4667.0,61628.0,12,41,26.68333333333333,2309.606495940038
KR_7693506789,KR,1750993698525,15.13.693.1306,420,200,red,1,5045.0,89709.0,28,61,26.68333333333333,3361.9862585883825
KR_7693526497,KR,1750995833440,15.13.693.1306,420,100,blue,0,4627.0,26017.0,1,39,18.983333333333334,1370.5179982440736
KR_7693526497,KR,1750995833440,15.13.693.1306,420,200,red,1,5729.2,44953.0,18,44,18.983333333333334,2368.0245829675155
KR_7693543320,KR,1750997641874,15.13.693.1306,420,100,blue,1,5323.2,103357.0,31,66,27.233333333333338,3795.2386780905745
KR_7693543320,KR,1750997641874,15.13.693.1306,420,200,red,0,5091.0,83425.0,16,71,27.233333333333338,3063.3414932680535
KR_7694879228,KR,1751095297021,15.13.693.4876,420,100,blue,1,5680.8,105605.0,36,71,25.93333333333333,4072.1722365038568
KR_7694879228,KR,1751095297021,15.13.693.4876,420,200,red,0,4761.8,81188.0,13,65,25.93333333333333,3130.6426735218515
KR_7694914737,KR,1751097245291,15.13.693.4876,420,100,blue,0,4788.0,30303.0,7,24,15.183333333333334,1995.8068057080131
KR_7694914737,KR,1751097245291,15.13.693.4876,420,200,red,1,6952.2,41169.0,21,28,15.183333333333334,2711.4599341383096
KR_7694934774,KR,1751098231089,15.13.693.4876,420,100,blue,0,522.6,608.0,0,2,1.8,337.77777777777777
KR_7694934774,KR,1751098231089,15.13.693.4876,420,200,red,1,538.4,341.0,0,2,1.8,189.44444444444443
KR_7694942498,KR,1751098582462,15.13.693.4876,420,100,blue,1,6235.8,84253.0,32,71,27.1,3108.9667896678966
KR_7694942498,KR,1751098582462,15.13.693.4876,420,200,red,0,5054.2,82866.0,15,63,27.1,3057.7859778597785
KR_7694950879,KR,1751099117616,15.13.693.4876,420,100,blue,0,4731.0,121131.0,34,65,35.75,3388.27972027972
KR_7694950879,KR,1751099117616,15.13.693.4876,420,200,red,1,6093.4,186429.0,55,53,35.75,5214.797202797203
KR_7695009301,KR,1751101784294,15.13.693.4876,420,100,blue,0,5222.4,137931.0,29,68,37.233333333333334,3704.503133393017
KR_7695009301,KR,1751101784294,15.13.693.4876,420,200,red,1,5611.0,142223.0,47,90,37.233333333333334,3819.7761862130706
KR_7695060194,KR,1751104404991,15.13.693.4876,420,100,blue,1,5504.8,138953.0,40,44,29.85,4655.041876046901
KR_7695060194,KR,1751104404991,15.13.693.4876,420,200,red,0,5485.4,109770.0,33,56,29.85,3677.386934673367
KR_7695170964,KR,1751110229847,15.13.693.4876,420,100,blue,1,5493.4,195455.0,37,87,42.45,4604.358068315665
KR_7695170964,KR,1751110229847,15.13.693.4876,420,200,red,0,4826.8,164035.0,38,123,42.45,3864.193168433451
KR_7695232985,KR,1751112824290,15.13.693.4876,420,100,blue,0,5785.2,95006.0,23,46,24.466666666666665,3883.0790190735697
KR_7695232985,KR,1751112824290,15.13.693.4876,420,200,red,1,5837.6,96293.0,43,52,24.466666666666665,3935.681198910082
KR_7695244640,KR,1751113213313,15.13.693.4876,420,100,blue,0,4594.0,73229.0,14,50,25.8,2838.333333333333
KR_7695244640,KR,1751113213313,15.13.693.4876,420,200,red,1,5876.4,115566.0,47,60,25.8,4479.302325581395
KR_7695684661,KR,1751129889038,15.13.693.4876,420,100,blue,0,4431.0,28481.0,9,26,17.5,1627.4857142857143
KR_7695684661,KR,1751129889038,15.13.693.4876,420,200,red,1,5107.0,50861.0,21,33,17.5,2906.342857142857
KR_7695714462,KR,1751131449093,15.13.693.4876,420,100,blue,1,5790.2,102421.0,41,59,26.616666666666667,3848.0025046963056
KR_7695714462,KR,1751131449093,15.13.693.4876,420,200,red,0,4900.2,86750.0,26,61,26.616666666666667,3259.2360676268004
KR_7696303786,KR,1751186077224,15.13.693.4876,420,100,blue,1,5600.0,59285.0,17,60,23.5,2522.7659574468084
KR_7696303786,KR,1751186077224,15.13.693.4876,420,200,red,0,4527.2,38422.0,9,42,23.5,1634.9787234042553
KR_7696340863,KR,1751187820445,15.13.693.4876,420,100,blue,1,5564.6,141995.0,45,71,27.583333333333332,5147.85498489426
KR_7696340863,KR,1751187820445,15.13.693.4876,420,200,red,0,5594.8,111025.0,24,63,27.583333333333332,4025.0755287009065
KR_7699471447,KR,1751446679225,15.13.693.4876,420,100,blue,0,5419.8,141395.0,37,97,34.833333333333336,4059.186602870813
KR_7699471447,KR,1751446679225,15.13.693.4876,420,200,red,1,5477.8,138523.0,29,103,34.833333333333336,3976.736842105263
KR_7699519835,KR,1751450065926,15.13.693.4876,420,100,blue,0,5715.8,127104.0,40,59,28.4,4475.492957746479
KR_7699519835,KR,1751450065926,15.13.693.4876,420,200,red,1,5865.0,121963.0,35,62,28.4,4294.471830985915
KR_7699566906,KR,1751453083767,15.13.693.4876,420,100,blue,0,5099.0,66140.0,17,46,20.633333333333333,3205.4927302100164
KR_7699566906,KR,1751453083767,15.13.693.4876,420,200,red,1,6053.2,74722.0,27,48,20.633333333333333,3621.4216478190633
KR_7699611072,KR,1751455008311,15.13.693.4876,420,100,blue,1,5420.6,169993.0,43,101,38.65,4398.266494178525
KR_7699611072,KR,1751455008311,15.13.693.4876,420,200,red,0,4691.2,123670.0,23,93,38.65,3199.7412677878397
KR_7699669053,KR,1751457827444,15.13.693.4876,420,100,blue,1,5181.2,170322.0,38,68,37.5,4541.92
KR_7699669053,KR,1751457827444,15.13.693.4876,420,200,red,0,4884.6,174338.0,35,81,37.5,4649.013333333333
KR_7699727664,KR,1751460574299,15.13.693.4876,420,100,blue,1,5451.6,124273.0,37,42,26.43333333333333,4701.3745271122325
KR_7699727664,KR,1751460574299,15.13.693.4876,420,200,red,0,5172.0,95752.0,25,54,26.43333333333333,3622.395964691047
KR_7701283441,KR,1751600527929,15.13.693.4876,420,100,blue,0,4968.4,108167.0,22,80,35.416666666666664,3054.1270588235298
KR_7701283441,KR,1751600527929,15.13.693.4876,420,200,red,1,4631.8,133801.0,36,88,35.416666666666664,3777.910588235294
KR_7701317050,KR,1751603034126,15.13.693.4876,420,100,blue,1,6246.4,79740.0,35,31,21.583333333333332,3694.5173745173747
KR_7701317050,KR,1751603034126,15.13.693.4876,420,200,red,0,5331.4,60531.0,16,29,21.583333333333332,2804.5250965250966
KR_7701456838,KR,1751612610854,15.13.693.4876,420,100,blue,0,5124.8,119709.0,20,73,28.81666666666667,4154.158473105841
KR_7701456838,KR,1751612610854,15.13.693.4876,420,200,red,1,5798.4,139759.0,39,66,28.81666666666667,4849.936379410063
KR_7701683134,KR,1751624672320,15.13.693.4876,420,100,blue,0,4518.8,47691.0,12,23,18.4,2591.9021739130435
KR_7701683134,KR,1751624672320,15.13.693.4876,420,200,red,1,5780.4,64489.0,36,29,18.4,3504.8369565217395
KR_7701708670,KR,1751626323320,15.13.693.4876,420,100,blue,1,4731.8,168916.0,38,126,46.35,3644.358144552319
KR_7701708670,KR,1751626323320,15.13.693.4876,420,200,red,0,5681.8,158561.0,38,106,46.35,3420.9492988133766
KR_7701781288,KR,1751629412122,15.13.693.4876,420,100,blue,1,5848.8,82898.0,33,44,22.616666666666667,3665.3500368459836
KR_7701781288,KR,1751629412122,15.13.693.4876,420,200,red,0,5119.6,50407.0,15,41,22.616666666666667,2228.7546057479735
KR_7702190771,KR,1751643729530,15.13.693.4876,420,100,blue,0,4643.6,24843.0,7,16,16.433333333333334,1511.7444219066938
KR_7702190771,KR,1751643729530,15.13.693.4876,420,200,red,1,4701.6,24420.0,7,30,16.433333333333334,1486.0040567951319
KR_7704396957,KR,1751792121576,15.13.693.4876,420,100,blue,0,4863.2,87542.0,23,51,30.78333333333334,2843.811586356253
KR_7704396957,KR,1751792121576,15.13.693.4876,420,200,red,1,5601.4,115211.0,33,75,30.78333333333334,3742.642122360584
KR_7704453375,KR,1751794361671,15.13.693.4876,420,100,blue,1,5171.8,100557.0,31,60,29.1,3455.567010309278
KR_7704453375,KR,1751794361671,15.13.693.4876,420,200,red,0,4434.0,50671.0,8,49,29.1,1741.2714776632301
KR_7704503146,KR,1751796422094,15.13.693.4876,420,100,blue,1,4781.6,116188.0,27,65,30.05,3866.4891846921796
KR_7704503146,KR,1751796422094,15.13.693.4876,420,200,red,0,4630.4,78275.0,15,48,30.05,2604.8252911813643
KR_7704548780,KR,1751798674315,15.13.693.4876,420,100,blue,0,5305.6,91205.0,30,61,29.016666666666662,3143.1935669155664
KR_7704548780,KR,1751798674315,15.13.693.4876,420,200,red,1,5274.4,113570.0,40,51,29.016666666666662,3913.9574956921315
KR_7704759608,KR,1751806299934,15.13.693.4876,420,100,blue,1,5612.2,150367.0,49,80,34.21666666666667,4394.5543107647345
KR_7704759608,KR,1751806299934,15.13.693.4876,420,200,red,0,5191.6,119515.0,32,93,34.21666666666667,3492.8884559181683
KR_7704825959,KR,1751808621008,15.13.693.4876,420,100,blue,1,5765.6,159041.0,44,100,32.333333333333336,4918.793814432989
KR_7704825959,KR,1751808621008,15.13.693.4876,420,200,red,0,5598.2,100932.0,24,72,32.333333333333336,3121.60824742268
KR_7704906373,KR,1751811335104,15.13.693.4876,420,100,blue,0,5183.8,84857.0,21,91,31.4,2702.4522292993634
KR_7704906373,KR,1751811335104,15.13.693.4876,420,200,red,1,5899.2,112227.0,31,92,31.4,3574.108280254777
KR_7706577287,KR,1751965236737,15.13.693.4876,420,100,blue,1,5615.0,42484.0,20,33,16.25,2614.4
KR_7706577287,KR,1751965236737,15.13.693.4876,420,200,red,0,5000.8,38038.0,10,37,16.25,2340.8
KR_7706598442,KR,1751966622668,15.13.693.4876,420,100,blue,0,4597.4,148373.0,31,109,38.63333333333333,3840.5435720448663
KR_7706598442,KR,1751966622668,15.13.693.4876,420,200,red,1,5345.2,122138.0,33,109,38.63333333333333,3161.466781708369
KR_7706644385,KR,1751969417472,15.13.693.4876,420,100,blue,1,5007.6,217579.0,49,86,40.0,5439.475
KR_7706644385,KR,1751969417472,15.13.693.4876,420,200,red,0,5271.8,183193.0,42,97,40.0,4579.825
KR_7706729625,KR,1751973994506,15.13.693.4876,420,100,blue,1,5105.8,120015.0,31,59,28.35,4233.333333333333
KR_7706729625,KR,1751973994506,15.13.693.4876,420,200,red,0,5219.2,88720.0,19,66,28.35,3129.453262786596
KR_7707735565,KR,1752060258372,15.13.693.4876,420,100,blue,0,5354.6,126619.0,34,56,31.95,3963.035993740219
KR_7707735565,KR,1752060258372,15.13.693.4876,420,200,red,1,5333.8,130694.0,35,53,31.95,4090.5790297339595
KR_7707790830,KR,1752062804971,15.13.693.4876,420,100,blue,0,4572.4,46563.0,14,42,24.566666666666666,1895.3731343283582
KR_7707790830,KR,1752062804971,15.13.693.4876,420,200,red,1,5308.4,70865.0,21,46,24.566666666666666,2884.599728629579
KR_7707836494,KR,1752064575060,15.13.693.4876,420,100,blue,1,5565.0,169027.0,44,78,32.36666666666667,5222.255406797116
KR_7707836494,KR,1752064575060,15.13.693.4876,420,200,red,0,5106.0,122331.0,35,56,32.36666666666667,3779.536560247168
KR_7708814257,KR,1752150157352,15.13.693.4876,420,100,blue,1,5169.6,159382.0,41,109,41.06666666666667,3881.0551948051943
KR_7708814257,KR,1752150157352,15.13.693.4876,420,200,red,0,5094.6,176518.0,40,85,41.06666666666667,4298.327922077921
KR_7708886093,KR,1752152962405,15.13.693.4876,420,100,blue,1,4796.2,118443.0,35,61,32.733333333333334,3618.4215885947046
KR_7708886093,KR,1752152962405,15.13.693.4876,420,200,red,0,5525.0,129858.0,38,74,32.733333333333334,3967.1486761710794
KR_7708945284,KR,1752155304544,15.13.693.4876,420,100,blue,1,5879.0,172438.0,55,81,38.0,4537.8421052631575
KR_7708945284,KR,1752155304544,15.13.693.4876,420,200,red,0,4361.0,158649.0,34,74,38.0,4174.973684210527
KR_7709325497,KR,1752197769575,15.13.693.4876,420,100,blue,0,5586.8,109967.0,23,89,34.21666666666667,3213.8431563565514
KR_7709325497,KR,1752197769575,15.13.693.4876,420,200,red,1,4738.2,148940.0,40,74,34.21666666666667,4352.849488553336
KR_7709343339,KR,1752200273774,15.13.693.4876,420,100,blue,1,5620.6,130907.0,45,81,29.45,4445.059422750424
KR_7709343339,KR,1752200273774,15.13.693.4876,420,200,red,0,5444.8,101036.0,25,49,29.45,3430.7640067911716
KR_7709358656,KR,1752202629707,15.13.693.4876,420,100,blue,1,5715.6,159649.0,48,50,34.03333333333333,4690.9598432908915
KR_7709358656,KR,1752202629707,15.13.693.4876,420,200,red,0,5121.2,126139.0,27,77,34.03333333333333,3706.3369245837416
KR_7709377563,KR,1752205002017,15.13.693.4876,420,100,blue,0,5436.6,65261.0,24,48,25.566666666666666,2552.5814863103
KR_7709377563,KR,1752205002017,15.13.693.4876,420,200,red,1,5553.8,84359.0,25,54,25.566666666666666,3299.5697522816167
KR_7715499584,KR,1752644346514,15.14.695.3589,420,100,blue,1,5398.0,135026.0,43,75,33.05,4085.5068078668687
KR_7715499584,KR,1752644346514,15.14.695.3589,420,200,red,0,5014.4,135780.0,30,74,33.05,4108.3207261724665
KR_7715545021,KR,1752646919657,15.14.695.3589,420,100,blue,1,5283.4,101509.0,30,49,27.25,3725.1009174311926
KR_7715545021,KR,1752646919657,15.14.695.3589,420,200,red,0,4492.0,58071.0,9,43,27.25,2131.045871559633
KR_7715797979,KR,1752662342359,15.14.695.3589,420,100,blue,1,510.2,950.0,0,2,1.7333333333333336,548.076923076923
KR_7715797979,KR,1752662342359,15.14.695.3589,420,200,red,0,510.2,776.0,0,1,1.7333333333333336,447.6923076923076
KR_7715810705,KR,1752662995692,15.14.695.3589,420,100,blue,1,5605.0,190559.0,40,70,34.6,5507.485549132948
KR_7715810705,KR,1752662995692,15.14.695.3589,420,200,red,0,5102.4,124792.0,30,44,34.6,3606.7052023121387
KR_7715840989,KR,1752664450110,15.14.695.3589,420,100,blue,1,5964.4,70139.0,28,39,22.416666666666668,3128.8773234200744
KR_7715840989,KR,1752664450110,15.14.695.3589,420,200,red,0,4686.0,52208.0,12,39,22.416666666666668,2328.981412639405
KR_7715872383,KR,1752665469404,15.14.695.3589,420,100,blue,1,5422.2,170751.0,48,75,35.46666666666667,4814.407894736842
KR_7715872383,KR,1752665469404,15.14.695.3589,420,200,red,0,5321.4,144452.0,34,62,35.46666666666667,4072.894736842105
KR_7715900593,KR,1752666734020,15.14.695.3589,420,100,blue,0,4911.6,79434.0,16,68,30.06666666666667,2641.9290465631925
KR_7715900593,KR,1752666734020,15.14.695.3589,420,200,red,1,5173.4,105665.0,32,56,30.06666666666667,3514.3569844789354
KR_7715936749,KR,1752668041539,15.14.695.3589,420,100,blue,1,5852.0,190427.0,48,54,32.55,5850.291858678956
KR_7715936749,KR,1752668041539,15.14.695.3589,420,200,red,0,5931.2,112639.0,28,66,32.55,3460.4915514592935
KR_7716004733,KR,1752670386123,15.14.695.3589,420,100,blue,0,5480.4,117729.0,33,55,33.583333333333336,3505.578163771712
KR_7716004733,KR,1752670386123,15.14.695.3589,420,200,red,1,4916.8,152779.0,41,72,33.583333333333336,4549.250620347394
KR_7720927761,KR,1752987578841,15.14.695.3589,420,100,blue,1,5406.4,44490.0,22,49,19.883333333333333,2237.5523889354567
KR_7720927761,KR,1752987578841,15.14.695.3589,420,200,red,0,4891.6,35019.0,7,42,19.883333333333333,1761.2238055322716
KR_7721147465,KR,1752996934270,15.14.695.3589,420,100,blue,0,5176.0,118119.0,29,89,33.15,3563.16742081448
KR_7721147465,KR,1752996934270,15.14.695.3589,420,200,red,1,5664.4,136110.0,36,51,33.15,4105.882352941177
KR_7722416496,KR,1753081379932,15.14.695.3589,420,100,blue,1,4734.8,150643.0,36,75,34.13333333333333,4413.369140625
KR_7722416496,KR,1753081379932,15.14.695.3589,420,200,red,0,4926.0,121744.0,27,68,34.13333333333333,3566.71875
KR_7722456295,KR,1753083752000,15.14.695.3589,420,100,blue,1,5513.4,110897.0,35,51,27.916666666666668,3972.4298507462686
KR_7722456295,KR,1753083752000,15.14.695.3589,420,200,red,0,4975.8,105218.0,17,66,27.916666666666668,3769.002985074627
KR_7723739612,KR,1753177891921,15.14.697.2104,420,100,blue,0,5828.2,93300.0,22,54,27.3,3417.5824175824173
KR_7723739612,KR,1753177891921,15.14.697.2104,420,200,red,1,5470.0,122321.0,40,60,27.3,4480.622710622711
KR_7724077583,KR,1753192178626,15.14.697.2104,420,100,blue,0,563.6,1087.0,0,0,1.9833333333333336,548.0672268907563
KR_7724077583,KR,1753192178626,15.14.697.2104,420,200,red,1,718.0,1209.0,2,1,1.9833333333333336,609.579831932773
KR_7724257749,KR,1753199389826,15.14.697.2104,420,100,blue,0,5173.0,50466.0,11,33,16.0,3154.125
KR_7724257749,KR,1753199389826,15.14.697.2104,420,200,red,1,5989.6,47210.0,23,30,16.0,2950.625
KR_7724285405,KR,1753200710273,15.14.697.2104,420,100,blue,1,6081.8,140747.0,50,84,30.15,4668.2255389718075
KR_7724285405,KR,1753200710273,15.14.697.2104,420,200,red,0,5864.6,119985.0,31,79,30.15,3979.6019900497513
KR_7725022289,KR,1753271267391,15.14.697.2104,420,100,blue,0,5391.8,86505.0,21,46,30.06666666666667,2877.1064301552105
KR_7725022289,KR,1753271267391,15.14.697.2104,420,200,red,1,5480.0,126458.0,37,67,30.06666666666667,4205.920177383591
KR_7725081030,KR,1753273651704,15.14.697.2104,420,100,blue,0,5116.0,116220.0,29,47,32.63333333333333,3561.3891726251277
KR_7725081030,KR,1753273651704,15.14.697.2104,420,200,red,1,5798.0,173228.0,57,82,32.63333333333333,5308.314606741573
KR_7725444826,KR,1753289478736,15.14.697.2104,420,100,blue,0,5016.6,104165.0,28,70,34.31666666666667,3035.405536668285
KR_7725444826,KR,1753289478736,15.14.697.2104,420,200,red,1,6032.0,125504.0,43,81,34.31666666666667,3657.2316658572117
KR_7725481224,KR,1753291963738,15.14.697.2104,420,100,blue,0,2944.4,10688.0,4,15,9.55,1119.1623036649214
KR_7725481224,KR,1753291963738,15.14.697.2104,420,200,red,1,3138.8,11304.0,4,13,9.55,1183.6649214659685
KR_7725494222,KR,1753293209786,15.14.697.2104,420,100,blue,0,4772.6,57838.0,12,59,25.416666666666668,2275.5934426229505
KR_7725494222,KR,1753293209786,15.14.697.2104,420,200,red,1,5444.6,74405.0,28,67,25.416666666666668,2927.4098360655735
KR_7725632446,KR,1753322148729,15.14.697.2104,420,100,blue,0,4795.4,78990.0,18,42,25.983333333333338,3040.025657472738
KR_7725632446,KR,1753322148729,15.14.697.2104,420,200,red,1,5680.6,103149.0,35,50,25.983333333333338,3969.813983322642
KR_7725652003,KR,1753324060099,15.14.697.2104,420,100,blue,0,5359.4,134003.0,32,56,36.63333333333333,3657.952684258417
KR_7725652003,KR,1753324060099,15.14.697.2104,420,200,red,1,5301.4,159181.0,45,75,36.63333333333333,4345.250227479527
KR_7726643269,KR,1753383456437,15.14.697.2104,420,100,blue,0,5296.6,49892.0,9,47,24.866666666666667,2006.3806970509384
KR_7726643269,KR,1753383456437,15.14.697.2104,420,200,red,1,5511.0,75555.0,24,66,24.866666666666667,3038.4048257372656
KR_7727052698,KR,1753431888258,15.14.697.2104,420,100,blue,1,5461.4,174334.0,46,77,35.333333333333336,4933.981132075472
KR_7727052698,KR,1753431888258,15.14.697.2104,420,200,red,0,5337.6,147152.0,36,58,35.333333333333336,4164.679245283019
KR_7727101141,KR,1753434580275,15.14.697.2104,420,100,blue,0,4752.6,72496.0,14,62,27.633333333333333,2623.4981905910736
KR_7727101141,KR,1753434580275,15.14.697.2104,420,200,red,1,5786.6,92332.0,29,82,27.633333333333333,3341.326899879373
KR_7727129378,KR,1753436676403,15.14.697.2104,420,100,blue,1,5416.8,118960.0,43,77,29.75,3998.655462184874
KR_7727129378,KR,1753436676403,15.14.697.2104,420,200,red,0,5050.8,92367.0,23,79,29.75,3104.7731092436975
KR_7727215441,KR,1753441529424,15.14.697.2104,420,100,blue,1,5811.4,122282.0,38,65,30.6,3996.143790849673
KR_7727215441,KR,1753441529424,15.14.697.2104,420,200,red,0,5074.2,89115.0,21,71,30.6,2912.254901960784
KR_7727265114,KR,1753443802710,15.14.697.2104,420,100,blue,0,5590.6,96136.0,28,62,30.35,3167.5782537067544
KR_7727265114,KR,1753443802710,15.14.697.2104,420,200,red,1,5678.2,120412.0,44,68,30.35,3967.446457990115
KR_7727315228,KR,1753445970453,15.14.697.2104,420,100,blue,1,5874.8,94765.0,39,61,27.31666666666667,3469.127516778523
KR_7727315228,KR,1753445970453,15.14.697.2104,420,200,red,0,5262.4,86603.0,24,68,27.31666666666667,3170.3355704697983
KR_7727365503,KR,1753447966460,15.14.697.2104,420,100,blue,1,5565.0,118259.0,36,71,28.31666666666667,4176.303708063566
KR_7727365503,KR,1753447966460,15.14.697.2104,420,200,red,0,5646.2,84704.0,28,64,28.31666666666667,2991.3125367863445
KR_7727425870,KR,1753450075343,15.14.697.2104,420,100,blue,1,6138.4,32035.0,10,36,15.633333333333331,2049.1471215351817
KR_7727425870,KR,1753450075343,15.14.697.2104,420,200,red,0,4386.8,16711.0,4,25,15.633333333333331,1068.9339019189767
KR_7727466357,KR,1753451298175,15.14.697.2104,420,100,blue,1,5470.2,85062.0,30,51,25.033333333333335,3397.9494007989347
KR_7727466357,KR,1753451298175,15.14.697.2104,420,200,red,0,5582.0,65064.0,14,54,25.033333333333335,2599.0945406125165
KR_7727518966,KR,1753453116162,15.14.697.2104,420,100,blue,1,5742.4,63240.0,28,53,23.233333333333334,2721.951219512195
KR_7727518966,KR,1753453116162,15.14.697.2104,420,200,red,0,4701.8,51357.0,9,46,23.233333333333334,2210.487804878049
KR_7728977170,KR,1753540578105,15.14.697.2104,420,100,blue,1,5257.4,119737.0,21,95,33.35,3590.3148425787103
KR_7728977170,KR,1753540578105,15.14.697.2104,420,200,red,0,5039.0,94791.0,25,72,33.35,2842.3088455772113
KR_7729043920,KR,1753542903481,15.14.697.2104,420,100,blue,1,5829.8,116630.0,36,76,29.55,3946.869712351946
KR_7729043920,KR,1753542903481,15.14.697.2104,420,200,red,0,4996.0,98025.0,30,60,29.55,3317.258883248731
KR_7729105924,KR,1753545001694,15.14.697.2104,420,100,blue,0,5501.0,107869.0,27,65,31.633333333333333,3409.9789251844045
KR_7729105924,KR,1753545001694,15.14.697.2104,420,200,red,1,5101.8,147305.0,37,75,31.633333333333333,4656.638566912539
KR_7729164347,KR,1753547202851,15.14.697.2104,420,100,blue,0,5249.4,88904.0,31,53,27.633333333333333,3217.273823884198
KR_7729164347,KR,1753547202851,15.14.697.2104,420,200,red,1,6297.6,113980.0,36,66,27.633333333333333,4124.728588661037
KR_7729207162,KR,1753549158640,15.14.697.2104,420,100,blue,1,6089.8,121130.0,40,68,34.6,3500.8670520231212
KR_7729207162,KR,1753549158640,15.14.697.2104,420,200,red,0,4969.8,126617.0,33,85,34.6,3659.450867052023
KR_7729253024,KR,1753551711138,15.14.697.2104,420,100,blue,0,5553.6,94202.0,21,58,29.7,3171.784511784512
KR_7729253024,KR,1753551711138,15.14.697.2104,420,200,red,1,5505.4,129646.0,37,81,29.7,4365.185185185185
KR_7737043572,KR,1754037612162,15.15.699.7589,420,100,blue,1,5605.6,130316.0,35,63,28.116666666666667,4634.831061055127
KR_7737043572,KR,1754037612162,15.15.699.7589,420,200,red,0,5964.6,136889.0,27,84,28.116666666666667,4868.606994665086
KR_7737093964,KR,1754039616132,15.15.699.7589,420,100,blue,1,6019.6,119072.0,36,78,30.28333333333334,3931.931755641166
KR_7737093964,KR,1754039616132,15.15.699.7589,420,200,red,0,5636.6,113024.0,30,97,30.28333333333334,3732.2179416620797
KR_7737155453,KR,1754041726298,15.15.699.7589,420,100,blue,0,5129.6,78706.0,16,50,26.03333333333334,3023.2778489116513
KR_7737155453,KR,1754041726298,15.15.699.7589,420,200,red,1,5682.0,92451.0,31,63,26.03333333333334,3551.254801536491
KR_7737211323,KR,1754043622064,15.15.699.7589,420,100,blue,0,5024.4,54479.0,11,59,24.566666666666666,2217.598371777476
KR_7737211323,KR,1754043622064,15.15.699.7589,420,200,red,1,5564.4,62157.0,20,58,24.566666666666666,2530.135685210312
KR_7737240386,KR,1754044691012,15.15.699.7589,420,100,blue,1,5463.0,153201.0,44,87,34.25,4473.021897810219
KR_7737240386,KR,1754044691012,15.15.699.7589,420,200,red,0,5957.8,108618.0,23,71,34.25,3171.3284671532847
KR_7737271385,KR,1754045773516,15.15.699.7589,420,100,blue,1,5321.2,130019.0,31,96,36.35,3576.8638239339753
KR_7737271385,KR,1754045773516,15.15.699.7589,420,200,red,0,5468.0,147356.0,35,83,36.35,4053.810178817056
KR_7737316238,KR,1754047214196,15.15.699.7589,420,100,blue,0,5354.0,160380.0,45,80,38.13333333333333,4205.7692307692305
KR_7737316238,KR,1754047214196,15.15.699.7589,420,200,red,1,5843.2,165748.0,44,75,38.13333333333333,4346.538461538462
KR_7737348742,KR,1754048307165,15.15.699.7589,420,100,blue,0,5835.8,154569.0,35,87,34.416666666666664,4491.108958837773
KR_7737348742,KR,1754048307165,15.15.699.7589,420,200,red,1,5906.2,161147.0,44,71,34.416666666666664,4682.237288135593
KR_7737363919,KR,1754048881795,15.15.699.7589,420,100,blue,0,5629.6,109175.0,27,88,34.1,3201.6129032258063
KR_7737363919,KR,1754048881795,15.15.699.7589,420,200,red,1,5620.6,166395.0,43,93,34.1,4879.618768328445
KR_7737404288,KR,1754049922950,15.15.699.7589,420,100,blue,1,5048.4,111989.0,40,59,28.05,3992.4777183600713
KR_7737404288,KR,1754049922950,15.15.699.7589,420,200,red,0,5299.4,100844.0,20,54,28.05,3595.151515151515
KR_7737435225,KR,1754050758360,15.15.699.7589,420,100,blue,0,4769.2,56442.0,16,29,23.75,2376.5052631578947
KR_7737435225,KR,1754050758360,15.15.699.7589,420,200,red,1,5897.2,82307.0,38,44,23.75,3465.557894736842
KR_7737457038,KR,1754051220048,15.15.699.7589,420,100,blue,1,6045.0,95454.0,26,68,28.516666666666662,3347.3056691992992
KR_7737457038,KR,1754051220048,15.15.699.7589,420,200,red,0,4906.8,67846.0,15,86,28.516666666666662,2379.17007597896
KR_7737482314,KR,1754051960172,15.15.699.7589,420,100,blue,1,6130.6,128969.0,43,71,29.616666666666667,4354.608891389983
KR_7737482314,KR,1754051960172,15.15.699.7589,420,200,red,0,5128.8,116952.0,33,73,29.616666666666667,3948.8576252110297
KR_7737509344,KR,1754052668011,15.15.699.7589,420,100,blue,0,5348.2,123275.0,27,75,34.46666666666667,3576.644100580271
KR_7737509344,KR,1754052668011,15.15.699.7589,420,200,red,1,5513.2,130628.0,38,84,34.46666666666667,3789.980657640232
KR_7737567310,KR,1754054050772,15.15.699.7589,420,100,blue,0,5386.4,114697.0,25,73,34.15,3358.6237188872624
KR_7737567310,KR,1754054050772,15.15.699.7589,420,200,red,1,5561.2,130109.0,44,70,34.15,3809.926793557833
KR_7738058362,KR,1754066274879,15.15.699.7589,420,100,blue,0,5105.0,71258.0,15,59,26.983333333333338,2640.8153180975905
KR_7738058362,KR,1754066274879,15.15.699.7589,420,200,red,1,5701.8,113200.0,42,84,26.983333333333338,4195.182211241507
KR_7738110780,KR,1754068308522,15.15.699.7589,420,100,blue,0,5411.8,82950.0,21,62,25.566666666666666,3244.4589308996087
KR_7738110780,KR,1754068308522,15.15.699.7589,420,200,red,1,6016.0,111902.0,41,55,25.566666666666666,4376.870925684485
KR_7738156659,KR,1754070274429,15.15.699.7589,420,100,blue,1,6159.2,61738.0,27,57,22.516666666666666,2741.880088823094
KR_7738156659,KR,1754070274429,15.15.699.7589,420,200,red,0,4638.2,46823.0,6,50,22.516666666666666,2079.481865284974
KR_7738188890,KR,1754072024793,15.15.699.7589,420,100,blue,1,4877.8,119452.0,30,69,32.13333333333333,3717.3858921161827
KR_7738188890,KR,1754072024793,15.15.699.7589,420,200,red,0,5312.0,123615.0,28,83,32.13333333333333,3846.9398340248963
KR_7738801416,KR,1754114615175,15.15.699.7589,420,100,blue,0,5469.0,96573.0,21,56,30.43333333333333,3173.2639649507123
KR_7738801416,KR,1754114615175,15.15.699.7589,420,200,red,1,5270.0,132379.0,31,61,30.43333333333333,4349.802847754656
KR_7738871240,KR,1754116920601,15.15.699.7589,420,100,blue,1,5496.8,142457.0,42,70,29.81666666666667,4777.764114030184
KR_7738871240,KR,1754116920601,15.15.699.7589,420,200,red,0,6044.6,131654.0,37,57,29.81666666666667,4415.449972051425
KR_7738954045,KR,1754119433405,15.15.699.7589,420,100,blue,1,6037.0,92258.0,37,53,24.883333333333333,3707.622237106497
KR_7738954045,KR,1754119433405,15.15.699.7589,420,200,red,0,5350.2,68185.0,18,64,24.883333333333333,2740.187541862023
KR_7739010173,KR,1754121270794,15.15.699.7589,420,100,blue,0,5647.6,66998.0,22,45,22.666666666666668,2955.7941176470586
KR_7739010173,KR,1754121270794,15.15.699.7589,420,200,red,1,6026.2,79690.0,32,56,22.666666666666668,3515.735294117647
KR_7739069041,KR,1754123038826,15.15.699.7589,420,100,blue,0,5060.2,54805.0,13,54,22.233333333333334,2464.9925037481257
KR_7739069041,KR,1754123038826,15.15.699.7589,420,200,red,1,5253.8,68858.0,26,43,22.233333333333334,3097.061469265367
KR_7739132205,KR,1754125110139,15.15.699.7589,420,100,blue,0,4499.6,30543.0,7,30,15.183333333333334,2011.6136114160263
KR_7739132205,KR,1754125110139,15.15.699.7589,420,200,red,1,6529.2,48122.0,22,37,15.183333333333334,3169.396267837541
KR_7740268297,KR,1754156799570,15.15.699.7589,420,100,blue,0,4730.8,78434.0,17,71,26.96666666666666,2908.553770086527
KR_7740268297,KR,1754156799570,15.15.699.7589,420,200,red,1,5676.0,105153.0,30,51,26.96666666666666,3899.3695920889995
KR_7740311046,KR,1754158813549,15.15.699.7589,420,100,blue,1,5579.4,115744.0,33,67,29.43333333333333,3932.412231030578
KR_7740311046,KR,1754158813549,15.15.699.7589,420,200,red,0,5449.8,93669.0,23,56,29.43333333333333,3182.412231030578
KR_7743550919,KR,1754309258660,15.15.699.7589,420,100,blue,1,4988.8,95983.0,27,71,28.45,3373.743409490334
KR_7743550919,KR,1754309258660,15.15.699.7589,420,200,red,0,5280.6,89846.0,25,61,28.45,3158.031634446397
KR_7743635379,KR,1754311383023,15.15.699.7589,420,100,blue,0,5054.8,34337.0,10,45,17.283333333333335,1986.7116682738667
KR_7743635379,KR,1754311383023,15.15.699.7589,420,200,red,1,6358.4,50444.0,23,42,17.283333333333335,2918.649951783992
KR_7743693102,KR,1754312692921,15.15.699.7589,420,100,blue,1,5966.8,86254.0,34,46,24.1,3579.004149377593
KR_7743693102,KR,1754312692921,15.15.699.7589,420,200,red,0,4796.6,65271.0,17,32,24.1,2708.3402489626556
KR_7743762674,KR,1754314379219,15.15.699.7589,420,100,blue,1,5498.6,155332.0,41,63,28.75,5402.852173913044
KR_7743762674,KR,1754314379219,15.15.699.7589,420,200,red,0,5080.8,118629.0,20,53,28.75,4126.226086956522
KR_7745124071,KR,1754389563197,15.15.701.6241,420,100,blue,0,4758.4,82716.0,10,66,28.71666666666666,2880.417875798027
KR_7745124071,KR,1754389563197,15.15.701.6241,420,200,red,1,5094.2,98251.0,33,83,28.71666666666666,3421.3929193267563
KR_7745186931,KR,1754391965470,15.15.701.6241,420,100,blue,0,5118.0,94853.0,20,78,29.233333333333338,3244.6864310148226
KR_7745186931,KR,1754391965470,15.15.701.6241,420,200,red,1,5232.0,120740.0,36,90,29.233333333333338,4130.216647662485
KR_7745262599,KR,1754394179462,15.15.701.6241,420,100,blue,1,5374.6,114827.0,35,82,28.516666666666662,4026.662770309761
KR_7745262599,KR,1754394179462,15.15.701.6241,420,200,red,0,5851.0,114521.0,31,58,28.516666666666662,4015.932203389831
KR_7745337391,KR,1754396227983,15.15.701.6241,420,100,blue,1,6667.6,127957.0,41,76,27.21666666666666,4701.420698101654
KR_7745337391,KR,1754396227983,15.15.701.6241,420,200,red,0,6588.4,101440.0,34,63,27.21666666666666,3727.1279853031238
KR_7745468152,KR,1754399502418,15.15.701.6241,420,100,blue,0,6304.4,133272.0,38,91,37.5,3553.92
KR_7745468152,KR,1754399502418,15.15.701.6241,420,200,red,1,5935.4,171068.0,47,120,37.5,4561.8133333333335
KR_7745573364,KR,1754402050856,15.15.701.6241,420,100,blue,1,5384.4,79664.0,27,47,23.633333333333333,3370.8321579689705
KR_7745573364,KR,1754402050856,15.15.701.6241,420,200,red,0,5328.8,62667.0,16,52,23.633333333333333,2651.63610719323
KR_7746627414,KR,1754465810327,15.15.701.6241,420,100,blue,1,5760.2,119046.0,41,54,28.866666666666667,4123.995381062356
KR_7746627414,KR,1754465810327,15.15.701.6241,420,200,red,0,4675.2,81921.0,22,68,28.866666666666667,2837.9099307159354
KR_7746677755,KR,1754467911181,15.15.701.6241,420,100,blue,0,5571.4,145910.0,41,87,34.266666666666666,4258.07392996109
KR_7746677755,KR,1754467911181,15.15.701.6241,420,200,red,1,4764.2,158178.0,45,68,34.266666666666666,4616.089494163424
KR_7746744281,KR,1754470468225,15.15.701.6241,420,100,blue,1,5432.8,101334.0,38,50,29.06666666666667,3486.2614678899076
KR_7746744281,KR,1754470468225,15.15.701.6241,420,200,red,0,5337.4,75277.0,22,53,29.06666666666667,2589.8050458715593
KR_7746971594,KR,1754479003402,15.15.701.6241,420,100,blue,0,5586.6,127312.0,39,82,33.85,3761.063515509601
KR_7746971594,KR,1754479003402,15.15.701.6241,420,200,red,1,4882.2,152576.0,37,61,33.85,4507.415066469719
KR_7747053276,KR,1754481433039,15.15.701.6241,420,100,blue,0,4580.6,36879.0,7,26,17.45,2113.4097421203437
KR_7747053276,KR,1754481433039,15.15.701.6241,420,200,red,1,5541.6,47490.0,18,33,17.45,2721.489971346705
KR_7747474922,KR,1754492356858,15.15.701.6241,420,100,blue,0,5596.8,128183.0,33,85,33.13333333333333,3868.7022132796783
KR_7747474922,KR,1754492356858,15.15.701.6241,420,200,red,1,6040.6,173868.0,46,86,33.13333333333333,5247.525150905432
KR_7747555342,KR,1754494662203,15.15.701.6241,420,100,blue,0,4804.0,52929.0,11,48,24.216666666666665,2185.643496214728
KR_7747555342,KR,1754494662203,15.15.701.6241,420,200,red,1,5982.8,87035.0,28,52,24.216666666666665,3594.0123881624227
KR_7747616198,KR,1754496802238,15.15.701.6241,420,100,blue,1,5431.0,102163.0,27,78,28.8,3547.3263888888887
KR_7747616198,KR,1754496802238,15.15.701.6241,420,200,red,0,5326.0,68111.0,18,74,28.8,2364.965277777778
KR_7747707328,KR,1754501166930,15.15.701.6241,420,100,blue,1,6075.0,128160.0,49,58,26.833333333333332,4776.149068322981
KR_7747707328,KR,1754501166930,15.15.701.6241,420,200,red,0,5029.2,92693.0,14,58,26.833333333333332,3454.3975155279504
KR_7747735863,KR,1754503237960,15.15.701.6241,420,100,blue,1,5790.8,116122.0,36,57,29.05,3997.314974182444
KR_7747735863,KR,1754503237960,15.15.701.6241,420,200,red,0,5874.2,100648.0,31,71,29.05,3464.647160068847
KR_7752219294,KR,1754733898403,15.15.701.6241,420,100,blue,0,4876.0,75772.0,13,41,23.083333333333332,3282.5415162454874
KR_7752219294,KR,1754733898403,15.15.701.6241,420,200,red,1,5084.8,75357.0,21,64,23.083333333333332,3264.563176895307
KR_7753826483,KR,1754804138812,15.15.701.6241,420,100,blue,1,5231.2,162399.0,40,110,39.833333333333336,4076.9623430962342
KR_7753826483,KR,1754804138812,15.15.701.6241,420,200,red,0,5660.6,152141.0,32,111,39.833333333333336,3819.439330543933
KR_7753918346,KR,1754806975342,15.15.701.6241,420,100,blue,0,4818.4,90211.0,11,67,30.05,3002.0299500831948
KR_7753918346,KR,1754806975342,15.15.701.6241,420,200,red,1,5071.6,123493.0,26,80,30.05,4109.584026622296
KR_7753995002,KR,1754809125345,15.15.701.6241,420,100,blue,1,6630.6,66680.0,31,46,18.833333333333332,3540.5309734513276
KR_7753995002,KR,1754809125345,15.15.701.6241,420,200,red,0,4893.4,50374.0,9,40,18.833333333333332,2674.7256637168143
KR_7754077340,KR,1754811546448,15.15.701.6241,420,100,blue,0,5242.8,52401.0,11,64,26.78333333333334,1956.4779091474793
KR_7754077340,KR,1754811546448,15.15.701.6241,420,200,red,1,5464.6,77998.0,28,67,26.78333333333334,2912.1841941505904
KR_7754199411,KR,1754815138413,15.15.701.6241,420,100,blue,0,5348.4,140264.0,26,86,34.55,4059.7395079594794
KR_7754199411,KR,1754815138413,15.15.701.6241,420,200,red,1,4940.6,144200.0,30,97,34.55,4173.661360347323
KR_7754285023,KR,1754817632901,15.15.701.6241,420,100,blue,1,6772.0,140624.0,52,70,33.483333333333334,4199.820806371329
KR_7754285023,KR,1754817632901,15.15.701.6241,420,200,red,0,5345.0,108981.0,31,65,33.483333333333334,3254.7834743653557
KR_7754358656,KR,1754819993557,15.15.701.6241,420,100,blue,0,5193.6,70127.0,11,49,26.03333333333334,2693.738796414852
KR_7754358656,KR,1754819993557,15.15.701.6241,420,200,red,1,5548.8,96563.0,34,56,26.03333333333334,3709.2061459667084
KR_7758912410,KR,1755057254392,15.16.702.7993,420,100,blue,1,5604.2,110041.0,39,47,27.0,4075.5925925925926
KR_7758912410,KR,1755057254392,15.16.702.7993,420,200,red,0,4848.8,83775.0,21,39,27.0,3102.777777777778
KR_7758946562,KR,1755059516656,15.16.702.7993,420,100,blue,0,5561.8,138712.0,37,108,36.833333333333336,3765.93665158371
KR_7758946562,KR,1755059516656,15.16.702.7993,420,200,red,1,5391.8,153128.0,45,85,36.833333333333336,4157.321266968325
KR_7761239352,KR,1755172914463,15.16.704.3186,420,100,blue,1,5896.2,210271.0,61,93,43.25,4861.757225433526
KR_7761239352,KR,1755172914463,15.16.704.3186,420,200,red,0,5431.6,205157.0,36,99,43.25,4743.514450867052
KR_7761350095,KR,1755176064645,15.16.704.3186,420,100,blue,1,5247.2,145013.0,44,74,33.483333333333334,4330.900945744152
KR_7761350095,KR,1755176064645,15.16.704.3186,420,200,red,0,5806.6,134586.0,35,84,33.483333333333334,4019.4922847187654
KR_7765835276,KR,1755362253066,15.16.704.6097,420,100,blue,1,5946.4,66471.0,29,39,22.016666666666666,3019.1218773656324
KR_7765835276,KR,1755362253066,15.16.704.6097,420,200,red,0,4118.4,38925.0,12,25,22.016666666666666,1767.9788039364119
KR_7765884289,KR,1755364019098,15.16.704.6097,420,100,blue,0,4926.8,143093.0,28,91,38.25,3740.9934640522874
KR_7765884289,KR,1755364019098,15.16.704.6097,420,200,red,1,4707.6,153645.0,49,68,38.25,4016.8627450980393
KR_7765944497,KR,1755366712516,15.16.704.6097,420,100,blue,1,5551.4,58150.0,26,37,19.1,3044.502617801047
KR_7765944497,KR,1755366712516,15.16.704.6097,420,200,red,0,4096.8,40071.0,6,35,19.1,2097.958115183246
KR_7765968968,KR,1755368251039,15.16.704.6097,420,100,blue,1,5075.6,135388.0,30,72,35.68333333333333,3794.152265296591
KR_7765968968,KR,1755368251039,15.16.704.6097,420,200,red,0,5102.4,109357.0,29,59,35.68333333333333,3064.6520317608597
KR_7766019120,KR,1755371136900,15.16.704.6097,420,100,blue,1,5190.2,136275.0,53,59,31.43333333333333,4335.365853658537
KR_7766019120,KR,1755371136900,15.16.704.6097,420,200,red,0,5300.6,144997.0,45,68,31.43333333333333,4612.841993637328
KR_7766041444,KR,1755373374601,15.16.704.6097,420,100,blue,0,5211.6,84021.0,27,58,31.85,2638.0219780219777
KR_7766041444,KR,1755373374601,15.16.704.6097,420,200,red,1,4737.0,88465.0,29,56,31.85,2777.5510204081634
KR_7766060498,KR,1755375733659,15.16.704.6097,420,100,blue,1,5669.2,82791.0,31,51,22.4,3696.026785714286
KR_7766060498,KR,1755375733659,15.16.704.6097,420,200,red,0,4436.6,43414.0,11,48,22.4,1938.1250000000002
KR_7766827094,KR,1755419084807,15.16.704.6097,420,100,blue,0,4758.4,109715.0,26,86,35.416666666666664,3097.835294117647
KR_7766827094,KR,1755419084807,15.16.704.6097,420,200,red,1,5096.2,144995.0,40,87,35.416666666666664,4093.9764705882358
KR_7766909374,KR,1755421742592,15.16.704.6097,420,100,blue,0,4399.6,76626.0,18,90,36.56666666666667,2095.5150410209662
KR_7766909374,KR,1755421742592,15.16.704.6097,420,200,red,1,4953.6,186716.0,38,75,36.56666666666667,5106.180492251595
KR_7766991203,KR,1755424254193,15.16.704.6097,420,100,blue,1,5665.2,104632.0,38,76,27.81666666666667,3761.4859197124024
KR_7766991203,KR,1755424254193,15.16.704.6097,420,200,red,0,5226.4,74980.0,31,64,27.81666666666667,2695.5062911923305
KR_7767057162,KR,1755426290323,15.16.704.6097,420,100,blue,0,4593.8,172233.0,24,61,35.483333333333334,4853.912635039925
KR_7767057162,KR,1755426290323,15.16.704.6097,420,200,red,1,5748.4,166225.0,53,60,35.483333333333334,4684.5937059652415
KR_7768427130,KR,1755503317822,15.16.704.6097,420,100,blue,0,2348.8,9346.0,1,11,8.666666666666666,1078.3846153846155
KR_7768427130,KR,1755503317822,15.16.704.6097,420,200,red,1,2925.8,12182.0,7,17,8.666666666666666,1405.6153846153848
KR_7768442470,KR,1755504173079,15.16.704.6097,420,100,blue,0,4465.6,71702.0,16,47,27.366666666666667,2620.0487210718634
KR_7768442470,KR,1755504173079,15.16.704.6097,420,200,red,1,5873.6,114493.0,44,55,27.366666666666667,4183.666260657735
KR_7772994380,KR,1755771104797,15.16.704.6097,420,100,blue,1,6425.0,49964.0,27,30,15.533333333333335,3216.56652360515
KR_7772994380,KR,1755771104797,15.16.704.6097,420,200,red,0,4722.8,25963.0,8,22,15.533333333333335,1671.437768240343
KR_7773021450,KR,1755772332416,15.16.704.6097,420,100,blue,0,4613.4,88934.0,20,73,32.1,2770.529595015576
KR_7773021450,KR,1755772332416,15.16.704.6097,420,200,red,1,5821.4,122514.0,40,62,32.1,3816.6355140186915
KR_7777858765,KR,1756017732921,15.16.706.7476,420,100,blue,1,5399.8,98684.0,29,64,28.9,3414.6712802768166
KR_7777858765,KR,1756017732921,15.16.706.7476,420,200,red,0,4927.2,83271.0,15,67,28.9,2881.349480968858
KR_7778278935,KR,1756031375348,15.16.706.7476,420,100,blue,0,5332.6,149372.0,31,99,39.516666666666666,3779.9746942218476
KR_7778278935,KR,1756031375348,15.16.706.7476,420,200,red,1,5240.6,131261.0,42,95,39.516666666666666,3321.6617460986927
KR_7778379059,KR,1756034320936,15.16.706.7476,420,100,blue,0,4524.0,69464.0,11,43,27.46666666666666,2529.029126213593
KR_7778379059,KR,1756034320936,15.16.706.7476,420,200,red,1,5750.4,104935.0,35,63,27.46666666666666,3820.449029126214
KR_7778440946,KR,1756036314913,15.16.706.7476,420,100,blue,0,4909.4,110500.0,35,77,32.483333333333334,3401.7444843509493
KR_7778440946,KR,1756036314913,15.16.706.7476,420,200,red,1,6010.0,128885.0,40,86,32.483333333333334,3967.7270395074397
KR_7779707993,KR,1756115525901,15.16.706.7476,420,100,blue,0,5610.2,92536.0,22,54,29.8,3105.234899328859
KR_7779707993,KR,1756115525901,15.16.706.7476,420,200,red,1,5820.2,99277.0,46,53,29.8,3331.442953020134
KR_7779960170,KR,1756124464775,15.16.706.7476,420,100,blue,1,5095.6,123804.0,31,91,35.583333333333336,3479.269320843091
KR_7779960170,KR,1756124464775,15.16.706.7476,420,200,red,0,5043.6,141148.0,31,71,35.583333333333336,3966.6885245901635
KR_7782170606,KR,1756272212541,15.17.706.7412,420,100,blue,0,5125.2,81642.0,20,57,27.1,3012.619926199262
KR_7782170606,KR,1756272212541,15.17.706.7412,420,200,red,1,5420.6,114652.0,49,50,27.1,4230.70110701107
KR_7782241880,KR,1756276731421,15.17.706.7412,420,100,blue,1,5439.0,110603.0,36,72,29.866666666666667,3703.2254464285716
KR_7782241880,KR,1756276731421,15.17.706.7412,420,200,red,0,5119.0,90015.0,26,59,29.866666666666667,3013.895089285714
KR_7782291089,KR,1756278908283,15.17.706.7412,420,100,blue,0,5481.4,75202.0,22,55,25.183333333333334,2986.1813368630046
KR_7782291089,KR,1756278908283,15.17.706.7412,420,200,red,1,5380.0,87830.0,37,34,25.183333333333334,3487.624090006618
KR_7782535255,KR,1756291368787,15.17.706.7412,420,100,blue,0,4204.0,96121.0,10,43,28.85,3331.750433275563
KR_7782535255,KR,1756291368787,15.17.706.7412,420,200,red,1,5604.0,119023.0,43,54,28.85,4125.580589254766
KR_7782585340,KR,1756293497403,15.17.706.7412,420,100,blue,0,4494.4,61189.0,12,55,23.3,2626.1373390557937
KR_7782585340,KR,1756293497403,15.17.706.7412,420,200,red,1,5654.4,78501.0,29,37,23.3,3369.1416309012875
KR_7782635062,KR,1756295182573,15.17.706.7412,420,100,blue,0,5007.8,121307.0,26,52,36.31666666666667,3340.2569986232215
KR_7782635062,KR,1756295182573,15.17.706.7412,420,200,red,1,5025.6,137952.0,41,71,36.31666666666667,3798.5865075722804
KR_7782708421,KR,1756297708709,15.17.706.7412,420,100,blue,0,4512.2,36748.0,11,25,15.433333333333334,2381.0799136069113
KR_7782708421,KR,1756297708709,15.17.706.7412,420,200,red,1,6266.4,46910.0,23,16,15.433333333333334,3039.5248380129588
KR_7782746319,KR,1756298938302,15.17.706.7412,420,100,blue,0,5193.6,130590.0,26,52,33.583333333333336,3888.535980148883
KR_7782746319,KR,1756298938302,15.17.706.7412,420,200,red,1,5958.4,157519.0,60,67,33.583333333333336,4690.392059553349
KR_7787137620,KR,1756542993579,15.17.708.5788,420,100,blue,1,5586.0,111394.0,43,43,24.383333333333333,4568.448393711552
KR_7787137620,KR,1756542993579,15.17.708.5788,420,200,red,0,4838.6,67410.0,13,27,24.383333333333333,2764.593301435407
KR_7787191356,KR,1756544806800,15.17.708.5788,420,100,blue,1,5437.2,174433.0,44,59,32.95,5293.869499241274
KR_7787191356,KR,1756544806800,15.17.708.5788,420,200,red,0,5178.6,129598.0,30,51,32.95,3933.171471927162
KR_7787257351,KR,1756547145883,15.17.708.5788,420,100,blue,0,5151.4,69952.0,20,47,27.7,2525.3429602888086
KR_7787257351,KR,1756547145883,15.17.708.5788,420,200,red,1,6049.2,108641.0,39,51,27.7,3922.057761732852
KR_7787263734,KR,1756547440727,15.17.708.5788,420,100,blue,1,5386.2,85125.0,29,64,26.916666666666668,3162.538699690402
KR_7787263734,KR,1756547440727,15.17.708.5788,420,200,red,0,4871.2,75164.0,21,74,26.916666666666668,2792.470588235294
KR_7787313569,KR,1756549160262,15.17.708.5788,420,100,blue,1,5143.6,71981.0,23,52,25.583333333333332,2813.5895765472314
KR_7787313569,KR,1756549160262,15.17.708.5788,420,200,red,0,4081.4,42336.0,9,56,25.583333333333332,1654.827361563518
KR_7787323127,KR,1756549407422,15.17.708.5788,420,100,blue,0,5756.8,116930.0,33,57,28.5,4102.80701754386
KR_7787323127,KR,1756549407422,15.17.708.5788,420,200,red,1,5876.4,139990.0,40,57,28.5,4911.929824561404
KR_7787380268,KR,1756551494946,15.17.708.5788,420,100,blue,0,4535.2,31267.0,7,43,19.266666666666666,1622.854671280277
KR_7787380268,KR,1756551494946,15.17.708.5788,420,200,red,1,6387.4,59122.0,27,39,19.266666666666666,3068.6159169550174
KR_7788796517,KR,1756620067628,15.17.708.5788,420,100,blue,1,5389.2,105959.0,27,64,25.68333333333333,4125.59377027904
KR_7788796517,KR,1756620067628,15.17.708.5788,420,200,red,0,5556.6,57009.0,17,38,25.68333333333333,2219.6885139519795
KR_7788857126,KR,1756621923236,15.17.708.5788,420,100,blue,1,5450.6,203751.0,41,83,43.21666666666667,4714.6394138064015
KR_7788857126,KR,1756621923236,15.17.708.5788,420,200,red,0,5082.6,140669.0,28,90,43.21666666666667,3254.9710759737754
KR_7788976990,KR,1756625852059,15.17.708.5788,420,100,blue,1,6229.2,37523.0,20,29,15.316666666666666,2449.8150163220894
KR_7788976990,KR,1756625852059,15.17.708.5788,420,200,red,0,3786.2,19585.0,1,28,15.316666666666666,1278.6724700761697
KR_7789018693,KR,1756627055184,15.17.708.5788,420,100,blue,0,5242.2,106271.0,24,79,37.06666666666667,2867.0233812949637
KR_7789018693,KR,1756627055184,15.17.708.5788,420,200,red,1,5015.2,143169.0,42,91,37.06666666666667,3862.4730215827335
KR_7789100983,KR,1756629754142,15.17.708.5788,420,100,blue,0,6108.8,172866.0,35,65,36.68333333333333,4712.385279418447
KR_7789100983,KR,1756629754142,15.17.708.5788,420,200,red,1,4757.2,145606.0,46,90,36.68333333333333,3969.268514311677
KR_7790842528,KR,1756726305130,15.17.708.5788,420,100,blue,0,5244.8,102200.0,21,73,32.06666666666667,3187.110187110187
KR_7790842528,KR,1756726305130,15.17.708.5788,420,200,red,1,4969.4,127431.0,34,65,32.06666666666667,3973.9397089397085
KR_7790910469,KR,1756728564294,15.17.708.5788,420,100,blue,1,5919.2,93173.0,34,58,27.583333333333332,3377.8731117824773
KR_7790910469,KR,1756728564294,15.17.708.5788,420,200,red,0,4940.0,65025.0,20,53,27.583333333333332,2357.401812688822
KR_7790982069,KR,1756730567424,15.17.708.5788,420,100,blue,0,5679.8,73230.0,20,66,28.55,2564.9737302977233
KR_7790982069,KR,1756730567424,15.17.708.5788,420,200,red,1,5909.6,101793.0,44,63,28.55,3565.429071803853
KR_7793052215,KR,1756877476819,15.17.708.5788,420,100,blue,0,5406.8,94811.0,24,60,28.21666666666666,3360.106320141761
KR_7793052215,KR,1756877476819,15.17.708.5788,420,200,red,1,5778.2,125071.0,38,68,28.21666666666666,4432.522150029534
KR_7793078706,KR,1756879590813,15.17.708.5788,420,100,blue,1,6326.4,43527.0,21,30,15.6,2790.1923076923076
KR_7793078706,KR,1756879590813,15.17.708.5788,420,200,red,0,5313.8,37993.0,12,26,15.6,2435.448717948718
KR_7793101602,KR,1756880923277,15.17.708.5788,420,100,blue,1,5712.2,111413.0,40,74,29.28333333333334,3804.655663062037
KR_7793101602,KR,1756880923277,15.17.708.5788,420,200,red,0,5628.4,93997.0,28,77,29.28333333333334,3209.914627205463
KR_7793145188,KR,1756883196027,15.17.708.5788,420,100,blue,0,5616.2,64991.0,18,47,23.4,2777.3931623931626
KR_7793145188,KR,1756883196027,15.17.708.5788,420,200,red,1,5096.8,68004.0,27,51,23.4,2906.153846153846
KR_7793172767,KR,1756884976917,15.17.708.5788,420,100,blue,0,5545.8,67709.0,23,51,26.016666666666662,2602.5240230621403
KR_7793172767,KR,1756884976917,15.17.708.5788,420,200,red,1,5950.2,103562.0,36,61,26.016666666666662,3980.602178090968
KR_7793184645,KR,1756885452144,15.17.708.5788,420,100,blue,1,5759.6,206719.0,54,75,38.4,5383.307291666667
KR_7793184645,KR,1756885452144,15.17.708.5788,420,200,red,0,4385.4,143510.0,31,65,38.4,3737.2395833333335
KR_7793215165,KR,1756886847408,15.17.708.5788,420,100,blue,0,4912.6,58820.0,15,35,23.133333333333333,2542.651296829971
KR_7793215165,KR,1756886847408,15.17.708.5788,420,200,red,1,6353.0,86040.0,31,47,23.133333333333333,3719.3083573487033
KR_7793238070,KR,1756888080187,15.17.708.5788,420,100,blue,1,5569.8,117154.0,46,52,27.15,4315.064456721915
KR_7793238070,KR,1756888080187,15.17.708.5788,420,200,red,0,4942.4,83717.0,22,37,27.15,3083.499079189687
KR_7794841690,KR,1756987228084,15.17.708.5788,420,100,blue,0,4639.6,66624.0,14,46,27.7,2405.198555956679
KR_7794841690,KR,1756987228084,15.17.708.5788,420,200,red,1,5729.6,111459.0,35,61,27.7,4023.790613718412
KR_7794901829,KR,1756989249737,15.17.708.5788,420,100,blue,0,5053.0,71669.0,14,53,28.0,2559.6071428571427
KR_7794901829,KR,1756989249737,15.17.708.5788,420,200,red,1,5815.4,84106.0,28,50,28.0,3003.785714285714
KR_7794972146,KR,1756991280372,15.17.708.5788,420,100,blue,1,5947.4,161927.0,50,42,41.1,3939.829683698297
KR_7794972146,KR,1756991280372,15.17.708.5788,420,200,red,0,4993.0,180552.0,32,76,41.1,4392.992700729927
KR_7795068913,KR,1756994308467,15.17.708.5788,420,100,blue,1,5967.2,156075.0,53,56,32.63333333333333,4782.686414708886
KR_7795068913,KR,1756994308467,15.17.708.5788,420,200,red,0,6492.4,165154.0,54,86,32.63333333333333,5060.898876404494
KR_7797127622,KR,1757126991164,15.17.708.5788,420,100,blue,0,4350.4,49079.0,4,59,26.016666666666662,1886.4445868033315
KR_7797127622,KR,1757126991164,15.17.708.5788,420,200,red,1,5792.2,83184.0,26,60,26.016666666666662,3197.335041639975
KR_7797168169,KR,1757129078454,15.17.708.5788,420,100,blue,0,5252.6,143273.0,41,55,33.0,4341.606060606061
KR_7797168169,KR,1757129078454,15.17.708.5788,420,200,red,1,5305.2,148851.0,34,64,33.0,4510.636363636364
KR_7797208425,KR,1757131423232,15.17.708.5788,420,100,blue,0,5503.6,190585.0,40,67,37.45,5089.052069425901
KR_7797208425,KR,1757131423232,15.17.708.5788,420,200,red,1,5061.0,147021.0,44,55,37.45,3925.794392523364
KR_7797268001,KR,1757134091597,15.17.708.5788,420,100,blue,0,4282.8,135604.0,24,59,33.68333333333333,4025.8485898070267
KR_7797268001,KR,1757134091597,15.17.708.5788,420,200,red,1,6104.0,145571.0,48,73,33.68333333333333,4321.751608114795
KR_7804276135,KR,1757552571139,15.18.710.2811,420,100,blue,1,5967.0,61385.0,23,36,19.066666666666666,3219.493006993007
KR_7804276135,KR,1757552571139,15.18.710.2811,420,200,red,0,4812.2,37111.0,10,36,19.066666666666666,1946.381118881119
KR_7804287600,KR,1757554244060,15.18.710.2811,420,100,blue,0,5435.0,78893.0,24,73,32.18333333333333,2451.3619886069396
KR_7804287600,KR,1757554244060,15.18.710.2811,420,200,red,1,5146.8,96638.0,24,85,32.18333333333333,3002.7343345416884
KR_7805948682,KR,1757661237227,15.18.710.2811,420,100,blue,0,5343.4,49713.0,14,43,24.766666666666666,2007.2543741588156
KR_7805948682,KR,1757661237227,15.18.710.2811,420,200,red,1,5616.4,90016.0,29,79,24.766666666666666,3634.5625841184387
KR_7805996093,KR,1757663246947,15.18.710.2811,420,100,blue,1,6010.4,40647.0,17,22,15.333333333333334,2650.891304347826
KR_7805996093,KR,1757663246947,15.18.710.2811,420,200,red,0,4504.6,26563.0,7,28,15.333333333333334,1732.3695652173913
KR_7806016900,KR,1757664547924,15.18.710.2811,420,100,blue,1,5188.2,168157.0,32,65,33.68333333333333,4992.290945076696
KR_7806016900,KR,1757664547924,15.18.710.2811,420,200,red,0,5318.2,104579.0,31,92,33.68333333333333,3104.7699158832265
KR_7806274384,KR,1757675276408,15.18.710.2811,420,100,blue,1,5485.0,116835.0,49,55,27.583333333333332,4235.70996978852
KR_7806274384,KR,1757675276408,15.18.710.2811,420,200,red,0,5650.2,95712.0,23,50,27.583333333333332,3469.9214501510573
KR_7806373215,KR,1757678545204,15.18.710.2811,420,100,blue,1,5445.4,129256.0,51,86,33.85,3818.493353028065
KR_7806373215,KR,1757678545204,15.18.710.2811,420,200,red,0,5604.8,116874.0,30,59,33.85,3452.7031019202363
KR_7806457404,KR,1757681094432,15.18.710.2811,420,100,blue,0,4718.6,32134.0,9,29,15.283333333333335,2102.5517993456924
KR_7806457404,KR,1757681094432,15.18.710.2811,420,200,red,1,6393.8,42740.0,22,21,15.283333333333335,2796.510359869138
KR_7806844128,KR,1757691084533,15.18.710.2811,420,100,blue,0,4971.8,84834.0,28,55,28.18333333333333,3010.076877587227
KR_7806844128,KR,1757691084533,15.18.710.2811,420,200,red,1,6230.8,123465.0,44,55,28.18333333333333,4380.780603193377
KR_7807288623,KR,1757728843928,15.18.710.2811,420,100,blue,0,5528.4,143321.0,27,88,34.06666666666667,4207.074363992172
KR_7807288623,KR,1757728843928,15.18.710.2811,420,200,red,1,5265.0,156623.0,40,90,34.06666666666667,4597.544031311154
KR_7807352014,KR,1757732480126,15.18.710.2811,420,100,blue,1,5707.4,189185.0,41,120,43.733333333333334,4325.8765243902435
KR_7807352014,KR,1757732480126,15.18.710.2811,420,200,red,0,4874.8,140608.0,35,86,43.733333333333334,3215.121951219512
KR_7807716327,KR,1757748263596,15.18.710.2811,420,100,blue,1,5302.4,68980.0,25,42,21.616666666666667,3191.0562837316884
KR_7807716327,KR,1757748263596,15.18.710.2811,420,200,red,0,5474.0,56059.0,18,50,21.616666666666667,2593.3230531996915
KR_7807776469,KR,1757750445466,15.18.710.2811,420,100,blue,0,5764.2,119415.0,30,48,32.833333333333336,3637.0050761421317
KR_7807776469,KR,1757750445466,15.18.710.2811,420,200,red,1,5230.6,161123.0,43,69,32.833333333333336,4907.299492385787
KR_7808321099,KR,1757769142067,15.18.710.2811,420,100,blue,1,5784.6,162076.0,57,81,37.53333333333333,4318.188277087034
KR_7808321099,KR,1757769142067,15.18.710.2811,420,200,red,0,4624.2,103173.0,23,69,37.53333333333333,2748.8365896980463
KR_7808450053,KR,1757772508903,15.18.710.2811,420,100,blue,1,4701.2,166242.0,48,98,40.63333333333333,4091.2715340442987
KR_7808450053,KR,1757772508903,15.18.710.2811,420,200,red,0,5433.0,156943.0,32,82,40.63333333333333,3862.420016406891
KR_7809199800,KR,1757822027358,15.18.710.2811,420,100,blue,1,510.2,474.0,0,1,1.7333333333333336,273.4615384615384
KR_7809199800,KR,1757822027358,15.18.710.2811,420,200,red,0,510.2,173.0,0,1,1.7333333333333336,99.80769230769229
KR_7809902970,KR,1757848397853,15.18.710.2811,420,100,blue,1,514.4,445.0,0,2,1.7333333333333336,256.73076923076917
KR_7809902970,KR,1757848397853,15.18.710.2811,420,200,red,0,527.2,266.0,0,3,1.7333333333333336,153.46153846153842
KR_7812381162,KR,1758015199849,15.18.710.2811,420,100,blue,1,1068.4,2956.0,2,2,3.3333333333333335,886.8
KR_7812381162,KR,1758015199849,15.18.710.2811,420,200,red,0,1007.8,3101.0,3,4,3.3333333333333335,930.3
KR_7812388559,KR,1758015811434,15.18.710.2811,420,100,blue,1,5663.8,40814.0,22,29,15.26666666666667,2673.4061135371176
KR_7812388559,KR,1758015811434,15.18.710.2811,420,200,red,0,4543.0,31955.0,7,25,15.26666666666667,2093.1222707423576
KR_7813777011,KR,1758106170120,15.18.710.2811,420,100,blue,1,5200.0,51176.0,12,36,18.433333333333334,2776.27486437613
KR_7813777011,KR,1758106170120,15.18.710.2811,420,200,red,0,4647.4,38559.0,9,35,18.433333333333334,2091.8083182640144
KR_7813810498,KR,1758107781955,15.18.710.2811,420,100,blue,0,5262.0,102536.0,30,48,32.96666666666667,3110.293225480283
KR_7813810498,KR,1758107781955,15.18.710.2811,420,200,red,1,5084.4,138012.0,34,58,32.96666666666667,4186.410515672396
KR_7813870491,KR,1758110095203,15.18.710.2811,420,100,blue,1,5186.8,130298.0,41,88,31.05,4196.392914653784
KR_7813870491,KR,1758110095203,15.18.710.2811,420,200,red,0,4760.6,86400.0,18,47,31.05,2782.608695652174
KR_7815972002,KR,1758263399533,15.18.710.2811,420,100,blue,0,6387.8,121700.0,41,80,29.0,4196.551724137931
KR_7815972002,KR,1758263399533,15.18.710.2811,420,200,red,1,5909.0,117191.0,33,76,29.0,4041.0689655172414
KR_7816705162,KR,1758292042836,15.18.710.2811,420,100,blue,1,5842.2,117660.0,37,51,28.633333333333333,4109.196740395809
KR_7816705162,KR,1758292042836,15.18.710.2811,420,200,red,0,5070.8,84588.0,27,48,28.633333333333333,2954.1792782305006
KR_7817333626,KR,1758337976392,15.18.710.2811,420,100,blue,0,5483.8,82251.0,22,57,27.68333333333333,2971.137868753763
KR_7817333626,KR,1758337976392,15.18.710.2811,420,200,red,1,5413.2,91703.0,38,66,27.68333333333333,3312.570740517761
KR_7817373831,KR,1758340458208,15.18.710.2811,420,100,blue,0,5472.8,86016.0,25,60,25.6,3360.0
KR_7817373831,KR,1758340458208,15.18.710.2811,420,200,red,1,5655.6,104366.0,32,74,25.6,4076.796875
KR_7817418300,KR,1758342333493,15.18.710.2811,420,100,blue,1,5228.2,259289.0,52,100,51.016666666666666,5082.437112054884
KR_7817418300,KR,1758342333493,15.18.710.2811,420,200,red,0,5109.4,239728.0,54,106,51.016666666666666,4699.013394315583
KR_7817580995,KR,1758350126835,15.18.710.2811,420,100,blue,1,4844.2,186945.0,56,95,40.93333333333333,4567.06026058632
KR_7817580995,KR,1758350126835,15.18.710.2811,420,200,red,0,5380.6,184522.0,38,94,40.93333333333333,4507.866449511401
KR_7817850487,KR,1758360606877,15.18.710.2811,420,100,blue,0,5388.4,79887.0,27,50,29.483333333333338,2709.564725833804
KR_7817850487,KR,1758360606877,15.18.710.2811,420,200,red,1,6160.8,128204.0,43,86,29.483333333333338,4348.355002826455
KR_7817909468,KR,1758362936114,15.18.710.2811,420,100,blue,1,5775.8,126547.0,43,64,26.5,4775.358490566037
KR_7817909468,KR,1758362936114,15.18.710.2811,420,200,red,0,5428.2,87165.0,16,70,26.5,3289.245283018868
KR_7818974525,KR,1758419407525,15.18.710.2811,420,100,blue,0,5331.0,95894.0,26,69,29.333333333333332,3269.1136363636365
KR_7818974525,KR,1758419407525,15.18.710.2811,420,200,red,1,5408.0,106030.0,36,96,29.333333333333332,3614.659090909091
KR_7819002667,KR,1758421674700,15.18.710.2811,420,100,blue,1,6091.8,64336.0,32,32,19.466666666666665,3304.931506849315
KR_7819002667,KR,1758421674700,15.18.710.2811,420,200,red,0,5262.4,58085.0,17,46,19.466666666666665,2983.8184931506853
KR_7819036528,KR,1758423840765,15.18.710.2811,420,100,blue,0,5365.8,56311.0,8,54,23.266666666666666,2420.243553008596
KR_7819036528,KR,1758423840765,15.18.710.2811,420,200,red,1,4844.4,62665.0,24,44,23.266666666666666,2693.3381088825217
KR_7819141664,KR,1758429631332,15.18.710.2811,420,100,blue,0,5126.8,134452.0,32,90,33.7,3989.6735905044507
KR_7819141664,KR,1758429631332,15.18.710.2811,420,200,red,1,5456.0,181999.0,38,88,33.7,5400.563798219584
KR_7819196950,KR,1758432120820,15.18.710.2811,420,100,blue,0,5569.2,98890.0,24,47,29.45,3357.8947368421054
KR_7819196950,KR,1758432120820,15.18.710.2811,420,200,red,1,5888.2,141769.0,47,79,29.45,4813.887945670628
KR_7819262064,KR,1758434511739,15.18.710.2811,420,100,blue,0,6099.6,107924.0,22,71,28.46666666666666,3791.2412177985957
KR_7819262064,KR,1758434511739,15.18.710.2811,420,200,red,1,5640.8,102839.0,37,65,28.46666666666666,3612.611241217799
KR_7819315277,KR,1758436871652,15.18.710.2811,420,100,blue,1,6040.4,74352.0,27,54,24.766666666666666,3002.099596231494
KR_7819315277,KR,1758436871652,15.18.710.2811,420,200,red,0,5499.6,63873.0,16,49,24.766666666666666,2578.990578734859
KR_7819361509,KR,1758438729356,15.18.710.2811,420,100,blue,0,4813.6,28316.0,6,19,15.383333333333331,1840.6933911159265
KR_7819361509,KR,1758438729356,15.18.710.2811,420,200,red,1,6814.8,48237.0,27,32,15.383333333333331,3135.6663055254608
KR_7822144440,KR,1758620474880,15.18.710.2811,420,100,blue,0,5151.2,98079.0,29,75,30.71666666666666,3193.022246337494
KR_7822144440,KR,1758620474880,15.18.710.2811,420,200,red,1,5490.4,133404.0,36,71,30.71666666666666,4343.049376017364
KR_7822181767,KR,1758622574673,15.18.710.2811,420,100,blue,1,5289.8,135953.0,36,59,32.0,4248.53125
KR_7822181767,KR,1758622574673,15.18.710.2811,420,200,red,0,4910.0,130892.0,28,63,32.0,4090.375
KR_7823516473,KR,1758713215823,15.19.713.5912,420,100,blue,1,5558.0,152615.0,40,88,39.983333333333334,3816.9654022509376
KR_7823516473,KR,1758713215823,15.19.713.5912,420,200,red,0,5153.4,106328.0,30,80,39.983333333333334,2659.3080450187576
KR_7823594229,KR,1758715952448,15.19.713.5912,420,100,blue,0,4775.0,156331.0,42,72,38.766666666666666,4032.6139294926916
KR_7823594229,KR,1758715952448,15.19.713.5912,420,200,red,1,4941.6,196713.0,40,60,38.766666666666666,5074.282029234738
KR_7823677076,KR,1758718639418,15.19.713.5912,420,100,blue,1,5017.6,163141.0,49,83,33.56666666666667,4860.20854021847
KR_7823677076,KR,1758718639418,15.19.713.5912,420,200,red,0,4581.4,90642.0,24,53,33.56666666666667,2700.3574975173783
KR_7824836727,KR,1758777519044,15.19.713.5912,420,100,blue,0,5466.4,102311.0,26,71,34.13333333333333,2997.392578125
KR_7824836727,KR,1758777519044,15.19.713.5912,420,200,red,1,4679.4,108804.0,28,62,34.13333333333333,3187.6171875
KR_7824936066,KR,1758779933925,15.19.713.5912,420,100,blue,1,5548.4,111247.0,37,79,31.416666666666668,3541.018567639257
KR_7824936066,KR,1758779933925,15.19.713.5912,420,200,red,0,4873.0,88782.0,20,56,31.416666666666668,2825.95225464191
KR_7825027052,KR,1758782255073,15.19.713.5912,420,100,blue,0,4743.4,134047.0,31,64,35.333333333333336,3793.783018867924
KR_7825027052,KR,1758782255073,15.19.713.5912,420,200,red,1,5245.6,156070.0,35,73,35.333333333333336,4417.075471698113
KR_7829273429,KR,1758893209330,15.19.714.7225,420,100,blue,0,5096.4,226692.0,34,104,43.45,5217.307249712313
KR_7829273429,KR,1758893209330,15.19.714.7225,420,200,red,1,5270.0,219991.0,49,101,43.45,5063.084004602992
KR_7829485616,KR,1758896514804,15.19.714.7225,420,100,blue,1,4915.2,142925.0,35,85,38.56666666666667,3705.920484010371
KR_7829485616,KR,1758896514804,15.19.714.7225,420,200,red,0,5425.8,172521.0,39,84,38.56666666666667,4473.318928262748
KR_7829672021,KR,1758899454019,15.19.714.7225,420,100,blue,0,4789.4,91379.0,16,103,36.18333333333333,2525.4444956241364
KR_7829672021,KR,1758899454019,15.19.714.7225,420,200,red,1,4819.2,100936.0,31,92,36.18333333333333,2789.571625978812
KR_7830697431,KR,1758940396267,15.19.715.1836,420,100,blue,1,4941.4,131094.0,33,82,35.516666666666666,3691.0558423275456
KR_7830697431,KR,1758940396267,15.19.715.1836,420,200,red,0,5250.8,103255.0,18,81,35.516666666666666,2907.22665415298
KR_7830789986,KR,1758943164188,15.19.715.1836,420,100,blue,0,4812.0,149978.0,30,74,34.083333333333336,4400.332518337408
KR_7830789986,KR,1758943164188,15.19.715.1836,420,200,red,1,5993.6,136818.0,50,56,34.083333333333336,4014.220048899755
KR_7834238147,KR,1759034984640,15.19.715.1836,420,100,blue,1,6595.4,75155.0,29,50,22.283333333333335,3372.7000747943152
KR_7834238147,KR,1759034984640,15.19.715.1836,420,200,red,0,5127.2,51339.0,10,35,22.283333333333335,2303.919222139117
KR_7834315465,KR,1759036736116,15.19.715.1836,420,100,blue,1,5901.4,30085.0,15,26,15.23333333333333,1974.9452954048143
KR_7834315465,KR,1759036736116,15.19.715.1836,420,200,red,0,4451.0,20813.0,3,28,15.23333333333333,1366.2800875273526
KR_7834374607,KR,1759038143607,15.19.715.1836,420,100,blue,0,4980.4,93414.0,28,72,30.28333333333334,3084.6670335718213
KR_7834374607,KR,1759038143607,15.19.715.1836,420,200,red,1,5524.2,123645.0,39,73,30.28333333333334,4082.938910291689
KR_7834499541,KR,1759040670861,15.19.715.1836,420,100,blue,1,5944.2,132274.0,41,65,29.916666666666668,4421.4150417827295
KR_7834499541,KR,1759040670861,15.19.715.1836,420,200,red,0,5517.2,106484.0,26,62,29.916666666666668,3559.3537604456824
KR_7834915818,KR,1759049220240,15.19.715.1836,420,100,blue,0,4992.2,89642.0,26,69,34.916666666666664,2567.312649164678
KR_7834915818,KR,1759049220240,15.19.715.1836,420,200,red,1,5316.2,110294.0,33,79,34.916666666666664,3158.7780429594272
KR_7837104636,KR,1759124190316,15.19.715.1836,420,100,blue,0,4443.4,45883.0,11,34,18.65,2460.2144772117963
KR_7837104636,KR,1759124190316,15.19.715.1836,420,200,red,1,5779.8,61595.0,26,37,18.65,3302.680965147453
KR_7837162643,KR,1759126118989,15.19.715.1836,420,100,blue,1,5493.2,154974.0,42,82,36.95,4194.154262516914
KR_7837162643,KR,1759126118989,15.19.715.1836,420,200,red,0,5105.8,166969.0,39,91,36.95,4518.782138024357
KR_7843932571,KR,1759402494453,15.19.715.1836,420,100,blue,1,5852.2,183662.0,48,63,34.4,5339.011627906977
KR_7843932571,KR,1759402494453,15.19.715.1836,420,200,red,0,5413.0,183041.0,44,61,34.4,5320.959302325582
KR_7850842145,KR,1759654518932,15.19.715.1836,420,100,blue,0,4928.6,57438.0,13,57,23.4,2454.6153846153848
KR_7850842145,KR,1759654518932,15.19.715.1836,420,200,red,1,5287.4,78228.0,25,48,23.4,3343.0769230769233
KR_7850900299,KR,1759656342471,15.19.715.1836,420,100,blue,0,5441.2,97067.0,31,73,31.56666666666667,3074.9841605068636
KR_7850900299,KR,1759656342471,15.19.715.1836,420,200,red,1,5466.0,156090.0,40,65,31.56666666666667,4944.772967265047
KR_7850979754,KR,1759658877946,15.19.715.1836,420,100,blue,0,4896.6,112912.0,26,66,32.06666666666667,3521.1642411642406
KR_7850979754,KR,1759658877946,15.19.715.1836,420,200,red,1,5232.2,120932.0,32,69,32.06666666666667,3771.268191268191
KR_7853630838,KR,1759756374361,15.19.715.1836,420,100,blue,0,5285.0,115521.0,26,85,34.916666666666664,3308.477326968974
KR_7853630838,KR,1759756374361,15.19.715.1836,420,200,red,1,6222.6,153160.0,45,97,34.916666666666664,4386.4439140811455
KR_7855776946,KR,1759840841542,15.19.715.1836,420,100,blue,1,6340.4,51138.0,21,34,16.133333333333333,3169.710743801653
KR_7855776946,KR,1759840841542,15.19.715.1836,420,200,red,0,4389.0,25805.0,7,20,16.133333333333333,1599.4834710743803
KR_7855840133,KR,1759842098497,15.19.715.1836,420,100,blue,0,4851.4,157122.0,43,81,34.333333333333336,4576.368932038835
KR_7855840133,KR,1759842098497,15.19.715.1836,420,200,red,1,5785.8,166903.0,52,50,34.333333333333336,4861.252427184466
KR_7855992089,KR,1759845405584,15.19.715.1836,420,100,blue,1,2715.8,12200.0,7,10,7.833333333333333,1557.4468085106384
KR_7855992089,KR,1759845405584,15.19.715.1836,420,200,red,0,2002.4,8547.0,1,9,7.833333333333333,1091.1063829787236
KR_7870359894,KR,1760526930523,15.20.719.545,420,100,blue,0,4222.0,36189.0,3,28,15.7,2305.031847133758
KR_7870359894,KR,1760526930523,15.20.719.545,420,200,red,1,6128.0,47677.0,25,20,15.7,3036.751592356688
KR_7870398746,KR,1760528249459,15.20.719.545,420,100,blue,0,5017.6,211554.0,43,89,43.65,4846.59793814433
KR_7870398746,KR,1760528249459,15.20.719.545,420,200,red,1,5101.6,184516.0,46,116,43.65,4227.17067583047
KR_7870494746,KR,1760531412142,15.20.719.545,420,100,blue,1,5157.2,102676.0,32,60,27.233333333333338,3770.2325581395344
KR_7870494746,KR,1760531412142,15.20.719.545,420,200,red,0,4660.2,74144.0,10,52,27.233333333333338,2722.5458996328025
KR_7874031448,KR,1760732714663,15.20.719.545,420,100,blue,1,6417.8,40994.0,20,32,15.35,2670.6188925081433
KR_7874031448,KR,1760732714663,15.20.719.545,420,200,red,0,5056.6,36050.0,10,27,15.35,2348.5342019543973
KR_7874038701,KR,1760734101841,15.20.719.545,420,100,blue,1,6150.8,95003.0,40,74,26.6,3571.5413533834585
KR_7874038701,KR,1760734101841,15.20.719.545,420,200,red,0,5021.4,93466.0,25,60,26.6,3513.7593984962405
KR_7874048736,KR,1760736051513,15.20.719.545,420,100,blue,1,6081.6,101169.0,30,81,30.81666666666667,3282.9313142239043
KR_7874048736,KR,1760736051513,15.20.719.545,420,200,red,0,5300.4,120319.0,26,74,30.81666666666667,3904.348296376419
KR_7874060683,KR,1760738684641,15.20.719.545,420,100,blue,1,5787.8,112932.0,36,57,26.55,4253.559322033898
KR_7874060683,KR,1760738684641,15.20.719.545,420,200,red,0,5281.2,103718.0,24,61,26.55,3906.516007532957
KR_7874076327,KR,1760740856908,15.20.719.545,420,100,blue,0,5083.2,110454.0,25,57,30.383333333333333,3635.348326933626
KR_7874076327,KR,1760740856908,15.20.719.545,420,200,red,1,5875.4,121816.0,40,73,30.383333333333333,4009.303346132748
KR_7874090062,KR,1760743177858,15.20.719.545,420,100,blue,1,5687.2,96317.0,31,50,27.4,3515.21897810219
KR_7874090062,KR,1760743177858,15.20.719.545,420,200,red,0,4938.0,78638.0,12,68,27.4,2870.0
KR_7874102472,KR,1760745264621,15.20.719.545,420,100,blue,1,6042.0,45599.0,19,32,15.633333333333331,2916.7803837953097
KR_7874102472,KR,1760745264621,15.20.719.545,420,200,red,0,4818.6,24932.0,6,31,15.633333333333331,1594.7974413646057
KR_7874112687,KR,1760746717357,15.20.719.545,420,100,blue,1,5886.4,145258.0,41,84,32.03333333333333,4534.588969823101
KR_7874112687,KR,1760746717357,15.20.719.545,420,200,red,0,5196.8,106798.0,21,75,32.03333333333333,3333.964620187305
KR_7874138473,KR,1760748975102,15.20.719.545,420,100,blue,1,5190.4,97960.0,34,56,26.166666666666668,3743.6942675159235
KR_7874138473,KR,1760748975102,15.20.719.545,420,200,red,0,4926.4,89904.0,22,59,26.166666666666668,3435.8216560509554
KR_7874160486,KR,1760751006608,15.20.719.545,420,100,blue,1,6507.8,132773.0,54,80,30.366666666666667,4372.327113062569
KR_7874160486,KR,1760751006608,15.20.719.545,420,200,red,0,5764.6,116946.0,31,66,30.366666666666667,3851.1306256860594
KR_7874187965,KR,1760753193585,15.20.719.545,420,100,blue,0,5619.8,43580.0,17,49,18.083333333333332,2409.9539170506914
KR_7874187965,KR,1760753193585,15.20.719.545,420,200,red,1,5536.4,54736.0,20,41,18.083333333333332,3026.8755760368667
KR_7877540365,KR,1760897125749,15.20.719.545,420,100,blue,0,5928.8,164969.0,36,66,33.61666666666667,4907.357461576599
KR_7877540365,KR,1760897125749,15.20.719.545,420,200,red,1,4920.2,153262.0,39,73,33.61666666666667,4559.107585523054
KR_7877781774,KR,1760933212938,15.20.719.545,420,100,blue,0,5265.8,48137.0,15,46,20.7,2325.458937198068
KR_7877781774,KR,1760933212938,15.20.719.545,420,200,red,1,5104.6,66369.0,21,48,20.7,3206.231884057971
KR_7877807512,KR,1760935034575,15.20.719.545,420,100,blue,1,5501.6,153328.0,45,75,30.333333333333332,5054.769230769231
KR_7877807512,KR,1760935034575,15.20.719.545,420,200,red,0,5503.4,114273.0,30,63,30.333333333333332,3767.2417582417584
KR_7877835713,KR,1760937372120,15.20.719.545,420,100,blue,0,5641.0,93847.0,31,64,27.266666666666662,3441.8215158924213
KR_7877835713,KR,1760937372120,15.20.719.545,420,200,red,1,5666.6,126142.0,41,59,27.266666666666662,4626.234718826407
KR_7878345268,KR,1760962308223,15.20.719.545,420,100,blue,1,6609.2,42481.0,24,31,15.183333333333334,2797.8704720087817
KR_7878345268,KR,1760962308223,15.20.719.545,420,200,red,0,4604.0,28975.0,6,33,15.183333333333334,1908.3424807903402
KR_7879731012,KR,1761052628219,15.20.719.545,420,100,blue,1,5208.8,34595.0,15,29,15.4,2246.4285714285716
KR_7879731012,KR,1761052628219,15.20.719.545,420,200,red,0,4482.6,30634.0,4,37,15.4,1989.2207792207791
KR_7879765442,KR,1761053838284,15.20.719.545,420,100,blue,0,5515.8,128583.0,39,72,34.833333333333336,3691.3779904306216
KR_7879765442,KR,1761053838284,15.20.719.545,420,200,red,1,5350.4,137292.0,46,76,34.833333333333336,3941.397129186603
KR_7880354537,KR,1761112526100,15.21.720.925,420,100,blue,0,5055.2,129259.0,28,90,38.06666666666667,3395.5954465849386
KR_7880354537,KR,1761112526100,15.21.720.925,420,200,red,1,5406.0,125948.0,34,110,38.06666666666667,3308.61646234676
KR_7880550393,KR,1761125083888,15.21.720.925,420,100,blue,1,5523.4,76329.0,24,48,20.716666666666665,3684.424778761062
KR_7880550393,KR,1761125083888,15.21.720.925,420,200,red,0,4585.0,40187.0,11,45,20.716666666666665,1939.8390989541433
KR_7880574076,KR,1761126683833,15.21.720.925,420,100,blue,1,5568.2,124368.0,39,90,34.46666666666667,3608.355899419729
KR_7880574076,KR,1761126683833,15.21.720.925,420,200,red,0,5338.6,90509.0,27,86,34.46666666666667,2625.9864603481624
KR_7882653730,KR,1761285740313,15.21.721.4012,420,100,blue,0,5683.4,141096.0,25,103,33.85,4168.271787296898
KR_7882653730,KR,1761285740313,15.21.721.4012,420,200,red,1,5219.4,141072.0,43,80,33.85,4167.562776957164
KR_7882707282,KR,1761288663196,15.21.721.4012,420,100,blue,0,5326.6,205815.0,49,99,42.083333333333336,4890.653465346534
KR_7882707282,KR,1761288663196,15.21.721.4012,420,200,red,1,4722.0,215613.0,39,97,42.083333333333336,5123.477227722772
KR_7883088699,KR,1761307743969,15.21.721.4012,420,100,blue,0,5326.4,146781.0,36,74,34.8,4217.844827586207
KR_7883088699,KR,1761307743969,15.21.721.4012,420,200,red,1,5253.4,148866.0,47,65,34.8,4277.758620689656
KR_7883913095,KR,1761355985866,15.21.721.4012,420,100,blue,1,5266.0,109724.0,32,77,31.766666666666662,3454.060860440714
KR_7883913095,KR,1761355985866,15.21.721.4012,420,200,red,0,5081.2,104453.0,24,80,31.766666666666662,3288.132214060861
KR_7883940368,KR,1761358520173,15.21.721.4012,420,100,blue,1,5327.2,89624.0,32,63,25.75,3480.5436893203882
KR_7883940368,KR,1761358520173,15.21.721.4012,420,200,red,0,5491.0,73334.0,24,53,25.75,2847.9223300970875
KR_7885605735,KR,1761443839673,15.21.721.8442,420,100,blue,1,5702.8,78142.0,32,45,21.6,3617.6851851851848
KR_7885605735,KR,1761443839673,15.21.721.8442,420,200,red,0,5140.8,56669.0,15,50,21.6,2623.564814814815
KR_7885630306,KR,1761445388472,15.21.721.8442,420,100,blue,0,5589.2,96644.0,26,59,26.55,3640.075329566855
KR_7885630306,KR,1761445388472,15.21.721.8442,420,200,red,1,6132.0,106251.0,35,43,26.55,4001.9209039548023
KR_7885810044,KR,1761455605981,15.21.721.8442,420,100,blue,1,6435.2,55141.0,29,31,15.583333333333334,3538.4598930481284
KR_7885810044,KR,1761455605981,15.21.721.8442,420,200,red,0,4875.2,30579.0,9,35,15.583333333333334,1962.288770053476
KR_7885835322,KR,1761456840419,15.21.721.8442,420,100,blue,0,5260.6,53863.0,15,49,24.2,2225.7438016528927
KR_7885835322,KR,1761456840419,15.21.721.8442,420,200,red,1,5724.6,76080.0,33,55,24.2,3143.8016528925623
KR_7885885315,KR,1761458856275,15.21.721.8442,420,100,blue,1,6339.6,118855.0,44,58,25.433333333333334,4673.197903014417
KR_7885885315,KR,1761458856275,15.21.721.8442,420,200,red,0,5978.2,104322.0,33,48,25.433333333333334,4101.78243774574
KR_7890182518,KR,1761740395620,15.21.721.8442,420,100,blue,1,5551.4,243474.0,59,112,47.25,5152.888888888889
KR_7890182518,KR,1761740395620,15.21.721.8442,420,200,red,0,5025.2,227735.0,55,103,47.25,4819.78835978836
KR_7890284748,KR,1761743738134,15.21.721.8442,420,100,blue,0,4984.2,106106.0,26,71,31.516666666666662,3366.6631411951353
KR_7890284748,KR,1761743738134,15.21.721.8442,420,200,red,1,4973.8,118738.0,31,76,31.516666666666662,3767.46694870439
KR_7890362467,KR,1761746119276,15.21.721.8442,420,100,blue,1,512.4,1445.0,0,2,1.7166666666666663,841.7475728155341
KR_7890362467,KR,1761746119276,15.21.721.8442,420,200,red,0,507.2,1218.0,0,1,1.7166666666666663,709.5145631067962
KR_7890384597,KR,1761746871371,15.21.721.8442,420,100,blue,0,5811.4,209723.0,38,88,40.03333333333333,5238.709408825978
KR_7890384597,KR,1761746871371,15.21.721.8442,420,200,red,1,5641.8,202566.0,52,98,40.03333333333333,5059.933388842632
KR_7890920777,KR,1761802237451,15.21.721.8442,420,100,blue,1,5667.8,70822.0,21,58,25.71666666666666,2753.9338950097217
KR_7890920777,KR,1761802237451,15.21.721.8442,420,200,red,0,4889.0,62316.0,7,44,25.71666666666666,2423.175631885937
KR_7890977338,KR,1761806016848,15.21.721.8442,420,100,blue,1,5688.0,134807.0,52,73,30.916666666666668,4360.334231805929
KR_7890977338,KR,1761806016848,15.21.721.8442,420,200,red,0,5430.4,107963.0,29,75,30.916666666666668,3492.064690026954
KR_7891016157,KR,1761808648808,15.21.721.8442,420,100,blue,0,6550.4,151683.0,38,91,35.75,4242.881118881119
KR_7891016157,KR,1761808648808,15.21.721.8442,420,200,red,1,6113.2,212803.0,50,85,35.75,5952.531468531469
KR_7891229015,KR,1761821037063,15.21.721.8442,420,100,blue,1,5590.0,63577.0,22,38,19.816666666666666,3208.2590412111017
KR_7891229015,KR,1761821037063,15.21.721.8442,420,200,red,0,5018.8,47613.0,11,28,19.816666666666666,2402.6745164003364
KR_7891265039,KR,1761822682870,15.21.721.8442,420,100,blue,1,5188.0,231944.0,40,76,36.13333333333333,6419.114391143911
KR_7891265039,KR,1761822682870,15.21.721.8442,420,200,red,0,5843.6,188735.0,58,74,36.13333333333333,5223.2933579335795
KR_7891326446,KR,1761825164693,15.21.721.8442,420,100,blue,0,5100.4,110925.0,33,71,30.116666666666667,3683.176535694521
KR_7891326446,KR,1761825164693,15.21.721.8442,420,200,red,1,5687.4,130458.0,37,62,30.116666666666667,4331.754288876591
KR_7892526268,KR,1761911737651,15.21.721.8442,420,100,blue,0,5417.6,78573.0,23,63,28.71666666666666,2736.14625652931
KR_7892526268,KR,1761911737651,15.21.721.8442,420,200,red,1,5495.2,105865.0,36,57,28.71666666666666,3686.535113174696
KR_7893523978,KR,1761972317037,15.21.721.8442,420,100,blue,1,5334.0,237298.0,53,107,45.083333333333336,5263.541589648798
KR_7893523978,KR,1761972317037,15.21.721.8442,420,200,red,0,4802.2,214048.0,49,81,45.083333333333336,4747.829944547135
KR_7894513256,KR,1762007714302,15.21.721.8442,420,100,blue,0,5002.0,78991.0,17,68,28.0,2821.1071428571427
KR_7894513256,KR,1762007714302,15.21.721.8442,420,200,red,1,5304.4,96005.0,28,70,28.0,3428.75
KR_7896416178,KR,1762100016913,15.21.721.8442,420,100,blue,1,5906.8,84479.0,33,43,25.566666666666666,3304.2633637548893
KR_7896416178,KR,1762100016913,15.21.721.8442,420,200,red,0,4852.0,62926.0,12,49,25.566666666666666,2461.251629726206
KR_7899210366,KR,1762318027365,15.22.723.1955,420,100,blue,0,5069.0,172525.0,35,62,35.333333333333336,4882.7830188679245
KR_7899210366,KR,1762318027365,15.22.723.1955,420,200,red,1,5958.4,155069.0,49,76,35.333333333333336,4388.745283018868
KR_7899241623,KR,1762320676921,15.22.723.1955,420,100,blue,0,4744.8,100324.0,15,81,33.333333333333336,3009.72
KR_7899241623,KR,1762320676921,15.22.723.1955,420,200,red,1,5144.4,118023.0,32,57,33.333333333333336,3540.6899999999996
KR_7899276601,KR,1762323307025,15.22.723.1955,420,100,blue,0,4861.0,71446.0,20,53,26.05,2742.6487523992323
KR_7899276601,KR,1762323307025,15.22.723.1955,420,200,red,1,5703.6,100062.0,35,58,26.05,3841.151631477927
KR_7899291016,KR,1762323688023,15.22.723.1955,420,100,blue,0,5282.8,128103.0,23,65,32.516666666666666,3939.61045617632
KR_7899291016,KR,1762323688023,15.22.723.1955,420,200,red,1,5409.8,114062.0,37,69,32.516666666666666,3507.801127626858
KR_7900003075,KR,1762352895823,15.22.723.1955,420,100,blue,1,5960.4,35544.0,16,25,15.216666666666665,2335.859802847755
KR_7900003075,KR,1762352895823,15.22.723.1955,420,200,red,0,4782.2,27685.0,8,32,15.216666666666665,1819.3866374589268
KR_7900263378,KR,1762368747324,15.22.723.8534,420,100,blue,0,4976.0,80674.0,21,54,25.85,3120.851063829787
KR_7900263378,KR,1762368747324,15.22.723.8534,420,200,red,1,5685.2,95177.0,38,54,25.85,3681.8955512572534
KR_7901282884,KR,1762439844848,15.22.723.8534,420,100,blue,1,5788.4,103179.0,36,54,25.216666666666665,4091.6986120290817
KR_7901282884,KR,1762439844848,15.22.723.8534,420,200,red,0,5123.6,66945.0,18,52,25.216666666666665,2654.7918043621944
KR_7909736037,KR,1762943968071,15.22.724.5161,420,100,blue,1,5859.8,42532.0,22,22,15.166666666666666,2804.3076923076924
KR_7909736037,KR,1762943968071,15.22.724.5161,420,200,red,0,4246.4,28839.0,4,23,15.166666666666666,1901.4725274725276
KR_7909763640,KR,1762945271053,15.22.724.5161,420,100,blue,0,5251.4,87848.0,24,66,33.2,2646.0240963855417
KR_7909763640,KR,1762945271053,15.22.724.5161,420,200,red,1,5170.6,110220.0,29,80,33.2,3319.8795180722886
KR_7909839385,KR,1762947776110,15.22.724.5161,420,100,blue,1,4943.6,52102.0,17,53,19.95,2611.629072681704
KR_7909839385,KR,1762947776110,15.22.724.5161,420,200,red,0,4674.2,48634.0,8,32,19.95,2437.794486215539
KR_7909890285,KR,1762949335726,15.22.724.5161,420,100,blue,0,1541.6,6658.0,3,4,5.15,1292.8155339805824
KR_7909890285,KR,1762949335726,15.22.724.5161,420,200,red,1,1817.4,7260.0,6,8,5.15,1409.7087378640776
KR_7909908751,KR,1762950032832,15.22.724.5161,420,100,blue,1,6533.8,50018.0,28,26,15.23333333333333,3283.4573304157557
KR_7909908751,KR,1762950032832,15.22.724.5161,420,200,red,0,4407.4,25368.0,5,26,15.23333333333333,1665.2954048140048
KR_7909950975,KR,1762951271544,15.22.724.5161,420,100,blue,0,4802.0,364688.0,57,135,63.333333333333336,5758.231578947368
KR_7909950975,KR,1762951271544,15.22.724.5161,420,200,red,1,5221.8,361771.0,53,121,63.333333333333336,5712.1736842105265
KR_7915658389,KR,1763262155827,15.22.724.5161,420,100,blue,0,4403.8,121993.0,21,42,29.083333333333332,4194.601719197708
KR_7915658389,KR,1763262155827,15.22.724.5161,420,200,red,1,5567.4,112037.0,39,67,29.083333333333332,3852.275071633238
KR_7917572438,KR,1763358378871,15.22.724.5161,420,100,blue,1,6780.2,139145.0,49,73,29.35,4740.885860306644
KR_7917572438,KR,1763358378871,15.22.724.5161,420,200,red,0,5746.0,98526.0,27,61,29.35,3356.9335604770017
KR_7917605522,KR,1763360720008,15.22.724.5161,420,100,blue,1,6014.4,56608.0,31,38,19.783333333333335,2861.3984835720303
KR_7917605522,KR,1763360720008,15.22.724.5161,420,200,red,0,4396.6,50937.0,5,26,19.783333333333335,2574.7430497051387
KR_7917640016,KR,1763362187227,15.22.724.5161,420,100,blue,1,3723.6,16893.0,13,13,9.533333333333333,1771.993006993007
KR_7917640016,KR,1763362187227,15.22.724.5161,420,200,red,0,2642.0,9294.0,3,12,9.533333333333333,974.8951048951049
KR_7917702738,KR,1763366036971,15.22.724.5161,420,100,blue,1,5221.2,180590.0,46,97,40.03333333333333,4510.990840965862
KR_7917702738,KR,1763366036971,15.22.724.5161,420,200,red,0,5364.0,211083.0,58,99,40.03333333333333,5272.681099084097
KR_7917818097,KR,1763371548027,15.22.724.5161,420,100,blue,1,5307.6,63243.0,23,43,24.116666666666667,2622.3773324118865
KR_7917818097,KR,1763371548027,15.22.724.5161,420,200,red,0,4339.0,38399.0,3,31,24.116666666666667,1592.2183828610919
KR_7920365964,KR,1763550259608,15.23.726.9074,420,100,blue,0,5234.8,96703.0,21,49,28.333333333333332,3413.0470588235294
KR_7920365964,KR,1763550259608,15.23.726.9074,420,200,red,1,5480.4,148254.0,40,42,28.333333333333332,5232.494117647059
KR_7920444081,KR,1763552368006,15.23.726.9074,420,100,blue,0,4226.6,94391.0,20,61,29.383333333333333,3212.3993193420306
KR_7920444081,KR,1763552368006,15.23.726.9074,420,200,red,1,5557.2,105104.0,38,57,29.383333333333333,3576.993760635281
KR_7920511068,KR,1763554431459,15.23.726.9074,420,100,blue,0,4809.8,54318.0,11,38,22.683333333333334,2394.621601763409
KR_7920511068,KR,1763554431459,15.23.726.9074,420,200,red,1,5619.4,67765.0,32,44,22.683333333333334,2987.4357090374724
KR_7920569765,KR,1763556139163,15.23.726.9074,420,100,blue,1,576.2,242.0,0,2,1.9166666666666667,126.26086956521739
KR_7920569765,KR,1763556139163,15.23.726.9074,420,200,red,0,536.2,372.0,0,2,1.9166666666666667,194.08695652173913
KR_7920586225,KR,1763556511769,15.23.726.9074,420,100,blue,1,5096.2,105909.0,31,49,29.666666666666668,3569.9662921348313
KR_7920586225,KR,1763556511769,15.23.726.9074,420,200,red,0,4806.4,82114.0,18,59,29.666666666666668,2767.887640449438
KR_7921221430,KR,1763602087074,15.23.726.9074,420,100,blue,1,5462.8,134672.0,43,84,29.383333333333333,4583.278502552467
KR_7921221430,KR,1763602087074,15.23.726.9074,420,200,red,0,5462.6,108004.0,23,62,29.383333333333333,3675.6891661939876
KR_7926613581,KR,1763861455867,15.23.728.3286,420,100,blue,1,5643.4,131138.0,43,65,30.2,4342.317880794702
KR_7926613581,KR,1763861455867,15.23.728.3286,420,200,red,0,4887.6,98983.0,28,29,30.2,3277.582781456954
KR_7926634832,KR,1763863662563,15.23.728.3286,420,100,blue,1,4960.4,160034.0,44,82,37.21666666666667,4300.062695924765
KR_7926634832,KR,1763863662563,15.23.728.3286,420,200,red,0,5460.2,118612.0,32,61,37.21666666666667,3187.066726377071
KR_7928500107,KR,1763948012855,15.23.728.3286,420,100,blue,0,4754.2,98650.0,16,55,29.65,3327.150084317032
KR_7928500107,KR,1763948012855,15.23.728.3286,420,200,red,1,5121.6,124584.0,46,55,29.65,4201.821247892074
KR_7928534550,KR,1763952966534,15.23.728.3286,420,100,blue,0,5242.0,84071.0,27,48,29.083333333333332,2890.6934097421204
KR_7928534550,KR,1763952966534,15.23.728.3286,420,200,red,1,4993.8,92359.0,34,80,29.083333333333332,3175.6676217765043
KR_7928601052,KR,1763958491794,15.23.728.3286,420,100,blue,1,4968.6,82880.0,27,46,26.866666666666667,3084.863523573201
KR_7928601052,KR,1763958491794,15.23.728.3286,420,200,red,0,4721.8,62802.0,12,44,26.866666666666667,2337.543424317618
KR_7928758898,KR,1763969120041,15.23.728.3286,420,100,blue,1,5151.4,130961.0,37,75,33.06666666666667,3960.5141129032254
KR_7928758898,KR,1763969120041,15.23.728.3286,420,200,red,0,4857.8,119409.0,29,56,33.06666666666667,3611.159274193548
KR_7930236178,KR,1764057497691,15.23.728.3286,420,100,blue,0,5063.0,226337.0,47,88,40.0,5658.425
KR_7930236178,KR,1764057497691,15.23.728.3286,420,200,red,1,4651.2,194555.0,45,96,40.0,4863.875
KR_7930331148,KR,1764062061592,15.23.728.3286,420,100,blue,0,4501.4,40545.0,12,40,18.4,2203.5326086956525
KR_7930331148,KR,1764062061592,15.23.728.3286,420,200,red,1,6239.6,60271.0,30,30,18.4,3275.597826086957
KR_7930352241,KR,1764063516529,15.23.728.3286,420,100,blue,0,5557.6,75795.0,32,54,25.016666666666666,3029.780146568954
KR_7930352241,KR,1764063516529,15.23.728.3286,420,200,red,1,5397.0,64165.0,30,54,25.016666666666666,2564.8900732844772
KR_7931357902,KR,1764125428063,15.23.728.3286,420,100,blue,0,4588.2,30376.0,7,31,16.783333333333335,1809.8907646474674
KR_7931357902,KR,1764125428063,15.23.728.3286,420,200,red,1,5601.6,39103.0,18,33,16.783333333333335,2329.87090367428
KR_7931377246,KR,1764126306027,15.23.728.3286,420,100,blue,0,5532.4,145271.0,27,90,38.31666666666667,3791.326663766855
KR_7931377246,KR,1764126306027,15.23.728.3286,420,200,red,1,5525.8,182681.0,51,93,38.31666666666667,4767.664201826881
KR_7932667143,KR,1764201775608,15.23.728.3286,420,100,blue,0,4420.6,46089.0,7,47,22.65,2034.8344370860927
KR_7932667143,KR,1764201775608,15.23.728.3286,420,200,red,1,5227.2,54357.0,27,45,22.65,2399.8675496688743
KR_7932684294,KR,1764205123614,15.23.728.3286,420,100,blue,0,4668.0,84689.0,16,51,32.666666666666664,2592.5204081632655
KR_7932684294,KR,1764205123614,15.23.728.3286,420,200,red,1,4501.6,96049.0,28,67,32.666666666666664,2940.275510204082
KR_7932696410,KR,1764207433243,15.23.728.3286,420,100,blue,0,4482.4,88965.0,21,58,28.9,3078.3737024221455
KR_7932696410,KR,1764207433243,15.23.728.3286,420,200,red,1,5239.2,108240.0,39,51,28.9,3745.3287197231834
KR_7932710503,KR,1764209487738,15.23.728.3286,420,100,blue,1,5532.6,88636.0,39,42,24.366666666666667,3637.592339261286
KR_7932710503,KR,1764209487738,15.23.728.3286,420,200,red,0,5227.6,65432.0,27,41,24.366666666666667,2685.3077975376195
KR_7932727418,KR,1764211223415,15.23.728.3286,420,100,blue,1,5460.4,76536.0,35,44,22.7,3371.6299559471368
KR_7932727418,KR,1764211223415,15.23.728.3286,420,200,red,0,4319.2,57751.0,13,38,22.7,2544.0969162995593
KR_7934085520,KR,1764292508829,15.23.728.3286,420,100,blue,1,4989.8,146593.0,26,91,40.1,3655.6857855361595
KR_7934085520,KR,1764292508829,15.23.728.3286,420,200,red,0,4725.2,116648.0,19,66,40.1,2908.927680798005
KR_7934113310,KR,1764295224360,15.23.728.3286,420,100,blue,1,4954.2,67638.0,19,39,21.983333333333334,3076.7854435178165
KR_7934113310,KR,1764295224360,15.23.728.3286,420,200,red,0,4442.8,41570.0,1,31,21.983333333333334,1890.978013646702
KR_7934752352,KR,1764330450136,15.23.728.3286,420,100,blue,0,4274.0,64544.0,9,55,23.133333333333333,2790.0864553314123
KR_7934752352,KR,1764330450136,15.23.728.3286,420,200,red,1,4848.4,62924.0,21,42,23.133333333333333,2720.057636887608
KR_7935420291,KR,1764347696786,15.23.728.3286,420,100,blue,0,4288.4,104128.0,17,62,32.233333333333334,3230.4446742502582
KR_7935420291,KR,1764347696786,15.23.728.3286,420,200,red,1,4785.0,127131.0,28,79,32.233333333333334,3944.084798345398
KR_7935478964,KR,1764350391414,15.23.728.3286,420,100,blue,1,4945.6,110842.0,35,61,28.71666666666666,3859.849100406269
KR_7935478964,KR,1764350391414,15.23.728.3286,420,200,red,0,4887.4,92874.0,21,57,28.71666666666666,3234.1497388276266
KR_7935527796,KR,1764352567583,15.23.728.3286,420,100,blue,0,5208.4,209462.0,52,80,40.53333333333333,5167.64802631579
KR_7935527796,KR,1764352567583,15.23.728.3286,420,200,red,1,5110.2,265369.0,53,69,40.53333333333333,6546.932565789474
KR_7936063440,KR,1764398253364,15.23.728.3286,420,100,blue,0,5061.8,82523.0,21,53,24.883333333333333,3316.3965170797055
KR_7936063440,KR,1764398253364,15.23.728.3286,420,200,red,1,6066.2,133859.0,37,46,24.883333333333333,5379.464166108506
KR_7936111661,KR,1764400104011,15.23.728.3286,420,100,blue,0,5917.6,123082.0,33,75,33.5,3674.089552238806
KR_7936111661,KR,1764400104011,15.23.728.3286,420,200,red,1,4884.0,137469.0,38,79,33.5,4103.55223880597
KR_7936178481,KR,1764402466071,15.23.728.3286,420,100,blue,0,4521.6,134097.0,31,73,34.96666666666667,3834.9952335557673
KR_7936178481,KR,1764402466071,15.23.728.3286,420,200,red,1,5315.2,206741.0,54,81,34.96666666666667,5912.516682554814
KR_7936248716,KR,1764404932917,15.23.728.3286,420,100,blue,0,5279.6,92493.0,21,48,25.283333333333335,3658.2597231377717
KR_7936248716,KR,1764404932917,15.23.728.3286,420,200,red,1,6169.4,113241.0,48,37,25.283333333333335,4478.87936717205
KR_7936684619,KR,1764419123154,15.23.728.3286,420,100,blue,1,5875.0,102215.0,40,56,27.0,3785.740740740741
KR_7936684619,KR,1764419123154,15.23.728.3286,420,200,red,0,5909.2,99496.0,30,47,27.0,3685.037037037037
KR_7936826663,KR,1764422548043,15.23.728.3286,420,100,blue,1,5463.6,96641.0,30,41,24.683333333333334,3915.2329507089803
KR_7936826663,KR,1764422548043,15.23.728.3286,420,200,red,0,5018.0,92051.0,19,40,24.683333333333334,3729.2775151924375
KR_7936922193,KR,1764424535502,15.23.728.3286,420,100,blue,1,5019.0,115098.0,37,49,24.183333333333334,4759.393521709166
KR_7936922193,KR,1764424535502,15.23.728.3286,420,200,red,0,5358.0,77069.0,27,38,24.183333333333334,3186.8642315644383
KR_7937866713,KR,1764481000232,15.23.728.3286,420,100,blue,1,5060.8,168056.0,43,79,42.75,3931.1345029239765
KR_7937866713,KR,1764481000232,15.23.728.3286,420,200,red,0,5009.6,204296.0,31,106,42.75,4778.853801169591
KR_7937943965,KR,1764483913165,15.23.728.3286,420,100,blue,0,5231.0,87742.0,23,59,25.78333333333334,3403.0510665804777
KR_7937943965,KR,1764483913165,15.23.728.3286,420,200,red,1,6046.6,102887.0,43,46,25.78333333333334,3990.446024563671
KR_7938892741,KR,1764511579391,15.23.728.3286,420,100,blue,0,4724.4,68458.0,8,47,27.8,2462.5179856115105
KR_7938892741,KR,1764511579391,15.23.728.3286,420,200,red,1,5621.4,103354.0,28,53,27.8,3717.7697841726617
KR_7939479519,KR,1764564660265,15.23.728.3286,420,100,blue,1,4546.6,168067.0,35,84,38.46666666666667,4369.159445407279
KR_7939479519,KR,1764564660265,15.23.728.3286,420,200,red,0,5836.2,159540.0,37,89,38.46666666666667,4147.487001733102
KR_7940709308,KR,1764639161151,15.23.728.3286,420,100,blue,0,4803.0,96404.0,21,66,27.766666666666662,3471.9327731092444
KR_7940709308,KR,1764639161151,15.23.728.3286,420,200,red,1,5225.2,98549.0,34,56,27.766666666666662,3549.1836734693884
KR_7940800810,KR,1764649671302,15.23.728.3286,420,100,blue,1,5262.6,141269.0,49,64,33.5,4216.985074626866
KR_7940800810,KR,1764649671302,15.23.728.3286,420,200,red,0,5305.2,136017.0,43,58,33.5,4060.208955223881
KR_7940867089,KR,1764653725741,15.23.728.3286,420,100,blue,1,5338.6,127107.0,41,54,31.06666666666667,4091.427038626609
KR_7940867089,KR,1764653725741,15.23.728.3286,420,200,red,0,4987.6,93361.0,23,55,31.06666666666667,3005.182403433476
KR_7940887473,KR,1764655528314,15.23.728.3286,420,100,blue,0,5068.4,109648.0,25,53,30.6,3583.267973856209
KR_7940887473,KR,1764655528314,15.23.728.3286,420,200,red,1,5315.0,133812.0,40,55,30.6,4372.941176470588
KR_7940911750,KR,1764657293652,15.23.728.3286,420,100,blue,1,5300.2,114586.0,42,52,31.7,3614.700315457413
KR_7940911750,KR,1764657293652,15.23.728.3286,420,200,red,0,4551.0,129683.0,29,63,31.7,4090.9463722397477
KR_7940952422,KR,1764659344702,15.23.728.3286,420,100,blue,0,5237.0,124197.0,18,119,39.43333333333333,3149.5435333896876
KR_7940952422,KR,1764659344702,15.23.728.3286,420,200,red,1,4998.4,149285.0,31,104,39.43333333333333,3785.7565511411667
KR_7943809501,KR,1764806445340,15.24.730.7955,420,100,blue,1,5503.0,115951.0,41,56,28.133333333333333,4121.481042654029
KR_7943809501,KR,1764806445340,15.24.730.7955,420,200,red,0,5247.8,99928.0,22,48,28.133333333333333,3551.9431279620853
KR_7943906019,KR,1764814432312,15.24.730.7955,420,100,blue,0,5293.4,86614.0,25,47,26.166666666666668,3310.0891719745223
KR_7943906019,KR,1764814432312,15.24.730.7955,420,200,red,1,6052.8,96096.0,30,51,26.166666666666668,3672.4585987261144
KR_7943930299,KR,1764816302810,15.24.730.7955,420,100,blue,1,5329.6,139307.0,31,63,32.63333333333333,4268.855975485189
KR_7943930299,KR,1764816302810,15.24.730.7955,420,200,red,0,4543.8,107607.0,25,62,32.63333333333333,3297.4565883554646
KR_7944001647,KR,1764820879913,15.24.730.7955,420,100,blue,1,5987.8,80463.0,37,36,20.983333333333334,3834.614773629865
KR_7944001647,KR,1764820879913,15.24.730.7955,420,200,red,0,4515.6,50992.0,16,44,20.983333333333334,2430.11914217633
KR_7944030661,KR,1764822404784,15.24.730.7955,420,100,blue,0,4358.6,31437.0,5,26,17.3,1817.1676300578033
KR_7944030661,KR,1764822404784,15.24.730.7955,420,200,red,1,5482.8,52115.0,18,26,17.3,3012.4277456647396
KR_7944065142,KR,1764823697998,15.24.730.7955,420,100,blue,0,5330.4,111960.0,22,62,30.93333333333333,3619.396551724138
KR_7944065142,KR,1764823697998,15.24.730.7955,420,200,red,1,5691.0,146716.0,50,53,30.93333333333333,4742.974137931035
KR_7944108222,KR,1764825837260,15.24.730.7955,420,100,blue,0,4649.0,70401.0,12,59,28.233333333333338,2493.5419126328215
KR_7944108222,KR,1764825837260,15.24.730.7955,420,200,red,1,5618.2,118585.0,45,53,28.233333333333338,4200.17709563164
KR_7947311503,KR,1764946267456,15.24.730.7955,420,100,blue,0,4505.6,77291.0,19,68,30.93333333333333,2498.631465517242
KR_7947311503,KR,1764946267456,15.24.730.7955,420,200,red,1,4985.8,131186.0,34,67,30.93333333333333,4240.926724137931
KR_7947428008,KR,1764948541494,15.24.730.7955,420,100,blue,1,6022.2,108915.0,41,59,24.866666666666667,4379.9597855227885
KR_7947428008,KR,1764948541494,15.24.730.7955,420,200,red,0,4757.2,74595.0,21,32,24.866666666666667,2999.798927613941
KR_7947499619,KR,1764950294407,15.24.730.7955,420,100,blue,0,4994.6,171433.0,40,87,41.43333333333333,4137.56234915527
KR_7947499619,KR,1764950294407,15.24.730.7955,420,200,red,1,5907.2,234955.0,52,91,41.43333333333333,5670.675784392599
KR_7947606611,KR,1764953059884,15.24.730.7955,420,100,blue,0,5202.0,151896.0,27,86,35.85,4236.987447698744
KR_7947606611,KR,1764953059884,15.24.730.7955,420,200,red,1,5052.8,151063.0,36,66,35.85,4213.751743375175
KR_7949888565,KR,1765035738523,15.24.731.5210,420,100,blue,1,5335.6,31021.0,15,30,15.65,1982.1725239616612
KR_7949888565,KR,1765035738523,15.24.731.5210,420,200,red,0,4606.8,24937.0,5,28,15.65,1593.4185303514378
KR_7952818204,KR,1765160563306,15.24.731.5210,420,100,blue,0,514.2,653.0,0,2,1.75,373.14285714285717
KR_7952818204,KR,1765160563306,15.24.731.5210,420,200,red,1,595.4,1158.0,1,1,1.75,661.7142857142857
KR_7952831193,KR,1765161390832,15.24.731.5210,420,100,blue,1,5365.8,78527.0,27,52,26.266666666666662,2989.606598984772
KR_7952831193,KR,1765161390832,15.24.731.5210,420,200,red,0,4656.6,64847.0,13,53,26.266666666666662,2468.794416243655
KR_7952853725,KR,1765163487836,15.24.731.5210,420,100,blue,1,5934.0,118088.0,40,51,28.25,4180.1061946902655
KR_7952853725,KR,1765163487836,15.24.731.5210,420,200,red,0,5146.2,87496.0,24,47,28.25,3097.2035398230087
KR_7952914566,KR,1765166953827,15.24.731.5210,420,100,blue,1,6084.4,82700.0,33,39,24.033333333333335,3441.054091539528
KR_7952914566,KR,1765166953827,15.24.731.5210,420,200,red,0,4793.2,63219.0,16,45,24.033333333333335,2630.4715672676834
KR_7953616363,KR,1765193623651,15.24.731.5210,420,100,blue,1,798.8,1981.0,1,2,2.3666666666666667,837.0422535211268
KR_7953616363,KR,1765193623651,15.24.731.5210,420,200,red,0,697.0,1374.0,1,4,2.3666666666666667,580.5633802816901
KR_7953651592,KR,1765194581023,15.24.731.5210,420,100,blue,1,5552.4,115153.0,38,58,27.55,4179.78221415608
KR_7953651592,KR,1765194581023,15.24.731.5210,420,200,red,0,5025.6,92400.0,24,60,27.55,3353.901996370236
KR_7953744202,KR,1765196706769,15.24.731.5210,420,100,blue,1,5755.2,172714.0,50,94,39.96666666666667,4321.451209341118
KR_7953744202,KR,1765196706769,15.24.731.5210,420,200,red,0,5615.6,150175.0,34,92,39.96666666666667,3757.506255212677
KR_7953871515,KR,1765199490196,15.24.731.5210,420,100,blue,0,4699.6,70722.0,8,71,27.5,2571.7090909090907
KR_7953871515,KR,1765199490196,15.24.731.5210,420,200,red,1,5423.6,102528.0,31,66,27.5,3728.2909090909093
KR_7954624647,KR,1765243769424,15.24.731.5210,420,100,blue,1,5998.0,50728.0,18,35,16.883333333333333,3004.61994076999
KR_7954624647,KR,1765243769424,15.24.731.5210,420,200,red,0,4533.6,29447.0,8,26,16.883333333333333,1744.1461006910167
KR_7954635947,KR,1765245063229,15.24.731.5210,420,100,blue,1,6364.8,124197.0,51,50,27.916666666666668,4448.84776119403
KR_7954635947,KR,1765245063229,15.24.731.5210,420,200,red,0,5699.6,96669.0,28,53,27.916666666666668,3462.7701492537312
KR_7954660610,KR,1765247021820,15.24.731.5210,420,100,blue,0,4948.6,115688.0,23,77,33.93333333333333,3409.273084479372
KR_7954660610,KR,1765247021820,15.24.731.5210,420,200,red,1,4876.0,114775.0,36,79,33.93333333333333,3382.367387033399
KR_7954750736,KR,1765252988123,15.24.731.5210,420,100,blue,1,5361.4,126141.0,40,61,29.733333333333338,4242.410313901345
KR_7954750736,KR,1765252988123,15.24.731.5210,420,200,red,0,5128.6,105160.0,33,60,29.733333333333338,3536.77130044843
KR_7954811220,KR,1765255757481,15.24.731.5210,420,100,blue,1,5032.8,174646.0,37,91,37.5,4657.2266666666665
KR_7954811220,KR,1765255757481,15.24.731.5210,420,200,red,0,4846.6,139201.0,27,99,37.5,3712.0266666666666
KR_7954863605,KR,1765258324837,15.24.731.5210,420,100,blue,0,5566.2,108275.0,28,67,30.28333333333334,3575.399009356081
KR_7954863605,KR,1765258324837,15.24.731.5210,420,200,red,1,4783.0,137948.0,31,51,30.28333333333334,4555.244909190973
KR_7954903944,KR,1765260411088,15.24.731.5210,420,100,blue,0,4650.0,36689.0,11,43,22.2,1652.6576576576576
KR_7954903944,KR,1765260411088,15.24.731.5210,420,200,red,1,4807.6,61065.0,18,33,22.2,2750.675675675676
KR_7954953512,KR,1765262155537,15.24.731.5210,420,100,blue,0,5732.8,90952.0,30,46,27.03333333333334,3364.4389642416763
KR_7954953512,KR,1765262155537,15.24.731.5210,420,200,red,1,5997.4,114885.0,44,54,27.03333333333334,4249.753390875461
KR_7955109092,KR,1765268164179,15.24.731.5210,420,100,blue,1,5538.2,109468.0,39,70,26.583333333333332,4117.918495297806
KR_7955109092,KR,1765268164179,15.24.731.5210,420,200,red,0,5478.0,85609.0,20,72,26.583333333333332,3220.4012539184955
KR_7955144997,KR,1765270017443,15.24.731.5210,420,100,blue,0,5373.6,139034.0,22,73,33.15,4194.0874811463045
KR_7955144997,KR,1765270017443,15.24.731.5210,420,200,red,1,5194.2,151846.0,35,84,33.15,4580.573152337858
KR_7955218131,KR,1765272312932,15.24.731.5210,420,100,blue,0,5140.8,44813.0,12,53,22.083333333333332,2029.267924528302
KR_7955218131,KR,1765272312932,15.24.731.5210,420,200,red,1,5340.4,63564.0,17,52,22.083333333333332,2878.3698113207547
KR_7960652706,KR,1765525367955,15.24.732.64,420,100,blue,0,4870.0,157678.0,31,86,39.18333333333333,4024.1088898341136
KR_7960652706,KR,1765525367955,15.24.732.64,420,200,red,1,4773.4,158802.0,39,79,39.18333333333333,4052.7945555082947
KR_7961019348,KR,1765537364021,15.24.732.64,420,100,blue,1,5197.2,157429.0,44,83,37.11666666666667,4241.463852716659
KR_7961019348,KR,1765537364021,15.24.732.64,420,200,red,0,5270.4,121449.0,34,70,37.11666666666667,3272.08801077683
KR_7961661593,KR,1765551391232,15.24.732.64,420,100,blue,1,5016.6,138543.0,33,88,35.93333333333333,3855.5565862708722
KR_7961661593,KR,1765551391232,15.24.732.64,420,200,red,0,4962.8,100996.0,31,93,35.93333333333333,2810.6493506493507
KR_7961786242,KR,1765553836965,15.24.732.64,420,100,blue,0,4503.8,51285.0,12,43,25.216666666666665,2033.7739590218112
KR_7961786242,KR,1765553836965,15.24.732.64,420,200,red,1,5373.2,86558.0,31,56,25.216666666666665,3432.571050892267
KR_7961856288,KR,1765555593124,15.24.732.64,420,100,blue,0,5468.8,92141.0,20,54,27.15,3393.77532228361
KR_7961856288,KR,1765555593124,15.24.732.64,420,200,red,1,5164.8,97365.0,31,50,27.15,3586.1878453038676
KR_7961929123,KR,1765557512189,15.24.732.64,420,100,blue,0,5130.0,147765.0,37,85,38.31666666666667,3856.4158329708566
KR_7961929123,KR,1765557512189,15.24.732.64,420,200,red,1,5296.4,197193.0,50,89,38.31666666666667,5146.402783819051
KR_7961999985,KR,1765560074637,15.24.732.64,420,100,blue,1,5852.8,103489.0,34,50,27.95,3702.6475849731664
KR_7961999985,KR,1765560074637,15.24.732.64,420,200,red,0,5434.4,103017.0,35,54,27.95,3685.7602862254025
KR_7962060075,KR,1765562071826,15.24.732.64,420,100,blue,1,5251.6,111015.0,40,58,28.116666666666667,3948.369887374037
KR_7962060075,KR,1765562071826,15.24.732.64,420,200,red,0,4929.6,104020.0,23,54,28.116666666666667,3699.585062240664
KR_7962941942,KR,1765611708086,15.24.732.64,420,100,blue,0,4950.6,191486.0,34,84,44.65,4288.600223964166
KR_7962941942,KR,1765611708086,15.24.732.64,420,200,red,1,4969.0,190632.0,52,74,44.65,4269.473684210527
KR_7965575106,KR,1765702742866,15.24.732.64,420,100,blue,1,5236.2,111018.0,37,82,31.05,3575.4589371980674
KR_7965575106,KR,1765702742866,15.24.732.64,420,200,red,0,5217.2,104071.0,25,66,31.05,3351.723027375201
KR_7965650535,KR,1765704907628,15.24.732.64,420,100,blue,0,5719.8,97899.0,28,49,27.266666666666662,3590.4278728606364
KR_7965650535,KR,1765704907628,15.24.732.64,420,200,red,1,5751.2,115050.0,47,55,27.266666666666662,4219.437652811736
KR_7965722375,KR,1765706789804,15.24.732.64,420,100,blue,1,5530.0,53942.0,21,43,19.233333333333334,2804.6100519930674
KR_7965722375,KR,1765706789804,15.24.732.64,420,200,red,0,4569.0,34342.0,6,33,19.233333333333334,1785.5459272097053
KR_7965784093,KR,1765708196090,15.24.732.64,420,100,blue,1,6251.4,112260.0,40,45,25.05,4481.437125748503
KR_7965784093,KR,1765708196090,15.24.732.64,420,200,red,0,4598.8,59322.0,13,51,25.05,2368.1437125748503
KR_7965856270,KR,1765710052005,15.24.732.64,420,100,blue,0,5067.2,98158.0,26,55,29.133333333333333,3369.267734553776
KR_7965856270,KR,1765710052005,15.24.732.64,420,200,red,1,5785.8,112817.0,39,59,29.133333333333333,3872.437070938215
KR_7965950368,KR,1765712062937,15.24.732.64,420,100,blue,0,5176.4,193418.0,45,88,36.833333333333336,5251.16742081448
KR_7965950368,KR,1765712062937,15.24.732.64,420,200,red,1,6138.0,175344.0,58,86,36.833333333333336,4760.470588235294
KR_7973901003,KR,1766078876643,15.24.733.6673,420,100,blue,0,5929.8,87129.0,18,72,27.633333333333333,3153.0398069963812
KR_7973901003,KR,1766078876643,15.24.733.6673,420,200,red,1,5879.0,122894.0,34,67,27.633333333333333,4447.310012062726
KR_7973921901,KR,1766081004523,15.24.733.6673,420,100,blue,0,4754.8,28543.0,6,18,15.366666666666669,1857.462039045553
KR_7973921901,KR,1766081004523,15.24.733.6673,420,200,red,1,6043.0,38267.0,15,29,15.366666666666669,2490.2603036876353
KR_7976424759,KR,1766207486839,15.24.734.7485,420,100,blue,1,5629.2,124724.0,44,38,26.93333333333333,4630.8415841584165
KR_7976424759,KR,1766207486839,15.24.734.7485,420,200,red,0,4422.0,95712.0,20,50,26.93333333333333,3553.663366336634
KR_7976485795,KR,1766209491174,15.24.734.7485,420,100,blue,0,5167.6,91809.0,21,79,29.883333333333333,3072.2476296709424
KR_7976485795,KR,1766209491174,15.24.734.7485,420,200,red,1,5260.0,118442.0,26,61,29.883333333333333,3963.4802007808144
KR_7976557511,KR,1766211663672,15.24.734.7485,420,100,blue,1,5678.8,102605.0,34,59,25.133333333333333,4082.4270557029176
KR_7976557511,KR,1766211663672,15.24.734.7485,420,200,red,0,5027.8,91120.0,21,45,25.133333333333333,3625.4641909814322
KR_7978345388,KR,1766262369050,15.24.734.7485,420,100,blue,1,5455.8,120465.0,36,45,25.483333333333334,4727.207325049051
KR_7978345388,KR,1766262369050,15.24.734.7485,420,200,red,0,4999.6,69965.0,18,38,25.483333333333334,2745.519947678221
KR_7978349859,KR,1766264166344,15.24.734.7485,420,100,blue,0,5616.8,144623.0,48,71,41.25,3506.012121212121
KR_7978349859,KR,1766264166344,15.24.734.7485,420,200,red,1,4842.2,182808.0,46,96,41.25,4431.709090909091
KR_7978565376,KR,1766285488144,15.24.734.7485,420,100,blue,0,5167.6,154370.0,30,81,34.833333333333336,4431.6746411483255
KR_7978565376,KR,1766285488144,15.24.734.7485,420,200,red,1,5401.8,146474.0,44,78,34.833333333333336,4204.995215311004
KR_7978608764,KR,1766287892339,15.24.734.7485,420,100,blue,1,6115.0,105120.0,44,45,26.3,3996.958174904943
KR_7978608764,KR,1766287892339,15.24.734.7485,420,200,red,0,5269.2,94307.0,23,43,26.3,3585.8174904942966
KR_7978686632,KR,1766291129197,15.24.734.7485,420,100,blue,0,5702.0,112409.0,33,65,30.733333333333338,3657.5596529284157
KR_7978686632,KR,1766291129197,15.24.734.7485,420,200,red,1,5588.0,123031.0,36,61,30.733333333333338,4003.1778741865505
KR_7978743786,KR,1766293266635,15.24.734.7485,420,100,blue,1,5652.2,121497.0,35,61,28.1,4323.73665480427
KR_7978743786,KR,1766293266635,15.24.734.7485,420,200,red,0,5394.6,96471.0,34,60,28.1,3433.1316725978645
KR_7978959107,KR,1766299355692,15.24.734.7485,420,100,blue,1,5783.8,42586.0,20,23,15.383333333333331,2768.3206933911165
KR_7978959107,KR,1766299355692,15.24.734.7485,420,200,red,0,4839.8,21223.0,9,22,15.383333333333331,1379.6099674972916
KR_7979018578,KR,1766301122724,15.24.734.7485,420,100,blue,1,5709.0,136011.0,53,60,25.433333333333334,5347.745740498034
KR_7979018578,KR,1766301122724,15.24.734.7485,420,200,red,0,5155.6,87924.0,19,42,25.433333333333334,3457.038007863696
KR_7979119307,KR,1766303659749,15.24.734.7485,420,100,blue,0,5312.4,82168.0,19,51,28.483333333333338,2884.7747220596834
KR_7979119307,KR,1766303659749,15.24.734.7485,420,200,red,1,5018.0,117515.0,34,51,28.483333333333338,4125.746050321825
KR_7979300331,KR,1766308509887,15.24.734.7485,420,100,blue,1,5049.4,113765.0,38,65,31.733333333333338,3585.0315126050414
KR_7979300331,KR,1766308509887,15.24.734.7485,420,200,red,0,4895.8,98556.0,16,86,31.733333333333338,3105.756302521008
KR_7979378707,KR,1766310776321,15.24.734.7485,420,100,blue,0,5656.6,119513.0,38,47,30.43333333333333,3927.042716319825
KR_7979378707,KR,1766310776321,15.24.734.7485,420,200,red,1,5784.2,136460.0,44,40,30.43333333333333,4483.899233296824
KR_7979460815,KR,1766313010063,15.24.734.7485,420,100,blue,0,4931.0,77264.0,16,51,24.966666666666665,3094.6862483311083
KR_7979460815,KR,1766313010063,15.24.734.7485,420,200,red,1,5513.6,90310.0,35,51,24.966666666666665,3617.222963951936
KR_7979560908,KR,1766315359374,15.24.734.7485,420,100,blue,0,5303.8,191101.0,28,76,39.68333333333333,4815.64888702226
KR_7979560908,KR,1766315359374,15.24.734.7485,420,200,red,1,5654.8,200573.0,59,89,39.68333333333333,5054.338513229736
KR_7979677778,KR,1766317849253,15.24.734.7485,420,100,blue,1,5916.0,94265.0,30,62,27.333333333333332,3448.719512195122
KR_7979677778,KR,1766317849253,15.24.734.7485,420,200,red,0,5029.4,66199.0,22,65,27.333333333333332,2421.9146341463415
KR_7979691386,KR,1766318084258,15.24.734.7485,420,100,blue,1,5545.8,141354.0,41,72,35.6,3970.61797752809
KR_7979691386,KR,1766318084258,15.24.734.7485,420,200,red,0,5771.2,133377.0,49,66,35.6,3746.5449438202245
KR_7982495417,KR,1766454251344,15.24.734.7485,420,100,blue,0,4565.0,50475.0,9,49,25.466666666666665,1982.0026178010473
KR_7982495417,KR,1766454251344,15.24.734.7485,420,200,red,1,5657.4,91241.0,33,50,25.466666666666665,3582.761780104712
KR_7982518683,KR,1766456614223,15.24.734.7485,420,100,blue,0,5634.2,125921.0,25,52,29.4,4283.027210884354
KR_7982518683,KR,1766456614223,15.24.734.7485,420,200,red,1,5069.8,130982.0,46,58,29.4,4455.1700680272115
KR_7983305193,KR,1766490472270,15.24.734.7485,420,100,blue,1,6631.2,52720.0,32,29,15.8,3336.7088607594937
KR_7983305193,KR,1766490472270,15.24.734.7485,420,200,red,0,4771.8,30142.0,8,28,15.8,1907.7215189873416
KR_7984670500,KR,1766562145405,15.24.734.7485,420,100,blue,0,4968.4,157368.0,25,61,39.25,4009.375796178344
KR_7984670500,KR,1766562145405,15.24.734.7485,420,200,red,1,5315.8,180880.0,40,86,39.25,4608.407643312102
KR_7984733940,KR,1766564856945,15.24.734.7485,420,100,blue,0,5717.0,147348.0,28,80,34.31666666666667,4293.77367654201
KR_7984733940,KR,1766564856945,15.24.734.7485,420,200,red,1,6375.2,117110.0,47,85,34.31666666666667,3412.627489072365
KR_7984799658,KR,1766567252825,15.24.734.7485,420,100,blue,0,5275.4,111415.0,32,64,29.516666666666662,3774.6470920383967
KR_7984799658,KR,1766567252825,15.24.734.7485,420,200,red,1,5535.4,124543.0,38,82,29.516666666666662,4219.4127611518925
KR_7987131426,KR,1766659878259,15.24.734.7485,420,100,blue,1,5783.4,138976.0,47,55,28.5,4876.350877192983
KR_7987131426,KR,1766659878259,15.24.734.7485,420,200,red,0,5323.6,102170.0,25,58,28.5,3584.9122807017543
KR_7989211600,KR,1766750235296,15.24.734.7485,420,100,blue,1,6122.4,83870.0,33,47,24.833333333333332,3377.3154362416108
KR_7989211600,KR,1766750235296,15.24.734.7485,420,200,red,0,5141.2,76584.0,23,46,24.833333333333332,3083.9194630872485
KR_7989286820,KR,1766752049444,15.24.734.7485,420,100,blue,1,5350.4,160199.0,40,75,32.266666666666666,4964.8450413223145
KR_7989286820,KR,1766752049444,15.24.734.7485,420,200,red,0,5254.6,96385.0,25,80,32.266666666666666,2987.1384297520663
KR_7989358427,KR,1766753438874,15.24.734.7485,420,100,blue,0,6160.8,201022.0,49,62,38.1,5276.167979002625
KR_7989358427,KR,1766753438874,15.24.734.7485,420,200,red,1,5235.6,156305.0,47,84,38.1,4102.49343832021
KR_7989391823,KR,1766754241158,15.24.734.7485,420,100,blue,0,5042.0,65358.0,17,67,29.0,2253.7241379310344
KR_7989391823,KR,1766754241158,15.24.734.7485,420,200,red,1,5867.0,97014.0,32,80,29.0,3345.310344827586
KR_7990365028,KR,1766796402234,15.24.734.7485,420,100,blue,1,5837.4,55302.0,25,36,18.6,2973.2258064516127
KR_7990365028,KR,1766796402234,15.24.734.7485,420,200,red,0,5443.2,59696.0,21,28,18.6,3209.4623655913974
KR_7991484201,KR,1766835060482,15.24.734.7485,420,100,blue,0,4886.6,43735.0,10,52,28.4,1539.9647887323945
KR_7991484201,KR,1766835060482,15.24.734.7485,420,200,red,1,5854.6,93048.0,34,57,28.4,3276.3380281690143
KR_7992711677,KR,1766880902943,15.24.734.7485,420,100,blue,0,5586.2,76945.0,20,57,27.18333333333333,2830.5947271612513
KR_7992711677,KR,1766880902943,15.24.734.7485,420,200,red,1,6037.2,101691.0,40,53,27.18333333333333,3740.9319435928883
KR_7992727884,KR,1766882839834,15.24.734.7485,420,100,blue,0,5413.2,47409.0,18,40,20.683333333333334,2292.1353746978243
KR_7992727884,KR,1766882839834,15.24.734.7485,420,200,red,1,5904.0,67429.0,26,41,20.683333333333334,3260.064464141821
KR_7993686791,KR,1766916371509,15.24.734.7485,420,100,blue,1,5375.2,101086.0,25,77,27.133333333333333,3725.5282555282556
KR_7993686791,KR,1766916371509,15.24.734.7485,420,200,red,0,4751.6,53252.0,13,63,27.133333333333333,1962.6044226044226
KR_7993767909,KR,1766918523465,15.24.734.7485,420,100,blue,1,5510.2,143245.0,42,82,30.2,4743.211920529801
KR_7993767909,KR,1766918523465,15.24.734.7485,420,200,red,0,4965.8,102579.0,23,68,30.2,3396.655629139073
KR_7993879423,KR,1766920805941,15.24.734.7485,420,100,blue,1,5608.0,114428.0,28,87,29.96666666666666,3818.509454949945
KR_7993879423,KR,1766920805941,15.24.734.7485,420,200,red,0,5222.2,84839.0,19,67,29.96666666666666,2831.1123470522807
KR_7993988876,KR,1766923180483,15.24.734.7485,420,100,blue,0,4677.2,85094.0,14,75,30.06666666666667,2830.1773835920176
KR_7993988876,KR,1766923180483,15.24.734.7485,420,200,red,1,5139.2,102559.0,29,63,30.06666666666667,3411.053215077605
KR_7994108790,KR,1766925512461,15.24.734.7485,420,100,blue,0,5194.0,43111.0,13,35,16.0,2694.4375
KR_7994108790,KR,1766925512461,15.24.734.7485,420,200,red,1,6040.4,57012.0,22,32,16.0,3563.25
KR_7994188031,KR,1766926912305,15.24.734.7485,420,100,blue,1,5075.6,121995.0,37,112,30.383333333333333,4015.1947339550193
KR_7994188031,KR,1766926912305,15.24.734.7485,420,200,red,0,5986.4,111057.0,32,69,30.383333333333333,3655.1947339550193
KR_7994806769,KR,1766944415493,15.24.734.7485,420,100,blue,0,5358.6,90557.0,15,66,31.8,2847.7044025157234
KR_7994806769,KR,1766944415493,15.24.734.7485,420,200,red,1,4942.6,108838.0,31,60,31.8,3422.578616352201
KR_7994838868,KR,1766946547158,15.24.734.7485,420,100,blue,1,5315.8,110592.0,32,69,31.0,3567.483870967742
KR_7994838868,KR,1766946547158,15.24.734.7485,420,200,red,0,5050.0,97031.0,26,59,31.0,3130.032258064516
KR_7995525819,KR,1766997411903,15.24.734.7485,420,100,blue,1,5499.0,46622.0,22,48,19.316666666666666,2413.563416738568
KR_7995525819,KR,1766997411903,15.24.734.7485,420,200,red,0,5358.2,40030.0,14,39,19.316666666666666,2072.3037100949095
KR_7995564821,KR,1766998919252,15.24.734.7485,420,100,blue,1,5406.2,99043.0,31,61,27.46666666666666,3605.9344660194183
KR_7995564821,KR,1766998919252,15.24.734.7485,420,200,red,0,5384.0,88989.0,24,62,27.46666666666666,3239.8907766990296
KR_7995845424,KR,1767007799784,15.24.734.7485,420,100,blue,1,6047.8,48854.0,23,39,16.366666666666667,2984.969450101833
KR_7995845424,KR,1767007799784,15.24.734.7485,420,200,red,0,5229.4,44468.0,13,32,16.366666666666667,2716.985743380855
KR_7995900476,KR,1767009268597,15.24.734.7485,420,100,blue,0,5275.8,157654.0,40,94,37.95,4154.25559947299
KR_7995900476,KR,1767009268597,15.24.734.7485,420,200,red,1,5664.6,172870.0,50,93,37.95,4555.204216073781
KR_7996018517,KR,1767012024974,15.24.734.7485,420,100,blue,0,4736.0,29125.0,5,30,16.05,1814.6417445482866
KR_7996018517,KR,1767012024974,15.24.734.7485,420,200,red,1,5543.8,36110.0,16,33,16.05,2249.8442367601247
KR_7996268439,KR,1767017454675,15.24.734.7485,420,100,blue,1,5526.2,116942.0,37,70,28.06666666666667,4166.579572446555
KR_7996268439,KR,1767017454675,15.24.734.7485,420,200,red,0,4991.0,87302.0,22,64,28.06666666666667,3110.522565320665
KR_7996357359,KR,1767019474481,15.24.734.7485,420,100,blue,0,6223.6,105730.0,39,57,26.516666666666662,3987.3035826524206
KR_7996357359,KR,1767019474481,15.24.734.7485,420,200,red,1,6396.8,113559.0,46,65,26.516666666666662,4282.551854179762
KR_7996395877,KR,1767020698837,15.24.734.7485,420,100,blue,0,5306.8,76121.0,21,58,26.833333333333332,2836.807453416149
KR_7996395877,KR,1767020698837,15.24.734.7485,420,200,red,1,5331.4,98394.0,41,60,26.833333333333332,3666.857142857143
KR_7996427443,KR,1767021355494,15.24.734.7485,420,100,blue,1,5895.8,136298.0,42,56,28.85,4724.367417677643
KR_7996427443,KR,1767021355494,15.24.734.7485,420,200,red,0,5861.0,97515.0,29,61,28.85,3380.069324090121
KR_7996496196,KR,1767023347197,15.24.734.7485,420,100,blue,1,5278.2,199972.0,59,78,40.65,4919.360393603936
KR_7996496196,KR,1767023347197,15.24.734.7485,420,200,red,0,5639.4,198751.0,39,114,40.65,4889.323493234932
KR_7996506822,KR,1767023940905,15.24.734.7485,420,100,blue,1,5682.4,94290.0,25,57,26.96666666666666,3496.5389369592094
KR_7996506822,KR,1767023940905,15.24.734.7485,420,200,red,0,5163.2,63972.0,15,57,26.96666666666666,2372.262051915946
KR_7996573051,KR,1767026039256,15.24.734.7485,420,100,blue,0,6129.0,101349.0,31,71,28.2,3593.9361702127662
KR_7996573051,KR,1767026039256,15.24.734.7485,420,200,red,1,5668.0,123441.0,41,80,28.2,4377.340425531915
KR_7996617112,KR,1767028023315,15.24.734.7485,420,100,blue,0,5856.0,121181.0,38,78,33.05,3666.59606656581
KR_7996617112,KR,1767028023315,15.24.734.7485,420,200,red,1,5668.2,138561.0,44,91,33.05,4192.465960665659
KR_7996663188,KR,1767030586380,15.24.734.7485,420,100,blue,1,5435.6,150660.0,46,53,31.85,4730.298273155416
KR_7996663188,KR,1767030586380,15.24.734.7485,420,200,red,0,5381.8,145180.0,38,80,31.85,4558.241758241758
KR_7996694610,KR,1767033097685,15.24.734.7485,420,100,blue,1,6475.0,145114.0,43,67,29.266666666666662,4958.337129840547
KR_7996694610,KR,1767033097685,15.24.734.7485,420,200,red,0,5260.4,89410.0,19,68,29.266666666666662,3055.0113895216405
KR_7996701058,KR,1767032857337,15.24.734.7485,420,100,blue,0,5349.0,168500.0,37,97,42.916666666666664,3926.21359223301
KR_7996701058,KR,1767032857337,15.24.734.7485,420,200,red,1,5583.0,198352.0,51,107,42.916666666666664,4621.794174757282
KR_7996719619,KR,1767035236670,15.24.734.7485,420,100,blue,0,5957.8,113810.0,39,66,31.21666666666666,3645.8088627869734
KR_7996719619,KR,1767035236670,15.24.734.7485,420,200,red,1,5213.2,124568.0,37,66,31.21666666666666,3990.4324612920454
KR_7997597265,KR,1767091626621,15.24.734.7485,420,100,blue,0,5103.4,75451.0,20,61,27.983333333333338,2696.2835020845737
KR_7997597265,KR,1767091626621,15.24.734.7485,420,200,red,1,5790.4,105957.0,44,88,27.983333333333338,3786.4324002382364
KR_7997663394,KR,1767093661250,15.24.734.7485,420,100,blue,1,5515.8,81659.0,29,56,24.983333333333334,3268.539026017345
KR_7997663394,KR,1767093661250,15.24.734.7485,420,200,red,0,5103.4,73519.0,25,45,24.983333333333334,2942.7218145430284
KR_7997721940,KR,1767095411502,15.24.734.7485,420,100,blue,1,5076.4,122309.0,30,73,29.9,4090.6020066889632
KR_7997721940,KR,1767095411502,15.24.734.7485,420,200,red,0,5394.8,116152.0,24,86,29.9,3884.682274247492
KR_7997839901,KR,1767098306016,15.24.734.7485,420,100,blue,0,5182.2,105571.0,26,71,28.75,3672.034782608696
KR_7997839901,KR,1767098306016,15.24.734.7485,420,200,red,1,5537.6,96894.0,28,88,28.75,3370.2260869565216
KR_7998047489,KR,1767102917510,15.24.734.7485,420,100,blue,1,5425.8,60276.0,23,54,21.8,2764.9541284403667
KR_7998047489,KR,1767102917510,15.24.734.7485,420,200,red,0,5046.4,55862.0,12,39,21.8,2562.4770642201834
KR_7998249038,KR,1767107565161,15.24.734.7485,420,100,blue,1,5384.4,96757.0,34,56,26.25,3685.980952380952
KR_7998249038,KR,1767107565161,15.24.734.7485,420,200,red,0,5336.0,67388.0,15,58,26.25,2567.1619047619047
KR_7998264602,KR,1767108189288,15.24.734.7485,420,100,blue,0,5303.2,131572.0,34,100,39.516666666666666,3329.5318431041756
KR_7998264602,KR,1767108189288,15.24.734.7485,420,200,red,1,5281.6,149662.0,35,91,39.516666666666666,3787.3133698861243
KR_7998301720,KR,1767109388848,15.24.734.7485,420,100,blue,1,5098.6,152240.0,37,79,33.53333333333333,4539.9602385685885
KR_7998301720,KR,1767109388848,15.24.734.7485,420,200,red,0,6071.0,161764.0,31,73,33.53333333333333,4823.976143141153
KR_7998347814,KR,1767110905175,15.24.734.7485,420,100,blue,0,5529.8,119175.0,34,80,30.31666666666667,3931.006047278724
KR_7998347814,KR,1767110905175,15.24.734.7485,420,200,red,1,5223.4,111649.0,34,77,30.31666666666667,3682.7597581088507
KR_7998382529,KR,1767111986620,15.24.734.7485,420,100,blue,0,5280.4,79372.0,19,65,27.05,2934.2698706099814
KR_7998382529,KR,1767111986620,15.24.734.7485,420,200,red,1,5732.2,122834.0,35,54,27.05,4540.998151571164
KR_7998431817,KR,1767114133230,15.24.734.7485,420,100,blue,1,5220.8,178021.0,34,92,39.266666666666666,4533.641765704584
KR_7998431817,KR,1767114133230,15.24.734.7485,420,200,red,0,5112.8,164771.0,34,91,39.266666666666666,4196.205432937182
KR_7998489640,KR,1767116901481,15.24.734.7485,420,100,blue,1,6000.6,108645.0,46,66,29.21666666666666,3718.5966913861957
KR_7998489640,KR,1767116901481,15.24.734.7485,420,200,red,0,5926.6,115408.0,26,60,29.21666666666666,3950.074158585283
KR_7998519895,KR,1767119093900,15.24.734.7485,420,100,blue,1,5825.6,124194.0,30,75,33.88333333333333,3665.3418593212004
KR_7998519895,KR,1767119093900,15.24.734.7485,420,200,red,0,5864.2,137349.0,35,85,33.88333333333333,4053.5858337432364
KR_7998544909,KR,1767121450235,15.24.734.7485,420,100,blue,0,4953.8,77446.0,16,57,26.46666666666666,2926.1712846347614
KR_7998544909,KR,1767121450235,15.24.734.7485,420,200,red,1,4790.0,84107.0,17,51,26.46666666666666,3177.8463476070533
KR_7998579052,KR,1767123471861,15.24.734.7485,420,100,blue,0,5229.8,96404.0,26,45,28.45,3388.5413005272408
KR_7998579052,KR,1767123471861,15.24.734.7485,420,200,red,1,6296.8,107038.0,34,56,28.45,3762.3198594024607
KR_7998590214,KR,1767125476661,15.24.734.7485,420,100,blue,1,5147.8,101408.0,32,54,28.95,3502.86701208981
KR_7998590214,KR,1767125476661,15.24.734.7485,420,200,red,0,5174.8,65344.0,17,61,28.95,2257.13298791019
KR_7999474841,KR,1767177537106,15.24.734.7485,420,100,blue,0,5997.4,172294.0,41,77,36.03333333333333,4781.517113783534
KR_7999474841,KR,1767177537106,15.24.734.7485,420,200,red,1,5353.4,162845.0,44,83,36.03333333333333,4519.287696577244
KR_7999556544,KR,1767180001324,15.24.734.7485,420,100,blue,1,5722.4,132117.0,35,72,28.733333333333338,4598.039443155451
KR_7999556544,KR,1767180001324,15.24.734.7485,420,200,red,0,5100.2,67138.0,17,75,28.733333333333338,2336.5893271461714
KR_7999614626,KR,1767181711464,15.24.734.7485,420,100,blue,1,5491.8,112603.0,41,74,32.13333333333333,3504.2427385892115
KR_7999614626,KR,1767181711464,15.24.734.7485,420,200,red,0,5561.8,115223.0,29,76,32.13333333333333,3585.778008298755
KR_7999691980,KR,1767183906926,15.24.734.7485,420,100,blue,1,5649.4,81862.0,31,75,28.1,2913.2384341637007
KR_7999691980,KR,1767183906926,15.24.734.7485,420,200,red,0,5489.0,69224.0,15,43,28.1,2463.487544483986
KR_7999776666,KR,1767185890458,15.24.734.7485,420,100,blue,0,4577.6,111985.0,16,83,33.68333333333333,3324.641266699654
KR_7999776666,KR,1767185890458,15.24.734.7485,420,200,red,1,5497.8,138633.0,43,74,33.68333333333333,4115.774369124197
KR_8002398963,KR,1767279986107,15.24.734.7485,420,100,blue,1,5711.8,211557.0,61,96,43.233333333333334,4893.37702390131
KR_8002398963,KR,1767279986107,15.24.734.7485,420,200,red,0,5626.8,195651.0,51,94,43.233333333333334,4525.466461063994
KR_8002770708,KR,1767295467004,15.24.734.7485,420,100,blue,1,5139.0,117640.0,30,78,34.63333333333333,3396.7276227141483
KR_8002770708,KR,1767295467004,15.24.734.7485,420,200,red,0,4808.6,63747.0,16,69,34.63333333333333,1840.6256015399422
KR_8004101581,KR,1767359640718,15.24.734.7485,420,100,blue,0,4723.0,115726.0,28,68,34.95,3311.187410586552
KR_8004101581,KR,1767359640718,15.24.734.7485,420,200,red,1,6305.2,156529.0,46,71,34.95,4478.65522174535
KR_8005460351,KR,1767421850638,15.24.734.7485,420,100,blue,0,5484.0,174397.0,45,108,40.85,4269.204406364749
KR_8005460351,KR,1767421850638,15.24.734.7485,420,200,red,1,5619.8,159651.0,34,87,40.85,3908.2252141982863
KR_8007738188,KR,1767505224360,15.24.734.7485,420,100,blue,1,5522.6,135399.0,53,70,30.53333333333334,4434.465065502182
KR_8007738188,KR,1767505224360,15.24.734.7485,420,200,red,0,5784.0,105847.0,29,64,30.53333333333334,3466.6048034934493
KR_8008115410,KR,1767515437444,15.24.734.7485,420,100,blue,0,5607.6,103015.0,30,67,29.96666666666666,3437.652947719689
KR_8008115410,KR,1767515437444,15.24.734.7485,420,200,red,1,5802.4,123872.0,47,60,29.96666666666666,4133.659621802003
KR_8008195621,KR,1767517622606,15.24.734.7485,420,100,blue,0,4902.2,83505.0,25,64,29.366666666666667,2843.5300794551645
KR_8008195621,KR,1767517622606,15.24.734.7485,420,200,red,1,5592.2,124917.0,44,73,29.366666666666667,4253.700340522134
KR_8008275475,KR,1767519662446,15.24.734.7485,420,100,blue,1,5123.8,136141.0,41,46,30.55,4456.333878887071
KR_8008275475,KR,1767519662446,15.24.734.7485,420,200,red,0,5109.2,85880.0,24,74,30.55,2811.1292962356792
KR_8011781334,KR,1767686312421,15.24.734.7485,420,100,blue,0,5484.4,116319.0,37,41,29.55,3936.3451776649745
KR_8011781334,KR,1767686312421,15.24.734.7485,420,200,red,1,5303.2,147352.0,47,64,29.55,4986.53130287648
KR_8013471714,KR,1767770110457,15.24.734.7485,420,100,blue,1,5487.2,107688.0,34,59,29.81666666666667,3611.6713247624366
KR_8013471714,KR,1767770110457,15.24.734.7485,420,200,red,0,5406.2,108110.0,31,56,29.81666666666667,3625.824482951369
KR_8013531403,KR,1767772278432,15.24.734.7485,420,100,blue,1,5474.4,32107.0,14,33,15.833333333333334,2027.8105263157895
KR_8013531403,KR,1767772278432,15.24.734.7485,420,200,red,0,5032.6,34736.0,9,26,15.833333333333334,2193.8526315789472
KR_8013559785,KR,1767773560872,15.24.734.7485,420,100,blue,0,4977.0,109347.0,26,59,26.43333333333333,4136.708701134931
KR_8013559785,KR,1767773560872,15.24.734.7485,420,200,red,1,5468.8,123416.0,44,48,26.43333333333333,4668.953341740227
KR_8013957390,KR,1767787172781,15.24.734.7485,420,100,blue,0,5648.8,194633.0,43,118,38.75,5022.787096774194
KR_8013957390,KR,1767787172781,15.24.734.7485,420,200,red,1,4994.0,149610.0,33,87,38.75,3860.9032258064517
KR_8014068609,KR,1767790012439,15.24.734.7485,420,100,blue,1,5684.8,37271.0,16,36,15.5,2404.5806451612902
KR_8014068609,KR,1767790012439,15.24.734.7485,420,200,red,0,5273.0,33214.0,12,35,15.5,2142.8387096774195
KR_8014120867,KR,1767791308458,15.24.734.7485,420,100,blue,0,5758.0,125208.0,34,86,35.31666666666667,3545.2949504483245
KR_8014120867,KR,1767791308458,15.24.734.7485,420,200,red,1,5313.4,146100.0,39,100,35.31666666666667,4136.857008022652
KR_8014231886,KR,1767793811622,15.24.734.7485,420,100,blue,1,5563.8,137837.0,49,82,28.46666666666666,4842.04918032787
KR_8014231886,KR,1767793811622,15.24.734.7485,420,200,red,0,5189.4,114056.0,25,60,28.46666666666666,4006.651053864169
KR_8014323442,KR,1767795803187,15.24.734.7485,420,100,blue,1,697.8,655.0,0,2,2.283333333333333,286.86131386861314
KR_8014323442,KR,1767795803187,15.24.734.7485,420,200,red,0,784.4,1641.0,1,2,2.283333333333333,718.6861313868613
KR_8014337506,KR,1767796197358,15.24.734.7485,420,100,blue,1,5953.6,98181.0,34,77,28.866666666666667,3401.189376443418
KR_8014337506,KR,1767796197358,15.24.734.7485,420,200,red,0,5382.8,92699.0,18,46,28.866666666666667,3211.281755196305
KR_8014976582,KR,1767843842423,16.1.734.5787,420,100,blue,0,4970.2,31146.0,8,39,15.8,1971.26582278481
KR_8014976582,KR,1767843842423,16.1.734.5787,420,200,red,1,6190.2,48095.0,17,42,15.8,3043.987341772152
KR_8015002428,KR,1767845157970,16.1.734.5787,420,100,blue,0,5997.6,113114.0,30,75,31.0,3648.8387096774195
KR_8015002428,KR,1767845157970,16.1.734.5787,420,200,red,1,6717.4,149208.0,46,60,31.0,4813.1612903225805
KR_8015046932,KR,1767847610185,16.1.734.5787,420,100,blue,0,5372.2,119031.0,27,107,32.38333333333333,3675.687081832218
KR_8015046932,KR,1767847610185,16.1.734.5787,420,200,red,1,5795.0,130500.0,42,100,32.38333333333333,4029.8507462686566
KR_8015103399,KR,1767849938506,16.1.734.5787,420,100,blue,0,4971.2,35438.0,9,27,15.533333333333335,2281.4163090128754
KR_8015103399,KR,1767849938506,16.1.734.5787,420,200,red,1,6681.0,52892.0,23,43,15.533333333333335,3405.064377682403
KR_8015152398,KR,1767851830884,16.1.734.5787,420,100,blue,1,5989.4,77037.0,28,54,21.733333333333334,3544.6472392638034
KR_8015152398,KR,1767851830884,16.1.734.5787,420,200,red,0,4857.8,60272.0,13,59,21.733333333333334,2773.251533742331
KR_8016056600,KR,1767881475261,16.1.734.5787,420,100,blue,1,5740.4,162995.0,53,84,36.35,4484.04401650619
KR_8016056600,KR,1767881475261,16.1.734.5787,420,200,red,0,5673.4,144794.0,41,101,36.35,3983.328748280605
KR_8016176654,KR,1767884256204,16.1.734.5787,420,100,blue,1,5432.4,133178.0,29,74,30.15,4417.180762852405
KR_8016176654,KR,1767884256204,16.1.734.5787,420,200,red,0,5412.4,119047.0,25,65,30.15,3948.4908789386404
KR_8016595365,KR,1767908639368,16.1.734.5787,420,100,blue,1,5495.0,92498.0,41,56,25.65,3606.1598440545813
KR_8016595365,KR,1767908639368,16.1.734.5787,420,200,red,0,5337.4,75623.0,21,48,25.65,2948.265107212476
KR_8016607351,KR,1767910763518,16.1.734.5787,420,100,blue,1,5904.2,111240.0,32,64,27.916666666666668,3984.7164179104475
KR_8016607351,KR,1767910763518,16.1.734.5787,420,200,red,0,5528.6,97443.0,29,69,27.916666666666668,3490.4955223880597
KR_8016618250,KR,1767912873568,16.1.734.5787,420,100,blue,1,5803.4,134410.0,45,74,31.083333333333332,4324.182305630027
KR_8016618250,KR,1767912873568,16.1.734.5787,420,200,red,0,5100.0,125853.0,29,56,31.083333333333332,4048.8900804289547
KR_8016817266,KR,1767930424562,16.1.737.1049,420,100,blue,1,5920.2,234187.0,66,110,42.416666666666664,5521.108055009823
KR_8016817266,KR,1767930424562,16.1.737.1049,420,200,red,0,5192.4,225086.0,35,87,42.416666666666664,5306.546168958743
KR_8016868333,KR,1767933257260,16.1.737.1049,420,100,blue,1,6246.0,94266.0,31,51,21.816666666666666,4320.825057295646
KR_8016868333,KR,1767933257260,16.1.737.1049,420,200,red,0,5485.6,68441.0,13,41,21.816666666666666,3137.0970206264324
KR_8016897730,KR,1767934891344,16.1.737.1049,420,100,blue,1,6299.8,57607.0,28,44,19.283333333333335,2987.3984442523765
KR_8016897730,KR,1767934891344,16.1.737.1049,420,200,red,0,5432.2,49029.0,12,43,19.283333333333335,2542.5583405358684
KR_8016930667,KR,1767936288506,16.1.737.1049,420,100,blue,0,5458.0,76146.0,17,79,27.233333333333338,2796.058751529987
KR_8016930667,KR,1767936288506,16.1.737.1049,420,200,red,1,5857.6,94112.0,31,57,27.233333333333338,3455.764993880048
KR_8016976724,KR,1767938248148,16.1.737.1049,420,100,blue,1,5344.8,108845.0,30,59,28.21666666666666,3857.471943295925
KR_8016976724,KR,1767938248148,16.1.737.1049,420,200,red,0,5312.0,69732.0,17,72,28.21666666666666,2471.305375073834
KR_8017029901,KR,1767940480958,16.1.737.1049,420,100,blue,0,5500.0,126460.0,25,112,34.416666666666664,3674.3825665859567
KR_8017029901,KR,1767940480958,16.1.737.1049,420,200,red,1,5774.6,159937.0,35,87,34.416666666666664,4647.0799031477
KR_8017068068,KR,1767941506299,16.1.737.1049,420,100,blue,1,5463.8,125216.0,34,68,30.6,4092.0261437908493
KR_8017068068,KR,1767941506299,16.1.737.1049,420,200,red,0,5426.0,125714.0,35,80,30.6,4108.300653594771
KR_8017093819,KR,1767942930695,16.1.737.1049,420,100,blue,0,5524.2,137563.0,30,83,30.78333333333334,4468.749323226853
KR_8017093819,KR,1767942930695,16.1.737.1049,420,200,red,1,5641.6,134752.0,37,69,30.78333333333334,4377.433676231726
KR_8017119644,KR,1767943733696,16.1.737.1049,420,100,blue,1,5667.0,29564.0,15,21,13.783333333333335,2144.909310761789
KR_8017119644,KR,1767943733696,16.1.737.1049,420,200,red,0,4188.8,27604.0,6,16,13.783333333333335,2002.7085852478838
KR_8017161047,KR,1767944921568,16.1.737.1049,420,100,blue,0,5832.2,138103.0,33,95,37.15,3717.442799461642
KR_8017161047,KR,1767944921568,16.1.737.1049,420,200,red,1,4865.4,169007.0,35,79,37.15,4549.313593539704
KR_8017163252,KR,1767945120752,16.1.737.1049,420,100,blue,1,5993.2,121852.0,28,80,34.083333333333336,3575.119804400978
KR_8017163252,KR,1767945120752,16.1.737.1049,420,200,red,0,5877.8,128930.0,35,95,34.083333333333336,3782.7872860635694
KR_8017186608,KR,1767946260845,16.1.737.1049,420,100,blue,0,6269.4,81715.0,28,67,26.75,3054.766355140187
KR_8017186608,KR,1767946260845,16.1.737.1049,420,200,red,1,6322.0,113072.0,37,74,26.75,4226.990654205608
KR_8017225447,KR,1767947470510,16.1.737.1049,420,100,blue,0,4744.8,156603.0,24,92,35.3,4436.345609065156
KR_8017225447,KR,1767947470510,16.1.737.1049,420,200,red,1,5882.4,178730.0,52,92,35.3,5063.172804532578
KR_8017324315,KR,1767951140948,16.1.737.1049,420,100,blue,1,6184.6,126794.0,36,71,28.416666666666668,4461.958944281525
KR_8017324315,KR,1767951140948,16.1.737.1049,420,200,red,0,5439.6,106206.0,21,50,28.416666666666668,3737.4545454545455
KR_8018304845,KR,1767974802612,16.1.737.1049,420,100,blue,0,6474.4,175624.0,54,91,35.9,4892.033426183844
KR_8018304845,KR,1767974802612,16.1.737.1049,420,200,red,1,5683.0,193383.0,43,103,35.9,5386.713091922005
KR_8018407386,KR,1767977540495,16.1.737.1049,420,100,blue,1,5861.6,122170.0,32,72,28.65,4264.2233856893545
KR_8018407386,KR,1767977540495,16.1.737.1049,420,200,red,0,5735.4,86236.0,23,78,28.65,3009.982547993019
KR_8018759173,KR,1768006749064,16.1.737.1049,420,100,blue,1,6176.8,108790.0,43,81,27.1,4014.391143911439
KR_8018759173,KR,1768006749064,16.1.737.1049,420,200,red,0,5068.2,87974.0,15,45,27.1,3246.2730627306273
KR_8018772917,KR,1768008701873,16.1.737.1049,420,100,blue,1,5616.8,73558.0,24,66,23.716666666666665,3101.5319747013355
KR_8018772917,KR,1768008701873,16.1.737.1049,420,200,red,0,5015.2,58053.0,16,66,23.716666666666665,2447.7723120168657
KR_8018805869,KR,1768010669592,16.1.737.1049,420,100,blue,0,5021.0,71878.0,15,49,24.35,2951.8685831622174
KR_8018805869,KR,1768010669592,16.1.737.1049,420,200,red,1,5938.8,102680.0,37,57,24.35,4216.837782340862
KR_8018844221,KR,1768012447028,16.1.737.1049,420,100,blue,1,5472.8,109987.0,33,118,33.75,3258.874074074074
KR_8018844221,KR,1768012447028,16.1.737.1049,420,200,red,0,6304.6,159293.0,44,75,33.75,4719.792592592593
KR_8019074730,KR,1768022585418,16.1.737.4870,420,100,blue,0,4796.4,82941.0,12,42,28.93333333333333,2866.624423963134
KR_8019074730,KR,1768022585418,16.1.737.4870,420,200,red,1,5770.8,129019.0,30,71,28.93333333333333,4459.18202764977
KR_8019150155,KR,1768024743416,16.1.737.4870,420,100,blue,0,4959.0,110844.0,28,64,33.18333333333333,3340.3515821195383
KR_8019150155,KR,1768024743416,16.1.737.4870,420,200,red,1,5192.4,123646.0,38,79,33.18333333333333,3726.1476644902064
KR_8019234377,KR,1768027294436,16.1.737.4870,420,100,blue,1,4910.8,113185.0,31,88,31.416666666666668,3602.705570291777
KR_8019234377,KR,1768027294436,16.1.737.4870,420,200,red,0,5326.6,91475.0,25,86,31.416666666666668,2911.6710875331564
KR_8019702307,KR,1768040405595,16.1.737.4870,420,100,blue,0,5359.4,48463.0,10,48,21.716666666666665,2231.6039907904837
KR_8019702307,KR,1768040405595,16.1.737.4870,420,200,red,1,5276.6,65015.0,23,57,21.716666666666665,2993.783576362241
KR_8019765189,KR,1768042023131,16.1.737.4870,420,100,blue,1,6339.8,42182.0,21,42,15.26666666666667,2763.013100436681
KR_8019765189,KR,1768042023131,16.1.737.4870,420,200,red,0,4780.4,32649.0,5,32,15.26666666666667,2138.5807860262007
KR_8019818685,KR,1768043504692,16.1.737.4870,420,100,blue,1,5944.6,160794.0,41,100,32.55,4939.907834101383
KR_8019818685,KR,1768043504692,16.1.737.4870,420,200,red,0,6097.8,104562.0,34,99,32.55,3212.350230414747
KR_8019923928,KR,1768046094878,16.1.737.4870,420,100,blue,0,4814.8,78003.0,15,64,26.28333333333334,2967.7742549143936
KR_8019923928,KR,1768046094878,16.1.737.4870,420,200,red,1,6198.6,86452.0,26,75,26.28333333333334,3289.232720355104
KR_8020020698,KR,1768048030902,16.1.737.4870,420,100,blue,1,5702.2,105029.0,24,68,29.05,3615.456110154905
KR_8020020698,KR,1768048030902,16.1.737.4870,420,200,red,0,5424.6,83365.0,20,88,29.05,2869.7074010327024
KR_8020092684,KR,1768049492875,16.1.737.4870,420,100,blue,0,4545.2,80506.0,16,87,29.866666666666667,2695.5133928571427
KR_8020092684,KR,1768049492875,16.1.737.4870,420,200,red,1,5440.8,100579.0,23,86,29.866666666666667,3367.6004464285716
KR_8020127244,KR,1768050025314,16.1.737.4870,420,100,blue,1,5676.4,116528.0,34,98,31.266666666666662,3726.9083155650324
KR_8020127244,KR,1768050025314,16.1.737.4870,420,200,red,0,5224.0,88751.0,18,81,31.266666666666662,2838.518123667378
KR_8020237805,KR,1768052377292,16.1.737.4870,420,100,blue,1,5811.0,94872.0,33,61,24.7,3840.9716599190283
KR_8020237805,KR,1768052377292,16.1.737.4870,420,200,red,0,5894.8,72763.0,17,54,24.7,2945.8704453441296
KR_8021293360,KR,1768102537244,16.1.737.4870,420,100,blue,1,5784.2,180309.0,54,86,39.4,4576.370558375635
KR_8021293360,KR,1768102537244,16.1.737.4870,420,200,red,0,5973.0,152292.0,48,105,39.4,3865.279187817259
KR_8021405943,KR,1768107253839,16.1.737.4870,420,100,blue,1,6270.4,73412.0,24,50,22.616666666666667,3245.924834193073
KR_8021405943,KR,1768107253839,16.1.737.4870,420,200,red,0,4919.4,62850.0,14,42,22.616666666666667,2778.9240972733974
KR_8021899371,KR,1768120332678,16.1.737.4870,420,100,blue,1,5668.2,119558.0,37,80,32.6,3667.4233128834353
KR_8021899371,KR,1768120332678,16.1.737.4870,420,200,red,0,5065.6,104244.0,20,79,32.6,3197.6687116564417
KR_8021978893,KR,1768122630600,16.1.737.4870,420,100,blue,0,4338.0,39150.0,6,38,20.05,1952.6184538653365
KR_8021978893,KR,1768122630600,16.1.737.4870,420,200,red,1,5533.0,67275.0,23,48,20.05,3355.361596009975
KR_8023596807,KR,1768191398167,16.1.737.4870,420,100,blue,0,5144.4,91606.0,21,68,28.68333333333333,3193.701336432307
KR_8023596807,KR,1768191398167,16.1.737.4870,420,200,red,1,5348.8,102793.0,33,85,28.68333333333333,3583.718768158048
KR_8023642250,KR,1768193408857,16.1.737.4870,420,100,blue,0,5781.0,146862.0,32,70,29.883333333333333,4914.511991076409
KR_8023642250,KR,1768193408857,16.1.737.4870,420,200,red,1,5534.4,125674.0,37,60,29.883333333333333,4205.488008923592
KR_8023710236,KR,1768196682833,16.1.737.4870,420,100,blue,1,5787.2,133484.0,43,63,32.31666666666667,4130.500257864878
KR_8023710236,KR,1768196682833,16.1.737.4870,420,200,red,0,6009.4,111493.0,25,85,32.31666666666667,3450.015471892728
KR_8023749965,KR,1768198948955,16.1.737.4870,420,100,blue,0,5210.8,147470.0,35,109,35.916666666666664,4105.893271461718
KR_8023749965,KR,1768198948955,16.1.737.4870,420,200,red,1,6094.0,154838.0,46,89,35.916666666666664,4311.034802784223
KR_8023857459,KR,1768203027803,16.1.737.4870,420,100,blue,1,5465.4,110111.0,36,87,29.833333333333332,3690.8715083798884
KR_8023857459,KR,1768203027803,16.1.737.4870,420,200,red,0,5837.4,103671.0,25,78,29.833333333333332,3475.005586592179
KR_8024106849,KR,1768212756924,16.1.737.4870,420,100,blue,0,5486.2,106540.0,31,69,29.7,3587.205387205387
KR_8024106849,KR,1768212756924,16.1.737.4870,420,200,red,1,5567.2,107499.0,33,71,29.7,3619.4949494949497
KR_8024188104,KR,1768214897452,16.1.737.4870,420,100,blue,1,6857.4,55225.0,31,30,15.383333333333331,3589.924160346696
KR_8024188104,KR,1768214897452,16.1.737.4870,420,200,red,0,5140.0,42797.0,10,31,15.383333333333331,2782.036836403034
KR_8024197371,KR,1768215392857,16.1.737.4870,420,100,blue,0,5400.4,51665.0,10,72,25.81666666666667,2001.2265978050352
KR_8024197371,KR,1768215392857,16.1.737.4870,420,200,red,1,5696.8,59380.0,19,44,25.81666666666667,2300.064557779212
KR_8024265795,KR,1768217253534,16.1.737.4870,420,100,blue,0,5742.2,92627.0,22,69,29.65,3124.0134907251268
KR_8024265795,KR,1768217253534,16.1.737.4870,420,200,red,1,6726.8,122813.0,43,63,29.65,4142.091062394604
KR_8024357508,KR,1768219447187,16.1.737.4870,420,100,blue,0,4791.6,57912.0,11,41,21.9,2644.383561643836
KR_8024357508,KR,1768219447187,16.1.737.4870,420,200,red,1,6028.8,95079.0,32,40,21.9,4341.506849315068
KR_8025317996,KR,1768267141085,16.1.737.4870,420,100,blue,0,4944.6,64476.0,11,68,27.616666666666667,2334.6771273385634
KR_8025317996,KR,1768267141085,16.1.737.4870,420,200,red,1,5963.6,87618.0,35,69,27.616666666666667,3172.649366324683
KR_8025406686,KR,1768273858146,16.1.737.4870,420,100,blue,0,5096.0,53906.0,10,44,21.683333333333334,2486.056879323597
KR_8025406686,KR,1768273858146,16.1.737.4870,420,200,red,1,5687.8,73195.0,26,49,21.683333333333334,3375.634127594158
KR_8025442165,KR,1768275643611,16.1.737.4870,420,100,blue,0,4640.2,29436.0,5,33,15.35,1917.6547231270358
KR_8025442165,KR,1768275643611,16.1.737.4870,420,200,red,1,6153.8,38521.0,19,38,15.35,2509.511400651466
KR_8025473150,KR,1768277511976,16.1.737.4870,420,100,blue,1,5448.4,199354.0,52,126,48.53333333333333,4107.568681318681
KR_8025473150,KR,1768277511976,16.1.737.4870,420,200,red,0,5150.8,181274.0,42,109,48.53333333333333,3735.041208791209
KR_8025563552,KR,1768282349117,16.1.737.4870,420,100,blue,1,5921.8,141642.0,37,65,28.68333333333333,4938.128994770483
KR_8025563552,KR,1768282349117,16.1.737.4870,420,200,red,0,4780.8,99016.0,14,78,28.68333333333333,3452.0395119116797
KR_8025610462,KR,1768284433809,16.1.737.4870,420,100,blue,1,7148.0,82558.0,33,42,19.616666666666667,4208.564146134239
KR_8025610462,KR,1768284433809,16.1.737.4870,420,200,red,0,5679.2,57335.0,13,39,19.616666666666667,2922.769753610875
KR_8025635669,KR,1768285579141,16.1.737.4870,420,100,blue,0,5203.0,124858.0,28,51,32.81666666666667,3804.713052310817
KR_8025635669,KR,1768285579141,16.1.737.4870,420,200,red,1,4870.8,149993.0,45,80,32.81666666666667,4570.634840020314
KR_8025642559,KR,1768285937902,16.1.737.4870,420,100,blue,0,5005.4,105181.0,16,81,32.483333333333334,3237.9989738327345
KR_8025642559,KR,1768285937902,16.1.737.4870,420,200,red,1,6032.8,151442.0,40,88,32.483333333333334,4662.144689584402
KR_8025706256,KR,1768288268206,16.1.737.4870,420,100,blue,0,5875.0,73777.0,21,55,25.75,2865.126213592233
KR_8025706256,KR,1768288268206,16.1.737.4870,420,200,red,1,5923.6,97651.0,31,71,25.75,3792.2718446601943
KR_8025755381,KR,1768290372598,16.1.737.4870,420,100,blue,0,5587.0,164115.0,36,77,33.25,4935.789473684211
KR_8025755381,KR,1768290372598,16.1.737.4870,420,200,red,1,6119.6,156430.0,50,71,33.25,4704.661654135339
KR_8025821061,KR,1768292872487,16.1.737.4870,420,100,blue,1,5600.4,110723.0,37,88,33.833333333333336,3272.600985221675
KR_8025821061,KR,1768292872487,16.1.737.4870,420,200,red,0,5105.8,132091.0,28,87,33.833333333333336,3904.1674876847287
KR_8025882132,KR,1768295264866,16.1.737.4870,420,100,blue,1,5841.8,43075.0,18,41,16.416666666666668,2623.8578680203045
KR_8025882132,KR,1768295264866,16.1.737.4870,420,200,red,0,5063.6,43446.0,5,34,16.416666666666668,2646.456852791878
KR_8025913231,KR,1768296535600,16.1.737.4870,420,100,blue,0,5899.6,127948.0,32,71,32.8,3900.8536585365855
KR_8025913231,KR,1768296535600,16.1.737.4870,420,200,red,1,5933.0,159098.0,39,98,32.8,4850.548780487806
KR_8025976312,KR,1768298807498,16.1.737.4870,420,100,blue,1,5784.8,99468.0,33,68,30.666666666666668,3243.5217391304345
KR_8025976312,KR,1768298807498,16.1.737.4870,420,200,red,0,5875.4,116073.0,38,107,30.666666666666668,3784.9891304347825
KR_8026001951,KR,1768300063496,16.1.737.4870,420,100,blue,0,4414.2,79529.0,9,67,27.43333333333333,2898.9914945322
KR_8026001951,KR,1768300063496,16.1.737.4870,420,200,red,1,6160.8,99809.0,37,58,27.43333333333333,3638.2381530984208
KR_8026041821,KR,1768301264816,16.1.737.4870,420,100,blue,1,6488.2,162587.0,48,71,31.9,5096.771159874608
KR_8026041821,KR,1768301264816,16.1.737.4870,420,200,red,0,5798.6,117195.0,34,75,31.9,3673.8244514106586
KR_8026064000,KR,1768302067959,16.1.737.4870,420,100,blue,0,5183.0,70223.0,24,52,28.483333333333338,2465.406670567583
KR_8026064000,KR,1768302067959,16.1.737.4870,420,200,red,1,5762.8,99221.0,33,62,28.483333333333338,3483.475716793446
KR_8026121685,KR,1768303583620,16.1.737.4870,420,100,blue,1,6904.0,42083.0,21,27,15.466666666666665,2720.8836206896553
KR_8026121685,KR,1768303583620,16.1.737.4870,420,200,red,0,5176.2,36003.0,7,36,15.466666666666665,2327.7801724137935
KR_8026177193,KR,1768304804460,16.1.737.4870,420,100,blue,0,5006.0,108002.0,19,94,29.333333333333332,3681.886363636364
KR_8026177193,KR,1768304804460,16.1.737.4870,420,200,red,1,6151.0,112481.0,31,74,29.333333333333332,3834.5795454545455
KR_8026248952,KR,1768306857979,16.1.737.4870,420,100,blue,1,5838.2,134050.0,35,120,35.666666666666664,3758.411214953271
KR_8026248952,KR,1768306857979,16.1.737.4870,420,200,red,0,5259.2,118148.0,20,112,35.666666666666664,3312.5607476635514
KR_8026293962,KR,1768307897032,16.1.737.4870,420,100,blue,0,4933.6,135500.0,27,47,29.71666666666666,4559.73079080202
KR_8026293962,KR,1768307897032,16.1.737.4870,420,200,red,1,5864.4,140262.0,40,52,29.71666666666666,4719.977565900169
KR_8026374580,KR,1768309546067,16.1.737.4870,420,100,blue,0,4913.0,44501.0,7,32,23.866666666666667,1864.567039106145
KR_8026374580,KR,1768309546067,16.1.737.4870,420,200,red,1,6008.0,80333.0,23,36,23.866666666666667,3365.90782122905
KR_8026395889,KR,1768310149354,16.1.737.4870,420,100,blue,1,5760.0,184473.0,43,120,38.9,4742.236503856041
KR_8026395889,KR,1768310149354,16.1.737.4870,420,200,red,0,5750.8,140743.0,39,92,38.9,3618.0719794344473
KR_8026461032,KR,1768311362409,16.1.737.4870,420,100,blue,1,5811.4,154553.0,46,86,36.2,4269.419889502762
KR_8026461032,KR,1768311362409,16.1.737.4870,420,200,red,0,5733.8,132307.0,33,100,36.2,3654.8895027624308
KR_8026592475,KR,1768314433298,16.1.737.4870,420,100,blue,1,5690.0,124523.0,34,69,32.5,3831.476923076923
KR_8026592475,KR,1768314433298,16.1.737.4870,420,200,red,0,5711.0,113588.0,30,80,32.5,3495.0153846153844
KR_8027360262,KR,1768366013060,16.1.737.4870,420,100,blue,0,5833.6,140629.0,35,87,33.05,4255.037821482602
KR_8027360262,KR,1768366013060,16.1.737.4870,420,200,red,1,5782.0,165451.0,44,84,33.05,5006.081694402421
KR_8027412063,KR,1768368324238,16.1.737.4870,420,100,blue,0,4999.2,56887.0,16,55,23.516666666666666,2419.0077958894403
KR_8027412063,KR,1768368324238,16.1.737.4870,420,200,red,1,6731.8,84714.0,30,72,23.516666666666666,3602.2962437987244
KR_8027439638,KR,1768370100217,16.1.737.4870,420,100,blue,1,5872.4,113759.0,35,65,27.4,4151.788321167884
KR_8027439638,KR,1768370100217,16.1.737.4870,420,200,red,0,5285.2,93653.0,23,67,27.4,3417.992700729927
KR_8027515449,KR,1768373308026,16.1.737.4870,420,100,blue,1,6772.0,52742.0,24,41,15.816666666666666,3334.5837723919917
KR_8027515449,KR,1768373308026,16.1.737.4870,420,200,red,0,5699.4,33870.0,13,33,15.816666666666666,2141.4120126448893
KR_8027545386,KR,1768374543069,16.1.737.4870,420,100,blue,0,5501.4,83763.0,13,80,29.666666666666668,2823.4719101123596
KR_8027545386,KR,1768374543069,16.1.737.4870,420,200,red,1,5930.8,103582.0,35,73,29.666666666666668,3491.5280898876404
KR_8027596040,KR,1768376578698,16.1.737.4870,420,100,blue,0,5076.4,29627.0,7,36,16.35,1812.0489296636083
KR_8027596040,KR,1768376578698,16.1.737.4870,420,200,red,1,6431.8,46720.0,25,38,16.35,2857.492354740061
KR_8027622612,KR,1768377859687,16.1.737.4870,420,100,blue,0,5242.4,29090.0,4,30,15.366666666666669,1893.0585683297177
KR_8027622612,KR,1768377859687,16.1.737.4870,420,200,red,1,6388.4,35335.0,16,36,15.366666666666669,2299.457700650759
KR_8027645912,KR,1768379043723,16.1.737.4870,420,100,blue,0,5294.6,64209.0,11,56,24.766666666666666,2592.5572005383583
KR_8027645912,KR,1768379043723,16.1.737.4870,420,200,red,1,6527.8,88644.0,42,65,24.766666666666666,3579.165545087483
KR_8027698119,KR,1768380785933,16.1.737.4870,420,100,blue,0,5400.6,44535.0,12,54,19.833333333333332,2245.46218487395
KR_8027698119,KR,1768380785933,16.1.737.4870,420,200,red,1,5452.4,63474.0,19,61,19.833333333333332,3200.36974789916
KR_8027797443,KR,1768384783519,16.1.737.4870,420,100,blue,1,5357.6,143224.0,28,104,34.75,4121.553956834532
KR_8027797443,KR,1768384783519,16.1.737.4870,420,200,red,0,5446.4,101399.0,19,88,34.75,2917.956834532374
